; Suite de GRABADO -- MDF Comercial 3.0mm -- lote L02
; Generado por laser_toolkit -- no editar a mano, regenerar desde el YAML de configuracion
G21 ; unidades en milimetros
G90 ; posicionamiento absoluto
M5 ; laser apagado por seguridad al iniciar
G0 X2.222 Y0.000 F3000
M4 S0
G1 X5.000 Y0.000 F1000 S0
G1 X10.000 Y0.000 F1000 S2000
G1 X12.778 Y0.000 F1000 S0
G0 X12.778 Y0.080 F3000
G1 X10.000 Y0.080 F1000 S0
G1 X5.000 Y0.080 F1000 S2000
G1 X2.222 Y0.080 F1000 S0
G0 X2.222 Y0.160 F3000
G1 X5.000 Y0.160 F1000 S0
G1 X10.000 Y0.160 F1000 S2000
G1 X12.778 Y0.160 F1000 S0
G0 X12.778 Y0.240 F3000
G1 X10.000 Y0.240 F1000 S0
G1 X5.000 Y0.240 F1000 S2000
G1 X2.222 Y0.240 F1000 S0
G0 X2.222 Y0.320 F3000
G1 X5.000 Y0.320 F1000 S0
G1 X10.000 Y0.320 F1000 S2000
G1 X12.778 Y0.320 F1000 S0
G0 X12.778 Y0.400 F3000
G1 X10.000 Y0.400 F1000 S0
G1 X5.000 Y0.400 F1000 S2000
G1 X2.222 Y0.400 F1000 S0
G0 X2.222 Y0.480 F3000
G1 X5.000 Y0.480 F1000 S0
G1 X10.000 Y0.480 F1000 S2000
G1 X12.778 Y0.480 F1000 S0
G0 X12.778 Y0.560 F3000
G1 X10.000 Y0.560 F1000 S0
G1 X5.000 Y0.560 F1000 S2000
G1 X2.222 Y0.560 F1000 S0
G0 X2.222 Y0.640 F3000
G1 X5.000 Y0.640 F1000 S0
G1 X10.000 Y0.640 F1000 S2000
G1 X12.778 Y0.640 F1000 S0
G0 X12.778 Y0.720 F3000
G1 X10.000 Y0.720 F1000 S0
G1 X5.000 Y0.720 F1000 S2000
G1 X2.222 Y0.720 F1000 S0
G0 X2.222 Y0.800 F3000
G1 X5.000 Y0.800 F1000 S0
G1 X10.000 Y0.800 F1000 S2000
G1 X12.778 Y0.800 F1000 S0
G0 X12.778 Y0.880 F3000
G1 X10.000 Y0.880 F1000 S0
G1 X5.000 Y0.880 F1000 S2000
G1 X2.222 Y0.880 F1000 S0
G0 X2.222 Y0.960 F3000
G1 X5.000 Y0.960 F1000 S0
G1 X10.000 Y0.960 F1000 S2000
G1 X12.778 Y0.960 F1000 S0
G0 X12.778 Y1.040 F3000
G1 X10.000 Y1.040 F1000 S0
G1 X5.000 Y1.040 F1000 S2000
G1 X2.222 Y1.040 F1000 S0
G0 X2.222 Y1.120 F3000
G1 X5.000 Y1.120 F1000 S0
G1 X10.000 Y1.120 F1000 S2000
G1 X12.778 Y1.120 F1000 S0
G0 X12.778 Y1.200 F3000
G1 X10.000 Y1.200 F1000 S0
G1 X5.000 Y1.200 F1000 S2000
G1 X2.222 Y1.200 F1000 S0
G0 X2.222 Y1.280 F3000
G1 X5.000 Y1.280 F1000 S0
G1 X10.000 Y1.280 F1000 S2000
G1 X12.778 Y1.280 F1000 S0
G0 X12.778 Y1.360 F3000
G1 X10.000 Y1.360 F1000 S0
G1 X5.000 Y1.360 F1000 S2000
G1 X2.222 Y1.360 F1000 S0
G0 X2.222 Y1.440 F3000
G1 X5.000 Y1.440 F1000 S0
G1 X10.000 Y1.440 F1000 S2000
G1 X12.778 Y1.440 F1000 S0
G0 X12.778 Y1.520 F3000
G1 X10.000 Y1.520 F1000 S0
G1 X5.000 Y1.520 F1000 S2000
G1 X2.222 Y1.520 F1000 S0
G0 X2.222 Y1.600 F3000
G1 X5.000 Y1.600 F1000 S0
G1 X10.000 Y1.600 F1000 S2000
G1 X12.778 Y1.600 F1000 S0
G0 X12.778 Y1.680 F3000
G1 X10.000 Y1.680 F1000 S0
G1 X5.000 Y1.680 F1000 S2000
G1 X2.222 Y1.680 F1000 S0
G0 X2.222 Y1.760 F3000
G1 X5.000 Y1.760 F1000 S0
G1 X10.000 Y1.760 F1000 S2000
G1 X12.778 Y1.760 F1000 S0
G0 X12.778 Y1.840 F3000
G1 X10.000 Y1.840 F1000 S0
G1 X5.000 Y1.840 F1000 S2000
G1 X2.222 Y1.840 F1000 S0
G0 X2.222 Y1.920 F3000
G1 X5.000 Y1.920 F1000 S0
G1 X10.000 Y1.920 F1000 S2000
G1 X12.778 Y1.920 F1000 S0
G0 X12.778 Y2.000 F3000
G1 X10.000 Y2.000 F1000 S0
G1 X5.000 Y2.000 F1000 S2000
G1 X2.222 Y2.000 F1000 S0
G0 X2.222 Y2.080 F3000
G1 X5.000 Y2.080 F1000 S0
G1 X10.000 Y2.080 F1000 S2000
G1 X12.778 Y2.080 F1000 S0
G0 X12.778 Y2.160 F3000
G1 X10.000 Y2.160 F1000 S0
G1 X5.000 Y2.160 F1000 S2000
G1 X2.222 Y2.160 F1000 S0
G0 X2.222 Y2.240 F3000
G1 X5.000 Y2.240 F1000 S0
G1 X10.000 Y2.240 F1000 S2000
G1 X12.778 Y2.240 F1000 S0
G0 X12.778 Y2.320 F3000
G1 X10.000 Y2.320 F1000 S0
G1 X5.000 Y2.320 F1000 S2000
G1 X2.222 Y2.320 F1000 S0
G0 X2.222 Y2.400 F3000
G1 X5.000 Y2.400 F1000 S0
G1 X10.000 Y2.400 F1000 S2000
G1 X12.778 Y2.400 F1000 S0
G0 X12.778 Y2.480 F3000
G1 X10.000 Y2.480 F1000 S0
G1 X5.000 Y2.480 F1000 S2000
G1 X2.222 Y2.480 F1000 S0
G0 X2.222 Y2.560 F3000
G1 X5.000 Y2.560 F1000 S0
G1 X10.000 Y2.560 F1000 S2000
G1 X12.778 Y2.560 F1000 S0
G0 X12.778 Y2.640 F3000
G1 X10.000 Y2.640 F1000 S0
G1 X5.000 Y2.640 F1000 S2000
G1 X2.222 Y2.640 F1000 S0
G0 X2.222 Y2.720 F3000
G1 X5.000 Y2.720 F1000 S0
G1 X10.000 Y2.720 F1000 S2000
G1 X12.778 Y2.720 F1000 S0
G0 X12.778 Y2.800 F3000
G1 X10.000 Y2.800 F1000 S0
G1 X5.000 Y2.800 F1000 S2000
G1 X2.222 Y2.800 F1000 S0
G0 X2.222 Y2.880 F3000
G1 X5.000 Y2.880 F1000 S0
G1 X10.000 Y2.880 F1000 S2000
G1 X12.778 Y2.880 F1000 S0
G0 X12.778 Y2.960 F3000
G1 X10.000 Y2.960 F1000 S0
G1 X5.000 Y2.960 F1000 S2000
G1 X2.222 Y2.960 F1000 S0
G0 X2.222 Y3.040 F3000
G1 X5.000 Y3.040 F1000 S0
G1 X10.000 Y3.040 F1000 S2000
G1 X12.778 Y3.040 F1000 S0
G0 X12.778 Y3.120 F3000
G1 X10.000 Y3.120 F1000 S0
G1 X5.000 Y3.120 F1000 S2000
G1 X2.222 Y3.120 F1000 S0
G0 X2.222 Y3.200 F3000
G1 X5.000 Y3.200 F1000 S0
G1 X10.000 Y3.200 F1000 S2000
G1 X12.778 Y3.200 F1000 S0
G0 X12.778 Y3.280 F3000
G1 X10.000 Y3.280 F1000 S0
G1 X5.000 Y3.280 F1000 S2000
G1 X2.222 Y3.280 F1000 S0
G0 X2.222 Y3.360 F3000
G1 X5.000 Y3.360 F1000 S0
G1 X10.000 Y3.360 F1000 S2000
G1 X12.778 Y3.360 F1000 S0
G0 X12.778 Y3.440 F3000
G1 X10.000 Y3.440 F1000 S0
G1 X5.000 Y3.440 F1000 S2000
G1 X2.222 Y3.440 F1000 S0
G0 X2.222 Y3.520 F3000
G1 X5.000 Y3.520 F1000 S0
G1 X10.000 Y3.520 F1000 S2000
G1 X12.778 Y3.520 F1000 S0
G0 X12.778 Y3.600 F3000
G1 X10.000 Y3.600 F1000 S0
G1 X5.000 Y3.600 F1000 S2000
G1 X2.222 Y3.600 F1000 S0
G0 X2.222 Y3.680 F3000
G1 X5.000 Y3.680 F1000 S0
G1 X10.000 Y3.680 F1000 S2000
G1 X12.778 Y3.680 F1000 S0
G0 X12.778 Y3.760 F3000
G1 X10.000 Y3.760 F1000 S0
G1 X5.000 Y3.760 F1000 S2000
G1 X2.222 Y3.760 F1000 S0
G0 X2.222 Y3.840 F3000
G1 X5.000 Y3.840 F1000 S0
G1 X10.000 Y3.840 F1000 S2000
G1 X12.778 Y3.840 F1000 S0
G0 X12.778 Y3.920 F3000
G1 X10.000 Y3.920 F1000 S0
G1 X5.000 Y3.920 F1000 S2000
G1 X2.222 Y3.920 F1000 S0
G0 X2.222 Y4.000 F3000
G1 X5.000 Y4.000 F1000 S0
G1 X10.000 Y4.000 F1000 S2000
G1 X12.778 Y4.000 F1000 S0
G0 X12.778 Y4.080 F3000
G1 X10.000 Y4.080 F1000 S0
G1 X5.000 Y4.080 F1000 S2000
G1 X2.222 Y4.080 F1000 S0
G0 X2.222 Y4.160 F3000
G1 X5.000 Y4.160 F1000 S0
G1 X10.000 Y4.160 F1000 S2000
G1 X12.778 Y4.160 F1000 S0
G0 X12.778 Y4.240 F3000
G1 X10.000 Y4.240 F1000 S0
G1 X5.000 Y4.240 F1000 S2000
G1 X2.222 Y4.240 F1000 S0
G0 X2.222 Y4.320 F3000
G1 X5.000 Y4.320 F1000 S0
G1 X10.000 Y4.320 F1000 S2000
G1 X12.778 Y4.320 F1000 S0
G0 X12.778 Y4.400 F3000
G1 X10.000 Y4.400 F1000 S0
G1 X5.000 Y4.400 F1000 S2000
G1 X2.222 Y4.400 F1000 S0
G0 X2.222 Y4.480 F3000
G1 X5.000 Y4.480 F1000 S0
G1 X10.000 Y4.480 F1000 S2000
G1 X12.778 Y4.480 F1000 S0
G0 X12.778 Y4.560 F3000
G1 X10.000 Y4.560 F1000 S0
G1 X5.000 Y4.560 F1000 S2000
G1 X2.222 Y4.560 F1000 S0
G0 X2.222 Y4.640 F3000
G1 X5.000 Y4.640 F1000 S0
G1 X10.000 Y4.640 F1000 S2000
G1 X12.778 Y4.640 F1000 S0
G0 X12.778 Y4.720 F3000
G1 X10.000 Y4.720 F1000 S0
G1 X5.000 Y4.720 F1000 S2000
G1 X2.222 Y4.720 F1000 S0
G0 X2.222 Y4.800 F3000
G1 X5.000 Y4.800 F1000 S0
G1 X10.000 Y4.800 F1000 S2000
G1 X12.778 Y4.800 F1000 S0
G0 X12.778 Y4.880 F3000
G1 X10.000 Y4.880 F1000 S0
G1 X5.000 Y4.880 F1000 S2000
G1 X2.222 Y4.880 F1000 S0
G0 X2.222 Y4.960 F3000
G1 X5.000 Y4.960 F1000 S0
G1 X10.000 Y4.960 F1000 S2000
G1 X12.778 Y4.960 F1000 S0
M5
G0 X5.000 Y7.700 F3000
M4 S2000
G1 X5.648 Y7.700 F1500
M5
G0 X5.000 Y7.700 F3000
M4 S2000
G1 X5.000 Y7.160 F1500
M5
G0 X5.000 Y7.160 F3000
M4 S2000
G1 X5.000 Y6.620 F1500
M5
G0 X5.000 Y6.620 F3000
M4 S2000
G1 X5.648 Y6.620 F1500
M5
G0 X5.648 Y7.160 F3000
M4 S2000
G1 X5.648 Y6.620 F1500
M5
G0 X5.000 Y7.160 F3000
M4 S2000
G1 X5.648 Y7.160 F1500
M5
G0 X5.864 Y7.160 F3000
M4 S2000
G1 X6.512 Y7.160 F1500
M5
G0 X6.728 Y7.700 F3000
M4 S2000
G1 X7.376 Y7.700 F1500
M5
G0 X7.376 Y7.700 F3000
M4 S2000
G1 X7.376 Y7.160 F1500
M5
G0 X7.376 Y7.160 F3000
M4 S2000
G1 X7.376 Y6.620 F1500
M5
G0 X6.728 Y6.620 F3000
M4 S2000
G1 X7.376 Y6.620 F1500
M5
G0 X6.728 Y7.160 F3000
M4 S2000
G1 X6.728 Y6.620 F1500
M5
G0 X6.728 Y7.700 F3000
M4 S2000
G1 X6.728 Y7.160 F1500
M5
G0 X7.592 Y7.700 F3000
M4 S2000
G1 X8.240 Y7.700 F1500
M5
G0 X8.240 Y7.700 F3000
M4 S2000
G1 X8.240 Y7.160 F1500
M5
G0 X8.240 Y7.160 F3000
M4 S2000
G1 X8.240 Y6.620 F1500
M5
G0 X7.592 Y6.620 F3000
M4 S2000
G1 X8.240 Y6.620 F1500
M5
G0 X7.592 Y7.160 F3000
M4 S2000
G1 X7.592 Y6.620 F1500
M5
G0 X7.592 Y7.700 F3000
M4 S2000
G1 X7.592 Y7.160 F1500
M5
G0 X9.104 Y7.700 F3000
M4 S2000
G1 X9.104 Y7.160 F1500
M5
G0 X9.104 Y7.160 F3000
M4 S2000
G1 X9.104 Y6.620 F1500
M5
G0 X8.660 Y0.000 F3000
M4 S0
G1 X13.000 Y0.000 F1250 S0
G1 X18.000 Y0.000 F1250 S2000
G1 X22.340 Y0.000 F1250 S0
G0 X22.340 Y0.080 F3000
G1 X18.000 Y0.080 F1250 S0
G1 X13.000 Y0.080 F1250 S2000
G1 X8.660 Y0.080 F1250 S0
G0 X8.660 Y0.160 F3000
G1 X13.000 Y0.160 F1250 S0
G1 X18.000 Y0.160 F1250 S2000
G1 X22.340 Y0.160 F1250 S0
G0 X22.340 Y0.240 F3000
G1 X18.000 Y0.240 F1250 S0
G1 X13.000 Y0.240 F1250 S2000
G1 X8.660 Y0.240 F1250 S0
G0 X8.660 Y0.320 F3000
G1 X13.000 Y0.320 F1250 S0
G1 X18.000 Y0.320 F1250 S2000
G1 X22.340 Y0.320 F1250 S0
G0 X22.340 Y0.400 F3000
G1 X18.000 Y0.400 F1250 S0
G1 X13.000 Y0.400 F1250 S2000
G1 X8.660 Y0.400 F1250 S0
G0 X8.660 Y0.480 F3000
G1 X13.000 Y0.480 F1250 S0
G1 X18.000 Y0.480 F1250 S2000
G1 X22.340 Y0.480 F1250 S0
G0 X22.340 Y0.560 F3000
G1 X18.000 Y0.560 F1250 S0
G1 X13.000 Y0.560 F1250 S2000
G1 X8.660 Y0.560 F1250 S0
G0 X8.660 Y0.640 F3000
G1 X13.000 Y0.640 F1250 S0
G1 X18.000 Y0.640 F1250 S2000
G1 X22.340 Y0.640 F1250 S0
G0 X22.340 Y0.720 F3000
G1 X18.000 Y0.720 F1250 S0
G1 X13.000 Y0.720 F1250 S2000
G1 X8.660 Y0.720 F1250 S0
G0 X8.660 Y0.800 F3000
G1 X13.000 Y0.800 F1250 S0
G1 X18.000 Y0.800 F1250 S2000
G1 X22.340 Y0.800 F1250 S0
G0 X22.340 Y0.880 F3000
G1 X18.000 Y0.880 F1250 S0
G1 X13.000 Y0.880 F1250 S2000
G1 X8.660 Y0.880 F1250 S0
G0 X8.660 Y0.960 F3000
G1 X13.000 Y0.960 F1250 S0
G1 X18.000 Y0.960 F1250 S2000
G1 X22.340 Y0.960 F1250 S0
G0 X22.340 Y1.040 F3000
G1 X18.000 Y1.040 F1250 S0
G1 X13.000 Y1.040 F1250 S2000
G1 X8.660 Y1.040 F1250 S0
G0 X8.660 Y1.120 F3000
G1 X13.000 Y1.120 F1250 S0
G1 X18.000 Y1.120 F1250 S2000
G1 X22.340 Y1.120 F1250 S0
G0 X22.340 Y1.200 F3000
G1 X18.000 Y1.200 F1250 S0
G1 X13.000 Y1.200 F1250 S2000
G1 X8.660 Y1.200 F1250 S0
G0 X8.660 Y1.280 F3000
G1 X13.000 Y1.280 F1250 S0
G1 X18.000 Y1.280 F1250 S2000
G1 X22.340 Y1.280 F1250 S0
G0 X22.340 Y1.360 F3000
G1 X18.000 Y1.360 F1250 S0
G1 X13.000 Y1.360 F1250 S2000
G1 X8.660 Y1.360 F1250 S0
G0 X8.660 Y1.440 F3000
G1 X13.000 Y1.440 F1250 S0
G1 X18.000 Y1.440 F1250 S2000
G1 X22.340 Y1.440 F1250 S0
G0 X22.340 Y1.520 F3000
G1 X18.000 Y1.520 F1250 S0
G1 X13.000 Y1.520 F1250 S2000
G1 X8.660 Y1.520 F1250 S0
G0 X8.660 Y1.600 F3000
G1 X13.000 Y1.600 F1250 S0
G1 X18.000 Y1.600 F1250 S2000
G1 X22.340 Y1.600 F1250 S0
G0 X22.340 Y1.680 F3000
G1 X18.000 Y1.680 F1250 S0
G1 X13.000 Y1.680 F1250 S2000
G1 X8.660 Y1.680 F1250 S0
G0 X8.660 Y1.760 F3000
G1 X13.000 Y1.760 F1250 S0
G1 X18.000 Y1.760 F1250 S2000
G1 X22.340 Y1.760 F1250 S0
G0 X22.340 Y1.840 F3000
G1 X18.000 Y1.840 F1250 S0
G1 X13.000 Y1.840 F1250 S2000
G1 X8.660 Y1.840 F1250 S0
G0 X8.660 Y1.920 F3000
G1 X13.000 Y1.920 F1250 S0
G1 X18.000 Y1.920 F1250 S2000
G1 X22.340 Y1.920 F1250 S0
G0 X22.340 Y2.000 F3000
G1 X18.000 Y2.000 F1250 S0
G1 X13.000 Y2.000 F1250 S2000
G1 X8.660 Y2.000 F1250 S0
G0 X8.660 Y2.080 F3000
G1 X13.000 Y2.080 F1250 S0
G1 X18.000 Y2.080 F1250 S2000
G1 X22.340 Y2.080 F1250 S0
G0 X22.340 Y2.160 F3000
G1 X18.000 Y2.160 F1250 S0
G1 X13.000 Y2.160 F1250 S2000
G1 X8.660 Y2.160 F1250 S0
G0 X8.660 Y2.240 F3000
G1 X13.000 Y2.240 F1250 S0
G1 X18.000 Y2.240 F1250 S2000
G1 X22.340 Y2.240 F1250 S0
G0 X22.340 Y2.320 F3000
G1 X18.000 Y2.320 F1250 S0
G1 X13.000 Y2.320 F1250 S2000
G1 X8.660 Y2.320 F1250 S0
G0 X8.660 Y2.400 F3000
G1 X13.000 Y2.400 F1250 S0
G1 X18.000 Y2.400 F1250 S2000
G1 X22.340 Y2.400 F1250 S0
G0 X22.340 Y2.480 F3000
G1 X18.000 Y2.480 F1250 S0
G1 X13.000 Y2.480 F1250 S2000
G1 X8.660 Y2.480 F1250 S0
G0 X8.660 Y2.560 F3000
G1 X13.000 Y2.560 F1250 S0
G1 X18.000 Y2.560 F1250 S2000
G1 X22.340 Y2.560 F1250 S0
G0 X22.340 Y2.640 F3000
G1 X18.000 Y2.640 F1250 S0
G1 X13.000 Y2.640 F1250 S2000
G1 X8.660 Y2.640 F1250 S0
G0 X8.660 Y2.720 F3000
G1 X13.000 Y2.720 F1250 S0
G1 X18.000 Y2.720 F1250 S2000
G1 X22.340 Y2.720 F1250 S0
G0 X22.340 Y2.800 F3000
G1 X18.000 Y2.800 F1250 S0
G1 X13.000 Y2.800 F1250 S2000
G1 X8.660 Y2.800 F1250 S0
G0 X8.660 Y2.880 F3000
G1 X13.000 Y2.880 F1250 S0
G1 X18.000 Y2.880 F1250 S2000
G1 X22.340 Y2.880 F1250 S0
G0 X22.340 Y2.960 F3000
G1 X18.000 Y2.960 F1250 S0
G1 X13.000 Y2.960 F1250 S2000
G1 X8.660 Y2.960 F1250 S0
G0 X8.660 Y3.040 F3000
G1 X13.000 Y3.040 F1250 S0
G1 X18.000 Y3.040 F1250 S2000
G1 X22.340 Y3.040 F1250 S0
G0 X22.340 Y3.120 F3000
G1 X18.000 Y3.120 F1250 S0
G1 X13.000 Y3.120 F1250 S2000
G1 X8.660 Y3.120 F1250 S0
G0 X8.660 Y3.200 F3000
G1 X13.000 Y3.200 F1250 S0
G1 X18.000 Y3.200 F1250 S2000
G1 X22.340 Y3.200 F1250 S0
G0 X22.340 Y3.280 F3000
G1 X18.000 Y3.280 F1250 S0
G1 X13.000 Y3.280 F1250 S2000
G1 X8.660 Y3.280 F1250 S0
G0 X8.660 Y3.360 F3000
G1 X13.000 Y3.360 F1250 S0
G1 X18.000 Y3.360 F1250 S2000
G1 X22.340 Y3.360 F1250 S0
G0 X22.340 Y3.440 F3000
G1 X18.000 Y3.440 F1250 S0
G1 X13.000 Y3.440 F1250 S2000
G1 X8.660 Y3.440 F1250 S0
G0 X8.660 Y3.520 F3000
G1 X13.000 Y3.520 F1250 S0
G1 X18.000 Y3.520 F1250 S2000
G1 X22.340 Y3.520 F1250 S0
G0 X22.340 Y3.600 F3000
G1 X18.000 Y3.600 F1250 S0
G1 X13.000 Y3.600 F1250 S2000
G1 X8.660 Y3.600 F1250 S0
G0 X8.660 Y3.680 F3000
G1 X13.000 Y3.680 F1250 S0
G1 X18.000 Y3.680 F1250 S2000
G1 X22.340 Y3.680 F1250 S0
G0 X22.340 Y3.760 F3000
G1 X18.000 Y3.760 F1250 S0
G1 X13.000 Y3.760 F1250 S2000
G1 X8.660 Y3.760 F1250 S0
G0 X8.660 Y3.840 F3000
G1 X13.000 Y3.840 F1250 S0
G1 X18.000 Y3.840 F1250 S2000
G1 X22.340 Y3.840 F1250 S0
G0 X22.340 Y3.920 F3000
G1 X18.000 Y3.920 F1250 S0
G1 X13.000 Y3.920 F1250 S2000
G1 X8.660 Y3.920 F1250 S0
G0 X8.660 Y4.000 F3000
G1 X13.000 Y4.000 F1250 S0
G1 X18.000 Y4.000 F1250 S2000
G1 X22.340 Y4.000 F1250 S0
G0 X22.340 Y4.080 F3000
G1 X18.000 Y4.080 F1250 S0
G1 X13.000 Y4.080 F1250 S2000
G1 X8.660 Y4.080 F1250 S0
G0 X8.660 Y4.160 F3000
G1 X13.000 Y4.160 F1250 S0
G1 X18.000 Y4.160 F1250 S2000
G1 X22.340 Y4.160 F1250 S0
G0 X22.340 Y4.240 F3000
G1 X18.000 Y4.240 F1250 S0
G1 X13.000 Y4.240 F1250 S2000
G1 X8.660 Y4.240 F1250 S0
G0 X8.660 Y4.320 F3000
G1 X13.000 Y4.320 F1250 S0
G1 X18.000 Y4.320 F1250 S2000
G1 X22.340 Y4.320 F1250 S0
G0 X22.340 Y4.400 F3000
G1 X18.000 Y4.400 F1250 S0
G1 X13.000 Y4.400 F1250 S2000
G1 X8.660 Y4.400 F1250 S0
G0 X8.660 Y4.480 F3000
G1 X13.000 Y4.480 F1250 S0
G1 X18.000 Y4.480 F1250 S2000
G1 X22.340 Y4.480 F1250 S0
G0 X22.340 Y4.560 F3000
G1 X18.000 Y4.560 F1250 S0
G1 X13.000 Y4.560 F1250 S2000
G1 X8.660 Y4.560 F1250 S0
G0 X8.660 Y4.640 F3000
G1 X13.000 Y4.640 F1250 S0
G1 X18.000 Y4.640 F1250 S2000
G1 X22.340 Y4.640 F1250 S0
G0 X22.340 Y4.720 F3000
G1 X18.000 Y4.720 F1250 S0
G1 X13.000 Y4.720 F1250 S2000
G1 X8.660 Y4.720 F1250 S0
G0 X8.660 Y4.800 F3000
G1 X13.000 Y4.800 F1250 S0
G1 X18.000 Y4.800 F1250 S2000
G1 X22.340 Y4.800 F1250 S0
G0 X22.340 Y4.880 F3000
G1 X18.000 Y4.880 F1250 S0
G1 X13.000 Y4.880 F1250 S2000
G1 X8.660 Y4.880 F1250 S0
G0 X8.660 Y4.960 F3000
G1 X13.000 Y4.960 F1250 S0
G1 X18.000 Y4.960 F1250 S2000
G1 X22.340 Y4.960 F1250 S0
M5
G0 X13.000 Y7.700 F3000
M4 S2000
G1 X13.648 Y7.700 F1500
M5
G0 X13.000 Y7.700 F3000
M4 S2000
G1 X13.000 Y7.160 F1500
M5
G0 X13.000 Y7.160 F3000
M4 S2000
G1 X13.000 Y6.620 F1500
M5
G0 X13.000 Y6.620 F3000
M4 S2000
G1 X13.648 Y6.620 F1500
M5
G0 X13.648 Y7.160 F3000
M4 S2000
G1 X13.648 Y6.620 F1500
M5
G0 X13.000 Y7.160 F3000
M4 S2000
G1 X13.648 Y7.160 F1500
M5
G0 X13.864 Y7.160 F3000
M4 S2000
G1 X14.512 Y7.160 F1500
M5
G0 X14.728 Y7.700 F3000
M4 S2000
G1 X15.376 Y7.700 F1500
M5
G0 X15.376 Y7.700 F3000
M4 S2000
G1 X15.376 Y7.160 F1500
M5
G0 X15.376 Y7.160 F3000
M4 S2000
G1 X15.376 Y6.620 F1500
M5
G0 X14.728 Y6.620 F3000
M4 S2000
G1 X15.376 Y6.620 F1500
M5
G0 X14.728 Y7.160 F3000
M4 S2000
G1 X14.728 Y6.620 F1500
M5
G0 X14.728 Y7.700 F3000
M4 S2000
G1 X14.728 Y7.160 F1500
M5
G0 X15.592 Y7.700 F3000
M4 S2000
G1 X16.240 Y7.700 F1500
M5
G0 X16.240 Y7.700 F3000
M4 S2000
G1 X16.240 Y7.160 F1500
M5
G0 X16.240 Y7.160 F3000
M4 S2000
G1 X16.240 Y6.620 F1500
M5
G0 X15.592 Y6.620 F3000
M4 S2000
G1 X16.240 Y6.620 F1500
M5
G0 X15.592 Y7.160 F3000
M4 S2000
G1 X15.592 Y6.620 F1500
M5
G0 X15.592 Y7.700 F3000
M4 S2000
G1 X15.592 Y7.160 F1500
M5
G0 X16.456 Y7.700 F3000
M4 S2000
G1 X17.104 Y7.700 F1500
M5
G0 X17.104 Y7.700 F3000
M4 S2000
G1 X17.104 Y7.160 F1500
M5
G0 X16.456 Y7.160 F3000
M4 S2000
G1 X17.104 Y7.160 F1500
M5
G0 X16.456 Y7.160 F3000
M4 S2000
G1 X16.456 Y6.620 F1500
M5
G0 X16.456 Y6.620 F3000
M4 S2000
G1 X17.104 Y6.620 F1500
M5
G0 X16.000 Y0.000 F3000
M4 S0
G1 X21.000 Y0.000 F1500 S0
G1 X26.000 Y0.000 F1500 S2000
G1 X31.000 Y0.000 F1500 S0
G0 X31.000 Y0.080 F3000
G1 X26.000 Y0.080 F1500 S0
G1 X21.000 Y0.080 F1500 S2000
G1 X16.000 Y0.080 F1500 S0
G0 X16.000 Y0.160 F3000
G1 X21.000 Y0.160 F1500 S0
G1 X26.000 Y0.160 F1500 S2000
G1 X31.000 Y0.160 F1500 S0
G0 X31.000 Y0.240 F3000
G1 X26.000 Y0.240 F1500 S0
G1 X21.000 Y0.240 F1500 S2000
G1 X16.000 Y0.240 F1500 S0
G0 X16.000 Y0.320 F3000
G1 X21.000 Y0.320 F1500 S0
G1 X26.000 Y0.320 F1500 S2000
G1 X31.000 Y0.320 F1500 S0
G0 X31.000 Y0.400 F3000
G1 X26.000 Y0.400 F1500 S0
G1 X21.000 Y0.400 F1500 S2000
G1 X16.000 Y0.400 F1500 S0
G0 X16.000 Y0.480 F3000
G1 X21.000 Y0.480 F1500 S0
G1 X26.000 Y0.480 F1500 S2000
G1 X31.000 Y0.480 F1500 S0
G0 X31.000 Y0.560 F3000
G1 X26.000 Y0.560 F1500 S0
G1 X21.000 Y0.560 F1500 S2000
G1 X16.000 Y0.560 F1500 S0
G0 X16.000 Y0.640 F3000
G1 X21.000 Y0.640 F1500 S0
G1 X26.000 Y0.640 F1500 S2000
G1 X31.000 Y0.640 F1500 S0
G0 X31.000 Y0.720 F3000
G1 X26.000 Y0.720 F1500 S0
G1 X21.000 Y0.720 F1500 S2000
G1 X16.000 Y0.720 F1500 S0
G0 X16.000 Y0.800 F3000
G1 X21.000 Y0.800 F1500 S0
G1 X26.000 Y0.800 F1500 S2000
G1 X31.000 Y0.800 F1500 S0
G0 X31.000 Y0.880 F3000
G1 X26.000 Y0.880 F1500 S0
G1 X21.000 Y0.880 F1500 S2000
G1 X16.000 Y0.880 F1500 S0
G0 X16.000 Y0.960 F3000
G1 X21.000 Y0.960 F1500 S0
G1 X26.000 Y0.960 F1500 S2000
G1 X31.000 Y0.960 F1500 S0
G0 X31.000 Y1.040 F3000
G1 X26.000 Y1.040 F1500 S0
G1 X21.000 Y1.040 F1500 S2000
G1 X16.000 Y1.040 F1500 S0
G0 X16.000 Y1.120 F3000
G1 X21.000 Y1.120 F1500 S0
G1 X26.000 Y1.120 F1500 S2000
G1 X31.000 Y1.120 F1500 S0
G0 X31.000 Y1.200 F3000
G1 X26.000 Y1.200 F1500 S0
G1 X21.000 Y1.200 F1500 S2000
G1 X16.000 Y1.200 F1500 S0
G0 X16.000 Y1.280 F3000
G1 X21.000 Y1.280 F1500 S0
G1 X26.000 Y1.280 F1500 S2000
G1 X31.000 Y1.280 F1500 S0
G0 X31.000 Y1.360 F3000
G1 X26.000 Y1.360 F1500 S0
G1 X21.000 Y1.360 F1500 S2000
G1 X16.000 Y1.360 F1500 S0
G0 X16.000 Y1.440 F3000
G1 X21.000 Y1.440 F1500 S0
G1 X26.000 Y1.440 F1500 S2000
G1 X31.000 Y1.440 F1500 S0
G0 X31.000 Y1.520 F3000
G1 X26.000 Y1.520 F1500 S0
G1 X21.000 Y1.520 F1500 S2000
G1 X16.000 Y1.520 F1500 S0
G0 X16.000 Y1.600 F3000
G1 X21.000 Y1.600 F1500 S0
G1 X26.000 Y1.600 F1500 S2000
G1 X31.000 Y1.600 F1500 S0
G0 X31.000 Y1.680 F3000
G1 X26.000 Y1.680 F1500 S0
G1 X21.000 Y1.680 F1500 S2000
G1 X16.000 Y1.680 F1500 S0
G0 X16.000 Y1.760 F3000
G1 X21.000 Y1.760 F1500 S0
G1 X26.000 Y1.760 F1500 S2000
G1 X31.000 Y1.760 F1500 S0
G0 X31.000 Y1.840 F3000
G1 X26.000 Y1.840 F1500 S0
G1 X21.000 Y1.840 F1500 S2000
G1 X16.000 Y1.840 F1500 S0
G0 X16.000 Y1.920 F3000
G1 X21.000 Y1.920 F1500 S0
G1 X26.000 Y1.920 F1500 S2000
G1 X31.000 Y1.920 F1500 S0
G0 X31.000 Y2.000 F3000
G1 X26.000 Y2.000 F1500 S0
G1 X21.000 Y2.000 F1500 S2000
G1 X16.000 Y2.000 F1500 S0
G0 X16.000 Y2.080 F3000
G1 X21.000 Y2.080 F1500 S0
G1 X26.000 Y2.080 F1500 S2000
G1 X31.000 Y2.080 F1500 S0
G0 X31.000 Y2.160 F3000
G1 X26.000 Y2.160 F1500 S0
G1 X21.000 Y2.160 F1500 S2000
G1 X16.000 Y2.160 F1500 S0
G0 X16.000 Y2.240 F3000
G1 X21.000 Y2.240 F1500 S0
G1 X26.000 Y2.240 F1500 S2000
G1 X31.000 Y2.240 F1500 S0
G0 X31.000 Y2.320 F3000
G1 X26.000 Y2.320 F1500 S0
G1 X21.000 Y2.320 F1500 S2000
G1 X16.000 Y2.320 F1500 S0
G0 X16.000 Y2.400 F3000
G1 X21.000 Y2.400 F1500 S0
G1 X26.000 Y2.400 F1500 S2000
G1 X31.000 Y2.400 F1500 S0
G0 X31.000 Y2.480 F3000
G1 X26.000 Y2.480 F1500 S0
G1 X21.000 Y2.480 F1500 S2000
G1 X16.000 Y2.480 F1500 S0
G0 X16.000 Y2.560 F3000
G1 X21.000 Y2.560 F1500 S0
G1 X26.000 Y2.560 F1500 S2000
G1 X31.000 Y2.560 F1500 S0
G0 X31.000 Y2.640 F3000
G1 X26.000 Y2.640 F1500 S0
G1 X21.000 Y2.640 F1500 S2000
G1 X16.000 Y2.640 F1500 S0
G0 X16.000 Y2.720 F3000
G1 X21.000 Y2.720 F1500 S0
G1 X26.000 Y2.720 F1500 S2000
G1 X31.000 Y2.720 F1500 S0
G0 X31.000 Y2.800 F3000
G1 X26.000 Y2.800 F1500 S0
G1 X21.000 Y2.800 F1500 S2000
G1 X16.000 Y2.800 F1500 S0
G0 X16.000 Y2.880 F3000
G1 X21.000 Y2.880 F1500 S0
G1 X26.000 Y2.880 F1500 S2000
G1 X31.000 Y2.880 F1500 S0
G0 X31.000 Y2.960 F3000
G1 X26.000 Y2.960 F1500 S0
G1 X21.000 Y2.960 F1500 S2000
G1 X16.000 Y2.960 F1500 S0
G0 X16.000 Y3.040 F3000
G1 X21.000 Y3.040 F1500 S0
G1 X26.000 Y3.040 F1500 S2000
G1 X31.000 Y3.040 F1500 S0
G0 X31.000 Y3.120 F3000
G1 X26.000 Y3.120 F1500 S0
G1 X21.000 Y3.120 F1500 S2000
G1 X16.000 Y3.120 F1500 S0
G0 X16.000 Y3.200 F3000
G1 X21.000 Y3.200 F1500 S0
G1 X26.000 Y3.200 F1500 S2000
G1 X31.000 Y3.200 F1500 S0
G0 X31.000 Y3.280 F3000
G1 X26.000 Y3.280 F1500 S0
G1 X21.000 Y3.280 F1500 S2000
G1 X16.000 Y3.280 F1500 S0
G0 X16.000 Y3.360 F3000
G1 X21.000 Y3.360 F1500 S0
G1 X26.000 Y3.360 F1500 S2000
G1 X31.000 Y3.360 F1500 S0
G0 X31.000 Y3.440 F3000
G1 X26.000 Y3.440 F1500 S0
G1 X21.000 Y3.440 F1500 S2000
G1 X16.000 Y3.440 F1500 S0
G0 X16.000 Y3.520 F3000
G1 X21.000 Y3.520 F1500 S0
G1 X26.000 Y3.520 F1500 S2000
G1 X31.000 Y3.520 F1500 S0
G0 X31.000 Y3.600 F3000
G1 X26.000 Y3.600 F1500 S0
G1 X21.000 Y3.600 F1500 S2000
G1 X16.000 Y3.600 F1500 S0
G0 X16.000 Y3.680 F3000
G1 X21.000 Y3.680 F1500 S0
G1 X26.000 Y3.680 F1500 S2000
G1 X31.000 Y3.680 F1500 S0
G0 X31.000 Y3.760 F3000
G1 X26.000 Y3.760 F1500 S0
G1 X21.000 Y3.760 F1500 S2000
G1 X16.000 Y3.760 F1500 S0
G0 X16.000 Y3.840 F3000
G1 X21.000 Y3.840 F1500 S0
G1 X26.000 Y3.840 F1500 S2000
G1 X31.000 Y3.840 F1500 S0
G0 X31.000 Y3.920 F3000
G1 X26.000 Y3.920 F1500 S0
G1 X21.000 Y3.920 F1500 S2000
G1 X16.000 Y3.920 F1500 S0
G0 X16.000 Y4.000 F3000
G1 X21.000 Y4.000 F1500 S0
G1 X26.000 Y4.000 F1500 S2000
G1 X31.000 Y4.000 F1500 S0
G0 X31.000 Y4.080 F3000
G1 X26.000 Y4.080 F1500 S0
G1 X21.000 Y4.080 F1500 S2000
G1 X16.000 Y4.080 F1500 S0
G0 X16.000 Y4.160 F3000
G1 X21.000 Y4.160 F1500 S0
G1 X26.000 Y4.160 F1500 S2000
G1 X31.000 Y4.160 F1500 S0
G0 X31.000 Y4.240 F3000
G1 X26.000 Y4.240 F1500 S0
G1 X21.000 Y4.240 F1500 S2000
G1 X16.000 Y4.240 F1500 S0
G0 X16.000 Y4.320 F3000
G1 X21.000 Y4.320 F1500 S0
G1 X26.000 Y4.320 F1500 S2000
G1 X31.000 Y4.320 F1500 S0
G0 X31.000 Y4.400 F3000
G1 X26.000 Y4.400 F1500 S0
G1 X21.000 Y4.400 F1500 S2000
G1 X16.000 Y4.400 F1500 S0
G0 X16.000 Y4.480 F3000
G1 X21.000 Y4.480 F1500 S0
G1 X26.000 Y4.480 F1500 S2000
G1 X31.000 Y4.480 F1500 S0
G0 X31.000 Y4.560 F3000
G1 X26.000 Y4.560 F1500 S0
G1 X21.000 Y4.560 F1500 S2000
G1 X16.000 Y4.560 F1500 S0
G0 X16.000 Y4.640 F3000
G1 X21.000 Y4.640 F1500 S0
G1 X26.000 Y4.640 F1500 S2000
G1 X31.000 Y4.640 F1500 S0
G0 X31.000 Y4.720 F3000
G1 X26.000 Y4.720 F1500 S0
G1 X21.000 Y4.720 F1500 S2000
G1 X16.000 Y4.720 F1500 S0
G0 X16.000 Y4.800 F3000
G1 X21.000 Y4.800 F1500 S0
G1 X26.000 Y4.800 F1500 S2000
G1 X31.000 Y4.800 F1500 S0
G0 X31.000 Y4.880 F3000
G1 X26.000 Y4.880 F1500 S0
G1 X21.000 Y4.880 F1500 S2000
G1 X16.000 Y4.880 F1500 S0
G0 X16.000 Y4.960 F3000
G1 X21.000 Y4.960 F1500 S0
G1 X26.000 Y4.960 F1500 S2000
G1 X31.000 Y4.960 F1500 S0
M5
G0 X21.000 Y7.700 F3000
M4 S2000
G1 X21.648 Y7.700 F1500
M5
G0 X21.000 Y7.700 F3000
M4 S2000
G1 X21.000 Y7.160 F1500
M5
G0 X21.000 Y7.160 F3000
M4 S2000
G1 X21.000 Y6.620 F1500
M5
G0 X21.000 Y6.620 F3000
M4 S2000
G1 X21.648 Y6.620 F1500
M5
G0 X21.648 Y7.160 F3000
M4 S2000
G1 X21.648 Y6.620 F1500
M5
G0 X21.000 Y7.160 F3000
M4 S2000
G1 X21.648 Y7.160 F1500
M5
G0 X21.864 Y7.160 F3000
M4 S2000
G1 X22.512 Y7.160 F1500
M5
G0 X22.728 Y7.700 F3000
M4 S2000
G1 X23.376 Y7.700 F1500
M5
G0 X23.376 Y7.700 F3000
M4 S2000
G1 X23.376 Y7.160 F1500
M5
G0 X23.376 Y7.160 F3000
M4 S2000
G1 X23.376 Y6.620 F1500
M5
G0 X22.728 Y6.620 F3000
M4 S2000
G1 X23.376 Y6.620 F1500
M5
G0 X22.728 Y7.160 F3000
M4 S2000
G1 X22.728 Y6.620 F1500
M5
G0 X22.728 Y7.700 F3000
M4 S2000
G1 X22.728 Y7.160 F1500
M5
G0 X23.592 Y7.700 F3000
M4 S2000
G1 X24.240 Y7.700 F1500
M5
G0 X24.240 Y7.700 F3000
M4 S2000
G1 X24.240 Y7.160 F1500
M5
G0 X24.240 Y7.160 F3000
M4 S2000
G1 X24.240 Y6.620 F1500
M5
G0 X23.592 Y6.620 F3000
M4 S2000
G1 X24.240 Y6.620 F1500
M5
G0 X23.592 Y7.160 F3000
M4 S2000
G1 X23.592 Y6.620 F1500
M5
G0 X23.592 Y7.700 F3000
M4 S2000
G1 X23.592 Y7.160 F1500
M5
G0 X24.456 Y7.700 F3000
M4 S2000
G1 X25.104 Y7.700 F1500
M5
G0 X25.104 Y7.700 F3000
M4 S2000
G1 X25.104 Y7.160 F1500
M5
G0 X24.456 Y7.160 F3000
M4 S2000
G1 X25.104 Y7.160 F1500
M5
G0 X25.104 Y7.160 F3000
M4 S2000
G1 X25.104 Y6.620 F1500
M5
G0 X24.456 Y6.620 F3000
M4 S2000
G1 X25.104 Y6.620 F1500
M5
G0 X24.000 Y0.000 F3000
M4 S0
G1 X29.000 Y0.000 F1750 S0
G1 X34.000 Y0.000 F1750 S2000
G1 X39.000 Y0.000 F1750 S0
G0 X39.000 Y0.080 F3000
G1 X34.000 Y0.080 F1750 S0
G1 X29.000 Y0.080 F1750 S2000
G1 X24.000 Y0.080 F1750 S0
G0 X24.000 Y0.160 F3000
G1 X29.000 Y0.160 F1750 S0
G1 X34.000 Y0.160 F1750 S2000
G1 X39.000 Y0.160 F1750 S0
G0 X39.000 Y0.240 F3000
G1 X34.000 Y0.240 F1750 S0
G1 X29.000 Y0.240 F1750 S2000
G1 X24.000 Y0.240 F1750 S0
G0 X24.000 Y0.320 F3000
G1 X29.000 Y0.320 F1750 S0
G1 X34.000 Y0.320 F1750 S2000
G1 X39.000 Y0.320 F1750 S0
G0 X39.000 Y0.400 F3000
G1 X34.000 Y0.400 F1750 S0
G1 X29.000 Y0.400 F1750 S2000
G1 X24.000 Y0.400 F1750 S0
G0 X24.000 Y0.480 F3000
G1 X29.000 Y0.480 F1750 S0
G1 X34.000 Y0.480 F1750 S2000
G1 X39.000 Y0.480 F1750 S0
G0 X39.000 Y0.560 F3000
G1 X34.000 Y0.560 F1750 S0
G1 X29.000 Y0.560 F1750 S2000
G1 X24.000 Y0.560 F1750 S0
G0 X24.000 Y0.640 F3000
G1 X29.000 Y0.640 F1750 S0
G1 X34.000 Y0.640 F1750 S2000
G1 X39.000 Y0.640 F1750 S0
G0 X39.000 Y0.720 F3000
G1 X34.000 Y0.720 F1750 S0
G1 X29.000 Y0.720 F1750 S2000
G1 X24.000 Y0.720 F1750 S0
G0 X24.000 Y0.800 F3000
G1 X29.000 Y0.800 F1750 S0
G1 X34.000 Y0.800 F1750 S2000
G1 X39.000 Y0.800 F1750 S0
G0 X39.000 Y0.880 F3000
G1 X34.000 Y0.880 F1750 S0
G1 X29.000 Y0.880 F1750 S2000
G1 X24.000 Y0.880 F1750 S0
G0 X24.000 Y0.960 F3000
G1 X29.000 Y0.960 F1750 S0
G1 X34.000 Y0.960 F1750 S2000
G1 X39.000 Y0.960 F1750 S0
G0 X39.000 Y1.040 F3000
G1 X34.000 Y1.040 F1750 S0
G1 X29.000 Y1.040 F1750 S2000
G1 X24.000 Y1.040 F1750 S0
G0 X24.000 Y1.120 F3000
G1 X29.000 Y1.120 F1750 S0
G1 X34.000 Y1.120 F1750 S2000
G1 X39.000 Y1.120 F1750 S0
G0 X39.000 Y1.200 F3000
G1 X34.000 Y1.200 F1750 S0
G1 X29.000 Y1.200 F1750 S2000
G1 X24.000 Y1.200 F1750 S0
G0 X24.000 Y1.280 F3000
G1 X29.000 Y1.280 F1750 S0
G1 X34.000 Y1.280 F1750 S2000
G1 X39.000 Y1.280 F1750 S0
G0 X39.000 Y1.360 F3000
G1 X34.000 Y1.360 F1750 S0
G1 X29.000 Y1.360 F1750 S2000
G1 X24.000 Y1.360 F1750 S0
G0 X24.000 Y1.440 F3000
G1 X29.000 Y1.440 F1750 S0
G1 X34.000 Y1.440 F1750 S2000
G1 X39.000 Y1.440 F1750 S0
G0 X39.000 Y1.520 F3000
G1 X34.000 Y1.520 F1750 S0
G1 X29.000 Y1.520 F1750 S2000
G1 X24.000 Y1.520 F1750 S0
G0 X24.000 Y1.600 F3000
G1 X29.000 Y1.600 F1750 S0
G1 X34.000 Y1.600 F1750 S2000
G1 X39.000 Y1.600 F1750 S0
G0 X39.000 Y1.680 F3000
G1 X34.000 Y1.680 F1750 S0
G1 X29.000 Y1.680 F1750 S2000
G1 X24.000 Y1.680 F1750 S0
G0 X24.000 Y1.760 F3000
G1 X29.000 Y1.760 F1750 S0
G1 X34.000 Y1.760 F1750 S2000
G1 X39.000 Y1.760 F1750 S0
G0 X39.000 Y1.840 F3000
G1 X34.000 Y1.840 F1750 S0
G1 X29.000 Y1.840 F1750 S2000
G1 X24.000 Y1.840 F1750 S0
G0 X24.000 Y1.920 F3000
G1 X29.000 Y1.920 F1750 S0
G1 X34.000 Y1.920 F1750 S2000
G1 X39.000 Y1.920 F1750 S0
G0 X39.000 Y2.000 F3000
G1 X34.000 Y2.000 F1750 S0
G1 X29.000 Y2.000 F1750 S2000
G1 X24.000 Y2.000 F1750 S0
G0 X24.000 Y2.080 F3000
G1 X29.000 Y2.080 F1750 S0
G1 X34.000 Y2.080 F1750 S2000
G1 X39.000 Y2.080 F1750 S0
G0 X39.000 Y2.160 F3000
G1 X34.000 Y2.160 F1750 S0
G1 X29.000 Y2.160 F1750 S2000
G1 X24.000 Y2.160 F1750 S0
G0 X24.000 Y2.240 F3000
G1 X29.000 Y2.240 F1750 S0
G1 X34.000 Y2.240 F1750 S2000
G1 X39.000 Y2.240 F1750 S0
G0 X39.000 Y2.320 F3000
G1 X34.000 Y2.320 F1750 S0
G1 X29.000 Y2.320 F1750 S2000
G1 X24.000 Y2.320 F1750 S0
G0 X24.000 Y2.400 F3000
G1 X29.000 Y2.400 F1750 S0
G1 X34.000 Y2.400 F1750 S2000
G1 X39.000 Y2.400 F1750 S0
G0 X39.000 Y2.480 F3000
G1 X34.000 Y2.480 F1750 S0
G1 X29.000 Y2.480 F1750 S2000
G1 X24.000 Y2.480 F1750 S0
G0 X24.000 Y2.560 F3000
G1 X29.000 Y2.560 F1750 S0
G1 X34.000 Y2.560 F1750 S2000
G1 X39.000 Y2.560 F1750 S0
G0 X39.000 Y2.640 F3000
G1 X34.000 Y2.640 F1750 S0
G1 X29.000 Y2.640 F1750 S2000
G1 X24.000 Y2.640 F1750 S0
G0 X24.000 Y2.720 F3000
G1 X29.000 Y2.720 F1750 S0
G1 X34.000 Y2.720 F1750 S2000
G1 X39.000 Y2.720 F1750 S0
G0 X39.000 Y2.800 F3000
G1 X34.000 Y2.800 F1750 S0
G1 X29.000 Y2.800 F1750 S2000
G1 X24.000 Y2.800 F1750 S0
G0 X24.000 Y2.880 F3000
G1 X29.000 Y2.880 F1750 S0
G1 X34.000 Y2.880 F1750 S2000
G1 X39.000 Y2.880 F1750 S0
G0 X39.000 Y2.960 F3000
G1 X34.000 Y2.960 F1750 S0
G1 X29.000 Y2.960 F1750 S2000
G1 X24.000 Y2.960 F1750 S0
G0 X24.000 Y3.040 F3000
G1 X29.000 Y3.040 F1750 S0
G1 X34.000 Y3.040 F1750 S2000
G1 X39.000 Y3.040 F1750 S0
G0 X39.000 Y3.120 F3000
G1 X34.000 Y3.120 F1750 S0
G1 X29.000 Y3.120 F1750 S2000
G1 X24.000 Y3.120 F1750 S0
G0 X24.000 Y3.200 F3000
G1 X29.000 Y3.200 F1750 S0
G1 X34.000 Y3.200 F1750 S2000
G1 X39.000 Y3.200 F1750 S0
G0 X39.000 Y3.280 F3000
G1 X34.000 Y3.280 F1750 S0
G1 X29.000 Y3.280 F1750 S2000
G1 X24.000 Y3.280 F1750 S0
G0 X24.000 Y3.360 F3000
G1 X29.000 Y3.360 F1750 S0
G1 X34.000 Y3.360 F1750 S2000
G1 X39.000 Y3.360 F1750 S0
G0 X39.000 Y3.440 F3000
G1 X34.000 Y3.440 F1750 S0
G1 X29.000 Y3.440 F1750 S2000
G1 X24.000 Y3.440 F1750 S0
G0 X24.000 Y3.520 F3000
G1 X29.000 Y3.520 F1750 S0
G1 X34.000 Y3.520 F1750 S2000
G1 X39.000 Y3.520 F1750 S0
G0 X39.000 Y3.600 F3000
G1 X34.000 Y3.600 F1750 S0
G1 X29.000 Y3.600 F1750 S2000
G1 X24.000 Y3.600 F1750 S0
G0 X24.000 Y3.680 F3000
G1 X29.000 Y3.680 F1750 S0
G1 X34.000 Y3.680 F1750 S2000
G1 X39.000 Y3.680 F1750 S0
G0 X39.000 Y3.760 F3000
G1 X34.000 Y3.760 F1750 S0
G1 X29.000 Y3.760 F1750 S2000
G1 X24.000 Y3.760 F1750 S0
G0 X24.000 Y3.840 F3000
G1 X29.000 Y3.840 F1750 S0
G1 X34.000 Y3.840 F1750 S2000
G1 X39.000 Y3.840 F1750 S0
G0 X39.000 Y3.920 F3000
G1 X34.000 Y3.920 F1750 S0
G1 X29.000 Y3.920 F1750 S2000
G1 X24.000 Y3.920 F1750 S0
G0 X24.000 Y4.000 F3000
G1 X29.000 Y4.000 F1750 S0
G1 X34.000 Y4.000 F1750 S2000
G1 X39.000 Y4.000 F1750 S0
G0 X39.000 Y4.080 F3000
G1 X34.000 Y4.080 F1750 S0
G1 X29.000 Y4.080 F1750 S2000
G1 X24.000 Y4.080 F1750 S0
G0 X24.000 Y4.160 F3000
G1 X29.000 Y4.160 F1750 S0
G1 X34.000 Y4.160 F1750 S2000
G1 X39.000 Y4.160 F1750 S0
G0 X39.000 Y4.240 F3000
G1 X34.000 Y4.240 F1750 S0
G1 X29.000 Y4.240 F1750 S2000
G1 X24.000 Y4.240 F1750 S0
G0 X24.000 Y4.320 F3000
G1 X29.000 Y4.320 F1750 S0
G1 X34.000 Y4.320 F1750 S2000
G1 X39.000 Y4.320 F1750 S0
G0 X39.000 Y4.400 F3000
G1 X34.000 Y4.400 F1750 S0
G1 X29.000 Y4.400 F1750 S2000
G1 X24.000 Y4.400 F1750 S0
G0 X24.000 Y4.480 F3000
G1 X29.000 Y4.480 F1750 S0
G1 X34.000 Y4.480 F1750 S2000
G1 X39.000 Y4.480 F1750 S0
G0 X39.000 Y4.560 F3000
G1 X34.000 Y4.560 F1750 S0
G1 X29.000 Y4.560 F1750 S2000
G1 X24.000 Y4.560 F1750 S0
G0 X24.000 Y4.640 F3000
G1 X29.000 Y4.640 F1750 S0
G1 X34.000 Y4.640 F1750 S2000
G1 X39.000 Y4.640 F1750 S0
G0 X39.000 Y4.720 F3000
G1 X34.000 Y4.720 F1750 S0
G1 X29.000 Y4.720 F1750 S2000
G1 X24.000 Y4.720 F1750 S0
G0 X24.000 Y4.800 F3000
G1 X29.000 Y4.800 F1750 S0
G1 X34.000 Y4.800 F1750 S2000
G1 X39.000 Y4.800 F1750 S0
G0 X39.000 Y4.880 F3000
G1 X34.000 Y4.880 F1750 S0
G1 X29.000 Y4.880 F1750 S2000
G1 X24.000 Y4.880 F1750 S0
G0 X24.000 Y4.960 F3000
G1 X29.000 Y4.960 F1750 S0
G1 X34.000 Y4.960 F1750 S2000
G1 X39.000 Y4.960 F1750 S0
M5
G0 X29.000 Y7.700 F3000
M4 S2000
G1 X29.648 Y7.700 F1500
M5
G0 X29.000 Y7.700 F3000
M4 S2000
G1 X29.000 Y7.160 F1500
M5
G0 X29.000 Y7.160 F3000
M4 S2000
G1 X29.000 Y6.620 F1500
M5
G0 X29.000 Y6.620 F3000
M4 S2000
G1 X29.648 Y6.620 F1500
M5
G0 X29.648 Y7.160 F3000
M4 S2000
G1 X29.648 Y6.620 F1500
M5
G0 X29.000 Y7.160 F3000
M4 S2000
G1 X29.648 Y7.160 F1500
M5
G0 X29.864 Y7.160 F3000
M4 S2000
G1 X30.512 Y7.160 F1500
M5
G0 X30.728 Y7.700 F3000
M4 S2000
G1 X31.376 Y7.700 F1500
M5
G0 X31.376 Y7.700 F3000
M4 S2000
G1 X31.376 Y7.160 F1500
M5
G0 X31.376 Y7.160 F3000
M4 S2000
G1 X31.376 Y6.620 F1500
M5
G0 X30.728 Y6.620 F3000
M4 S2000
G1 X31.376 Y6.620 F1500
M5
G0 X30.728 Y7.160 F3000
M4 S2000
G1 X30.728 Y6.620 F1500
M5
G0 X30.728 Y7.700 F3000
M4 S2000
G1 X30.728 Y7.160 F1500
M5
G0 X31.592 Y7.700 F3000
M4 S2000
G1 X32.240 Y7.700 F1500
M5
G0 X32.240 Y7.700 F3000
M4 S2000
G1 X32.240 Y7.160 F1500
M5
G0 X32.240 Y7.160 F3000
M4 S2000
G1 X32.240 Y6.620 F1500
M5
G0 X31.592 Y6.620 F3000
M4 S2000
G1 X32.240 Y6.620 F1500
M5
G0 X31.592 Y7.160 F3000
M4 S2000
G1 X31.592 Y6.620 F1500
M5
G0 X31.592 Y7.700 F3000
M4 S2000
G1 X31.592 Y7.160 F1500
M5
G0 X32.456 Y7.700 F3000
M4 S2000
G1 X32.456 Y7.160 F1500
M5
G0 X32.456 Y7.160 F3000
M4 S2000
G1 X33.104 Y7.160 F1500
M5
G0 X33.104 Y7.700 F3000
M4 S2000
G1 X33.104 Y7.160 F1500
M5
G0 X33.104 Y7.160 F3000
M4 S2000
G1 X33.104 Y6.620 F1500
M5
G0 X32.000 Y0.000 F3000
M4 S0
G1 X37.000 Y0.000 F2000 S0
G1 X42.000 Y0.000 F2000 S2000
G1 X47.000 Y0.000 F2000 S0
G0 X47.000 Y0.080 F3000
G1 X42.000 Y0.080 F2000 S0
G1 X37.000 Y0.080 F2000 S2000
G1 X32.000 Y0.080 F2000 S0
G0 X32.000 Y0.160 F3000
G1 X37.000 Y0.160 F2000 S0
G1 X42.000 Y0.160 F2000 S2000
G1 X47.000 Y0.160 F2000 S0
G0 X47.000 Y0.240 F3000
G1 X42.000 Y0.240 F2000 S0
G1 X37.000 Y0.240 F2000 S2000
G1 X32.000 Y0.240 F2000 S0
G0 X32.000 Y0.320 F3000
G1 X37.000 Y0.320 F2000 S0
G1 X42.000 Y0.320 F2000 S2000
G1 X47.000 Y0.320 F2000 S0
G0 X47.000 Y0.400 F3000
G1 X42.000 Y0.400 F2000 S0
G1 X37.000 Y0.400 F2000 S2000
G1 X32.000 Y0.400 F2000 S0
G0 X32.000 Y0.480 F3000
G1 X37.000 Y0.480 F2000 S0
G1 X42.000 Y0.480 F2000 S2000
G1 X47.000 Y0.480 F2000 S0
G0 X47.000 Y0.560 F3000
G1 X42.000 Y0.560 F2000 S0
G1 X37.000 Y0.560 F2000 S2000
G1 X32.000 Y0.560 F2000 S0
G0 X32.000 Y0.640 F3000
G1 X37.000 Y0.640 F2000 S0
G1 X42.000 Y0.640 F2000 S2000
G1 X47.000 Y0.640 F2000 S0
G0 X47.000 Y0.720 F3000
G1 X42.000 Y0.720 F2000 S0
G1 X37.000 Y0.720 F2000 S2000
G1 X32.000 Y0.720 F2000 S0
G0 X32.000 Y0.800 F3000
G1 X37.000 Y0.800 F2000 S0
G1 X42.000 Y0.800 F2000 S2000
G1 X47.000 Y0.800 F2000 S0
G0 X47.000 Y0.880 F3000
G1 X42.000 Y0.880 F2000 S0
G1 X37.000 Y0.880 F2000 S2000
G1 X32.000 Y0.880 F2000 S0
G0 X32.000 Y0.960 F3000
G1 X37.000 Y0.960 F2000 S0
G1 X42.000 Y0.960 F2000 S2000
G1 X47.000 Y0.960 F2000 S0
G0 X47.000 Y1.040 F3000
G1 X42.000 Y1.040 F2000 S0
G1 X37.000 Y1.040 F2000 S2000
G1 X32.000 Y1.040 F2000 S0
G0 X32.000 Y1.120 F3000
G1 X37.000 Y1.120 F2000 S0
G1 X42.000 Y1.120 F2000 S2000
G1 X47.000 Y1.120 F2000 S0
G0 X47.000 Y1.200 F3000
G1 X42.000 Y1.200 F2000 S0
G1 X37.000 Y1.200 F2000 S2000
G1 X32.000 Y1.200 F2000 S0
G0 X32.000 Y1.280 F3000
G1 X37.000 Y1.280 F2000 S0
G1 X42.000 Y1.280 F2000 S2000
G1 X47.000 Y1.280 F2000 S0
G0 X47.000 Y1.360 F3000
G1 X42.000 Y1.360 F2000 S0
G1 X37.000 Y1.360 F2000 S2000
G1 X32.000 Y1.360 F2000 S0
G0 X32.000 Y1.440 F3000
G1 X37.000 Y1.440 F2000 S0
G1 X42.000 Y1.440 F2000 S2000
G1 X47.000 Y1.440 F2000 S0
G0 X47.000 Y1.520 F3000
G1 X42.000 Y1.520 F2000 S0
G1 X37.000 Y1.520 F2000 S2000
G1 X32.000 Y1.520 F2000 S0
G0 X32.000 Y1.600 F3000
G1 X37.000 Y1.600 F2000 S0
G1 X42.000 Y1.600 F2000 S2000
G1 X47.000 Y1.600 F2000 S0
G0 X47.000 Y1.680 F3000
G1 X42.000 Y1.680 F2000 S0
G1 X37.000 Y1.680 F2000 S2000
G1 X32.000 Y1.680 F2000 S0
G0 X32.000 Y1.760 F3000
G1 X37.000 Y1.760 F2000 S0
G1 X42.000 Y1.760 F2000 S2000
G1 X47.000 Y1.760 F2000 S0
G0 X47.000 Y1.840 F3000
G1 X42.000 Y1.840 F2000 S0
G1 X37.000 Y1.840 F2000 S2000
G1 X32.000 Y1.840 F2000 S0
G0 X32.000 Y1.920 F3000
G1 X37.000 Y1.920 F2000 S0
G1 X42.000 Y1.920 F2000 S2000
G1 X47.000 Y1.920 F2000 S0
G0 X47.000 Y2.000 F3000
G1 X42.000 Y2.000 F2000 S0
G1 X37.000 Y2.000 F2000 S2000
G1 X32.000 Y2.000 F2000 S0
G0 X32.000 Y2.080 F3000
G1 X37.000 Y2.080 F2000 S0
G1 X42.000 Y2.080 F2000 S2000
G1 X47.000 Y2.080 F2000 S0
G0 X47.000 Y2.160 F3000
G1 X42.000 Y2.160 F2000 S0
G1 X37.000 Y2.160 F2000 S2000
G1 X32.000 Y2.160 F2000 S0
G0 X32.000 Y2.240 F3000
G1 X37.000 Y2.240 F2000 S0
G1 X42.000 Y2.240 F2000 S2000
G1 X47.000 Y2.240 F2000 S0
G0 X47.000 Y2.320 F3000
G1 X42.000 Y2.320 F2000 S0
G1 X37.000 Y2.320 F2000 S2000
G1 X32.000 Y2.320 F2000 S0
G0 X32.000 Y2.400 F3000
G1 X37.000 Y2.400 F2000 S0
G1 X42.000 Y2.400 F2000 S2000
G1 X47.000 Y2.400 F2000 S0
G0 X47.000 Y2.480 F3000
G1 X42.000 Y2.480 F2000 S0
G1 X37.000 Y2.480 F2000 S2000
G1 X32.000 Y2.480 F2000 S0
G0 X32.000 Y2.560 F3000
G1 X37.000 Y2.560 F2000 S0
G1 X42.000 Y2.560 F2000 S2000
G1 X47.000 Y2.560 F2000 S0
G0 X47.000 Y2.640 F3000
G1 X42.000 Y2.640 F2000 S0
G1 X37.000 Y2.640 F2000 S2000
G1 X32.000 Y2.640 F2000 S0
G0 X32.000 Y2.720 F3000
G1 X37.000 Y2.720 F2000 S0
G1 X42.000 Y2.720 F2000 S2000
G1 X47.000 Y2.720 F2000 S0
G0 X47.000 Y2.800 F3000
G1 X42.000 Y2.800 F2000 S0
G1 X37.000 Y2.800 F2000 S2000
G1 X32.000 Y2.800 F2000 S0
G0 X32.000 Y2.880 F3000
G1 X37.000 Y2.880 F2000 S0
G1 X42.000 Y2.880 F2000 S2000
G1 X47.000 Y2.880 F2000 S0
G0 X47.000 Y2.960 F3000
G1 X42.000 Y2.960 F2000 S0
G1 X37.000 Y2.960 F2000 S2000
G1 X32.000 Y2.960 F2000 S0
G0 X32.000 Y3.040 F3000
G1 X37.000 Y3.040 F2000 S0
G1 X42.000 Y3.040 F2000 S2000
G1 X47.000 Y3.040 F2000 S0
G0 X47.000 Y3.120 F3000
G1 X42.000 Y3.120 F2000 S0
G1 X37.000 Y3.120 F2000 S2000
G1 X32.000 Y3.120 F2000 S0
G0 X32.000 Y3.200 F3000
G1 X37.000 Y3.200 F2000 S0
G1 X42.000 Y3.200 F2000 S2000
G1 X47.000 Y3.200 F2000 S0
G0 X47.000 Y3.280 F3000
G1 X42.000 Y3.280 F2000 S0
G1 X37.000 Y3.280 F2000 S2000
G1 X32.000 Y3.280 F2000 S0
G0 X32.000 Y3.360 F3000
G1 X37.000 Y3.360 F2000 S0
G1 X42.000 Y3.360 F2000 S2000
G1 X47.000 Y3.360 F2000 S0
G0 X47.000 Y3.440 F3000
G1 X42.000 Y3.440 F2000 S0
G1 X37.000 Y3.440 F2000 S2000
G1 X32.000 Y3.440 F2000 S0
G0 X32.000 Y3.520 F3000
G1 X37.000 Y3.520 F2000 S0
G1 X42.000 Y3.520 F2000 S2000
G1 X47.000 Y3.520 F2000 S0
G0 X47.000 Y3.600 F3000
G1 X42.000 Y3.600 F2000 S0
G1 X37.000 Y3.600 F2000 S2000
G1 X32.000 Y3.600 F2000 S0
G0 X32.000 Y3.680 F3000
G1 X37.000 Y3.680 F2000 S0
G1 X42.000 Y3.680 F2000 S2000
G1 X47.000 Y3.680 F2000 S0
G0 X47.000 Y3.760 F3000
G1 X42.000 Y3.760 F2000 S0
G1 X37.000 Y3.760 F2000 S2000
G1 X32.000 Y3.760 F2000 S0
G0 X32.000 Y3.840 F3000
G1 X37.000 Y3.840 F2000 S0
G1 X42.000 Y3.840 F2000 S2000
G1 X47.000 Y3.840 F2000 S0
G0 X47.000 Y3.920 F3000
G1 X42.000 Y3.920 F2000 S0
G1 X37.000 Y3.920 F2000 S2000
G1 X32.000 Y3.920 F2000 S0
G0 X32.000 Y4.000 F3000
G1 X37.000 Y4.000 F2000 S0
G1 X42.000 Y4.000 F2000 S2000
G1 X47.000 Y4.000 F2000 S0
G0 X47.000 Y4.080 F3000
G1 X42.000 Y4.080 F2000 S0
G1 X37.000 Y4.080 F2000 S2000
G1 X32.000 Y4.080 F2000 S0
G0 X32.000 Y4.160 F3000
G1 X37.000 Y4.160 F2000 S0
G1 X42.000 Y4.160 F2000 S2000
G1 X47.000 Y4.160 F2000 S0
G0 X47.000 Y4.240 F3000
G1 X42.000 Y4.240 F2000 S0
G1 X37.000 Y4.240 F2000 S2000
G1 X32.000 Y4.240 F2000 S0
G0 X32.000 Y4.320 F3000
G1 X37.000 Y4.320 F2000 S0
G1 X42.000 Y4.320 F2000 S2000
G1 X47.000 Y4.320 F2000 S0
G0 X47.000 Y4.400 F3000
G1 X42.000 Y4.400 F2000 S0
G1 X37.000 Y4.400 F2000 S2000
G1 X32.000 Y4.400 F2000 S0
G0 X32.000 Y4.480 F3000
G1 X37.000 Y4.480 F2000 S0
G1 X42.000 Y4.480 F2000 S2000
G1 X47.000 Y4.480 F2000 S0
G0 X47.000 Y4.560 F3000
G1 X42.000 Y4.560 F2000 S0
G1 X37.000 Y4.560 F2000 S2000
G1 X32.000 Y4.560 F2000 S0
G0 X32.000 Y4.640 F3000
G1 X37.000 Y4.640 F2000 S0
G1 X42.000 Y4.640 F2000 S2000
G1 X47.000 Y4.640 F2000 S0
G0 X47.000 Y4.720 F3000
G1 X42.000 Y4.720 F2000 S0
G1 X37.000 Y4.720 F2000 S2000
G1 X32.000 Y4.720 F2000 S0
G0 X32.000 Y4.800 F3000
G1 X37.000 Y4.800 F2000 S0
G1 X42.000 Y4.800 F2000 S2000
G1 X47.000 Y4.800 F2000 S0
G0 X47.000 Y4.880 F3000
G1 X42.000 Y4.880 F2000 S0
G1 X37.000 Y4.880 F2000 S2000
G1 X32.000 Y4.880 F2000 S0
G0 X32.000 Y4.960 F3000
G1 X37.000 Y4.960 F2000 S0
G1 X42.000 Y4.960 F2000 S2000
G1 X47.000 Y4.960 F2000 S0
M5
G0 X37.000 Y7.700 F3000
M4 S2000
G1 X37.648 Y7.700 F1500
M5
G0 X37.000 Y7.700 F3000
M4 S2000
G1 X37.000 Y7.160 F1500
M5
G0 X37.000 Y7.160 F3000
M4 S2000
G1 X37.000 Y6.620 F1500
M5
G0 X37.000 Y6.620 F3000
M4 S2000
G1 X37.648 Y6.620 F1500
M5
G0 X37.648 Y7.160 F3000
M4 S2000
G1 X37.648 Y6.620 F1500
M5
G0 X37.000 Y7.160 F3000
M4 S2000
G1 X37.648 Y7.160 F1500
M5
G0 X37.864 Y7.160 F3000
M4 S2000
G1 X38.512 Y7.160 F1500
M5
G0 X38.728 Y7.700 F3000
M4 S2000
G1 X39.376 Y7.700 F1500
M5
G0 X39.376 Y7.700 F3000
M4 S2000
G1 X39.376 Y7.160 F1500
M5
G0 X39.376 Y7.160 F3000
M4 S2000
G1 X39.376 Y6.620 F1500
M5
G0 X38.728 Y6.620 F3000
M4 S2000
G1 X39.376 Y6.620 F1500
M5
G0 X38.728 Y7.160 F3000
M4 S2000
G1 X38.728 Y6.620 F1500
M5
G0 X38.728 Y7.700 F3000
M4 S2000
G1 X38.728 Y7.160 F1500
M5
G0 X39.592 Y7.700 F3000
M4 S2000
G1 X40.240 Y7.700 F1500
M5
G0 X40.240 Y7.700 F3000
M4 S2000
G1 X40.240 Y7.160 F1500
M5
G0 X40.240 Y7.160 F3000
M4 S2000
G1 X40.240 Y6.620 F1500
M5
G0 X39.592 Y6.620 F3000
M4 S2000
G1 X40.240 Y6.620 F1500
M5
G0 X39.592 Y7.160 F3000
M4 S2000
G1 X39.592 Y6.620 F1500
M5
G0 X39.592 Y7.700 F3000
M4 S2000
G1 X39.592 Y7.160 F1500
M5
G0 X40.456 Y7.700 F3000
M4 S2000
G1 X41.104 Y7.700 F1500
M5
G0 X40.456 Y7.700 F3000
M4 S2000
G1 X40.456 Y7.160 F1500
M5
G0 X40.456 Y7.160 F3000
M4 S2000
G1 X41.104 Y7.160 F1500
M5
G0 X41.104 Y7.160 F3000
M4 S2000
G1 X41.104 Y6.620 F1500
M5
G0 X40.456 Y6.620 F3000
M4 S2000
G1 X41.104 Y6.620 F1500
M5
G0 X32.000 Y8.000 F3000
M4 S0
G1 X37.000 Y8.000 F2000 S0
G1 X42.000 Y8.000 F2000 S3500
G1 X47.000 Y8.000 F2000 S0
G0 X47.000 Y8.080 F3000
G1 X42.000 Y8.080 F2000 S0
G1 X37.000 Y8.080 F2000 S3500
G1 X32.000 Y8.080 F2000 S0
G0 X32.000 Y8.160 F3000
G1 X37.000 Y8.160 F2000 S0
G1 X42.000 Y8.160 F2000 S3500
G1 X47.000 Y8.160 F2000 S0
G0 X47.000 Y8.240 F3000
G1 X42.000 Y8.240 F2000 S0
G1 X37.000 Y8.240 F2000 S3500
G1 X32.000 Y8.240 F2000 S0
G0 X32.000 Y8.320 F3000
G1 X37.000 Y8.320 F2000 S0
G1 X42.000 Y8.320 F2000 S3500
G1 X47.000 Y8.320 F2000 S0
G0 X47.000 Y8.400 F3000
G1 X42.000 Y8.400 F2000 S0
G1 X37.000 Y8.400 F2000 S3500
G1 X32.000 Y8.400 F2000 S0
G0 X32.000 Y8.480 F3000
G1 X37.000 Y8.480 F2000 S0
G1 X42.000 Y8.480 F2000 S3500
G1 X47.000 Y8.480 F2000 S0
G0 X47.000 Y8.560 F3000
G1 X42.000 Y8.560 F2000 S0
G1 X37.000 Y8.560 F2000 S3500
G1 X32.000 Y8.560 F2000 S0
G0 X32.000 Y8.640 F3000
G1 X37.000 Y8.640 F2000 S0
G1 X42.000 Y8.640 F2000 S3500
G1 X47.000 Y8.640 F2000 S0
G0 X47.000 Y8.720 F3000
G1 X42.000 Y8.720 F2000 S0
G1 X37.000 Y8.720 F2000 S3500
G1 X32.000 Y8.720 F2000 S0
G0 X32.000 Y8.800 F3000
G1 X37.000 Y8.800 F2000 S0
G1 X42.000 Y8.800 F2000 S3500
G1 X47.000 Y8.800 F2000 S0
G0 X47.000 Y8.880 F3000
G1 X42.000 Y8.880 F2000 S0
G1 X37.000 Y8.880 F2000 S3500
G1 X32.000 Y8.880 F2000 S0
G0 X32.000 Y8.960 F3000
G1 X37.000 Y8.960 F2000 S0
G1 X42.000 Y8.960 F2000 S3500
G1 X47.000 Y8.960 F2000 S0
G0 X47.000 Y9.040 F3000
G1 X42.000 Y9.040 F2000 S0
G1 X37.000 Y9.040 F2000 S3500
G1 X32.000 Y9.040 F2000 S0
G0 X32.000 Y9.120 F3000
G1 X37.000 Y9.120 F2000 S0
G1 X42.000 Y9.120 F2000 S3500
G1 X47.000 Y9.120 F2000 S0
G0 X47.000 Y9.200 F3000
G1 X42.000 Y9.200 F2000 S0
G1 X37.000 Y9.200 F2000 S3500
G1 X32.000 Y9.200 F2000 S0
G0 X32.000 Y9.280 F3000
G1 X37.000 Y9.280 F2000 S0
G1 X42.000 Y9.280 F2000 S3500
G1 X47.000 Y9.280 F2000 S0
G0 X47.000 Y9.360 F3000
G1 X42.000 Y9.360 F2000 S0
G1 X37.000 Y9.360 F2000 S3500
G1 X32.000 Y9.360 F2000 S0
G0 X32.000 Y9.440 F3000
G1 X37.000 Y9.440 F2000 S0
G1 X42.000 Y9.440 F2000 S3500
G1 X47.000 Y9.440 F2000 S0
G0 X47.000 Y9.520 F3000
G1 X42.000 Y9.520 F2000 S0
G1 X37.000 Y9.520 F2000 S3500
G1 X32.000 Y9.520 F2000 S0
G0 X32.000 Y9.600 F3000
G1 X37.000 Y9.600 F2000 S0
G1 X42.000 Y9.600 F2000 S3500
G1 X47.000 Y9.600 F2000 S0
G0 X47.000 Y9.680 F3000
G1 X42.000 Y9.680 F2000 S0
G1 X37.000 Y9.680 F2000 S3500
G1 X32.000 Y9.680 F2000 S0
G0 X32.000 Y9.760 F3000
G1 X37.000 Y9.760 F2000 S0
G1 X42.000 Y9.760 F2000 S3500
G1 X47.000 Y9.760 F2000 S0
G0 X47.000 Y9.840 F3000
G1 X42.000 Y9.840 F2000 S0
G1 X37.000 Y9.840 F2000 S3500
G1 X32.000 Y9.840 F2000 S0
G0 X32.000 Y9.920 F3000
G1 X37.000 Y9.920 F2000 S0
G1 X42.000 Y9.920 F2000 S3500
G1 X47.000 Y9.920 F2000 S0
G0 X47.000 Y10.000 F3000
G1 X42.000 Y10.000 F2000 S0
G1 X37.000 Y10.000 F2000 S3500
G1 X32.000 Y10.000 F2000 S0
G0 X32.000 Y10.080 F3000
G1 X37.000 Y10.080 F2000 S0
G1 X42.000 Y10.080 F2000 S3500
G1 X47.000 Y10.080 F2000 S0
G0 X47.000 Y10.160 F3000
G1 X42.000 Y10.160 F2000 S0
G1 X37.000 Y10.160 F2000 S3500
G1 X32.000 Y10.160 F2000 S0
G0 X32.000 Y10.240 F3000
G1 X37.000 Y10.240 F2000 S0
G1 X42.000 Y10.240 F2000 S3500
G1 X47.000 Y10.240 F2000 S0
G0 X47.000 Y10.320 F3000
G1 X42.000 Y10.320 F2000 S0
G1 X37.000 Y10.320 F2000 S3500
G1 X32.000 Y10.320 F2000 S0
G0 X32.000 Y10.400 F3000
G1 X37.000 Y10.400 F2000 S0
G1 X42.000 Y10.400 F2000 S3500
G1 X47.000 Y10.400 F2000 S0
G0 X47.000 Y10.480 F3000
G1 X42.000 Y10.480 F2000 S0
G1 X37.000 Y10.480 F2000 S3500
G1 X32.000 Y10.480 F2000 S0
G0 X32.000 Y10.560 F3000
G1 X37.000 Y10.560 F2000 S0
G1 X42.000 Y10.560 F2000 S3500
G1 X47.000 Y10.560 F2000 S0
G0 X47.000 Y10.640 F3000
G1 X42.000 Y10.640 F2000 S0
G1 X37.000 Y10.640 F2000 S3500
G1 X32.000 Y10.640 F2000 S0
G0 X32.000 Y10.720 F3000
G1 X37.000 Y10.720 F2000 S0
G1 X42.000 Y10.720 F2000 S3500
G1 X47.000 Y10.720 F2000 S0
G0 X47.000 Y10.800 F3000
G1 X42.000 Y10.800 F2000 S0
G1 X37.000 Y10.800 F2000 S3500
G1 X32.000 Y10.800 F2000 S0
G0 X32.000 Y10.880 F3000
G1 X37.000 Y10.880 F2000 S0
G1 X42.000 Y10.880 F2000 S3500
G1 X47.000 Y10.880 F2000 S0
G0 X47.000 Y10.960 F3000
G1 X42.000 Y10.960 F2000 S0
G1 X37.000 Y10.960 F2000 S3500
G1 X32.000 Y10.960 F2000 S0
G0 X32.000 Y11.040 F3000
G1 X37.000 Y11.040 F2000 S0
G1 X42.000 Y11.040 F2000 S3500
G1 X47.000 Y11.040 F2000 S0
G0 X47.000 Y11.120 F3000
G1 X42.000 Y11.120 F2000 S0
G1 X37.000 Y11.120 F2000 S3500
G1 X32.000 Y11.120 F2000 S0
G0 X32.000 Y11.200 F3000
G1 X37.000 Y11.200 F2000 S0
G1 X42.000 Y11.200 F2000 S3500
G1 X47.000 Y11.200 F2000 S0
G0 X47.000 Y11.280 F3000
G1 X42.000 Y11.280 F2000 S0
G1 X37.000 Y11.280 F2000 S3500
G1 X32.000 Y11.280 F2000 S0
G0 X32.000 Y11.360 F3000
G1 X37.000 Y11.360 F2000 S0
G1 X42.000 Y11.360 F2000 S3500
G1 X47.000 Y11.360 F2000 S0
G0 X47.000 Y11.440 F3000
G1 X42.000 Y11.440 F2000 S0
G1 X37.000 Y11.440 F2000 S3500
G1 X32.000 Y11.440 F2000 S0
G0 X32.000 Y11.520 F3000
G1 X37.000 Y11.520 F2000 S0
G1 X42.000 Y11.520 F2000 S3500
G1 X47.000 Y11.520 F2000 S0
G0 X47.000 Y11.600 F3000
G1 X42.000 Y11.600 F2000 S0
G1 X37.000 Y11.600 F2000 S3500
G1 X32.000 Y11.600 F2000 S0
G0 X32.000 Y11.680 F3000
G1 X37.000 Y11.680 F2000 S0
G1 X42.000 Y11.680 F2000 S3500
G1 X47.000 Y11.680 F2000 S0
G0 X47.000 Y11.760 F3000
G1 X42.000 Y11.760 F2000 S0
G1 X37.000 Y11.760 F2000 S3500
G1 X32.000 Y11.760 F2000 S0
G0 X32.000 Y11.840 F3000
G1 X37.000 Y11.840 F2000 S0
G1 X42.000 Y11.840 F2000 S3500
G1 X47.000 Y11.840 F2000 S0
G0 X47.000 Y11.920 F3000
G1 X42.000 Y11.920 F2000 S0
G1 X37.000 Y11.920 F2000 S3500
G1 X32.000 Y11.920 F2000 S0
G0 X32.000 Y12.000 F3000
G1 X37.000 Y12.000 F2000 S0
G1 X42.000 Y12.000 F2000 S3500
G1 X47.000 Y12.000 F2000 S0
G0 X47.000 Y12.080 F3000
G1 X42.000 Y12.080 F2000 S0
G1 X37.000 Y12.080 F2000 S3500
G1 X32.000 Y12.080 F2000 S0
G0 X32.000 Y12.160 F3000
G1 X37.000 Y12.160 F2000 S0
G1 X42.000 Y12.160 F2000 S3500
G1 X47.000 Y12.160 F2000 S0
G0 X47.000 Y12.240 F3000
G1 X42.000 Y12.240 F2000 S0
G1 X37.000 Y12.240 F2000 S3500
G1 X32.000 Y12.240 F2000 S0
G0 X32.000 Y12.320 F3000
G1 X37.000 Y12.320 F2000 S0
G1 X42.000 Y12.320 F2000 S3500
G1 X47.000 Y12.320 F2000 S0
G0 X47.000 Y12.400 F3000
G1 X42.000 Y12.400 F2000 S0
G1 X37.000 Y12.400 F2000 S3500
G1 X32.000 Y12.400 F2000 S0
G0 X32.000 Y12.480 F3000
G1 X37.000 Y12.480 F2000 S0
G1 X42.000 Y12.480 F2000 S3500
G1 X47.000 Y12.480 F2000 S0
G0 X47.000 Y12.560 F3000
G1 X42.000 Y12.560 F2000 S0
G1 X37.000 Y12.560 F2000 S3500
G1 X32.000 Y12.560 F2000 S0
G0 X32.000 Y12.640 F3000
G1 X37.000 Y12.640 F2000 S0
G1 X42.000 Y12.640 F2000 S3500
G1 X47.000 Y12.640 F2000 S0
G0 X47.000 Y12.720 F3000
G1 X42.000 Y12.720 F2000 S0
G1 X37.000 Y12.720 F2000 S3500
G1 X32.000 Y12.720 F2000 S0
G0 X32.000 Y12.800 F3000
G1 X37.000 Y12.800 F2000 S0
G1 X42.000 Y12.800 F2000 S3500
G1 X47.000 Y12.800 F2000 S0
G0 X47.000 Y12.880 F3000
G1 X42.000 Y12.880 F2000 S0
G1 X37.000 Y12.880 F2000 S3500
G1 X32.000 Y12.880 F2000 S0
G0 X32.000 Y12.960 F3000
G1 X37.000 Y12.960 F2000 S0
G1 X42.000 Y12.960 F2000 S3500
G1 X47.000 Y12.960 F2000 S0
M5
G0 X37.000 Y15.700 F3000
M4 S2000
G1 X37.648 Y15.700 F1500
M5
G0 X37.000 Y15.700 F3000
M4 S2000
G1 X37.000 Y15.160 F1500
M5
G0 X37.000 Y15.160 F3000
M4 S2000
G1 X37.000 Y14.620 F1500
M5
G0 X37.000 Y14.620 F3000
M4 S2000
G1 X37.648 Y14.620 F1500
M5
G0 X37.648 Y15.160 F3000
M4 S2000
G1 X37.648 Y14.620 F1500
M5
G0 X37.000 Y15.160 F3000
M4 S2000
G1 X37.648 Y15.160 F1500
M5
G0 X37.864 Y15.160 F3000
M4 S2000
G1 X38.512 Y15.160 F1500
M5
G0 X38.728 Y15.700 F3000
M4 S2000
G1 X39.376 Y15.700 F1500
M5
G0 X39.376 Y15.700 F3000
M4 S2000
G1 X39.376 Y15.160 F1500
M5
G0 X39.376 Y15.160 F3000
M4 S2000
G1 X39.376 Y14.620 F1500
M5
G0 X38.728 Y14.620 F3000
M4 S2000
G1 X39.376 Y14.620 F1500
M5
G0 X38.728 Y15.160 F3000
M4 S2000
G1 X38.728 Y14.620 F1500
M5
G0 X38.728 Y15.700 F3000
M4 S2000
G1 X38.728 Y15.160 F1500
M5
G0 X39.592 Y15.700 F3000
M4 S2000
G1 X40.240 Y15.700 F1500
M5
G0 X40.240 Y15.700 F3000
M4 S2000
G1 X40.240 Y15.160 F1500
M5
G0 X40.240 Y15.160 F3000
M4 S2000
G1 X40.240 Y14.620 F1500
M5
G0 X39.592 Y14.620 F3000
M4 S2000
G1 X40.240 Y14.620 F1500
M5
G0 X39.592 Y15.160 F3000
M4 S2000
G1 X39.592 Y14.620 F1500
M5
G0 X39.592 Y15.700 F3000
M4 S2000
G1 X39.592 Y15.160 F1500
M5
G0 X40.456 Y15.700 F3000
M4 S2000
G1 X41.104 Y15.700 F1500
M5
G0 X40.456 Y15.700 F3000
M4 S2000
G1 X40.456 Y15.160 F1500
M5
G0 X40.456 Y15.160 F3000
M4 S2000
G1 X41.104 Y15.160 F1500
M5
G0 X40.456 Y15.160 F3000
M4 S2000
G1 X40.456 Y14.620 F1500
M5
G0 X41.104 Y15.160 F3000
M4 S2000
G1 X41.104 Y14.620 F1500
M5
G0 X40.456 Y14.620 F3000
M4 S2000
G1 X41.104 Y14.620 F1500
M5
G0 X24.000 Y8.000 F3000
M4 S0
G1 X29.000 Y8.000 F1750 S0
G1 X34.000 Y8.000 F1750 S3500
G1 X39.000 Y8.000 F1750 S0
G0 X39.000 Y8.080 F3000
G1 X34.000 Y8.080 F1750 S0
G1 X29.000 Y8.080 F1750 S3500
G1 X24.000 Y8.080 F1750 S0
G0 X24.000 Y8.160 F3000
G1 X29.000 Y8.160 F1750 S0
G1 X34.000 Y8.160 F1750 S3500
G1 X39.000 Y8.160 F1750 S0
G0 X39.000 Y8.240 F3000
G1 X34.000 Y8.240 F1750 S0
G1 X29.000 Y8.240 F1750 S3500
G1 X24.000 Y8.240 F1750 S0
G0 X24.000 Y8.320 F3000
G1 X29.000 Y8.320 F1750 S0
G1 X34.000 Y8.320 F1750 S3500
G1 X39.000 Y8.320 F1750 S0
G0 X39.000 Y8.400 F3000
G1 X34.000 Y8.400 F1750 S0
G1 X29.000 Y8.400 F1750 S3500
G1 X24.000 Y8.400 F1750 S0
G0 X24.000 Y8.480 F3000
G1 X29.000 Y8.480 F1750 S0
G1 X34.000 Y8.480 F1750 S3500
G1 X39.000 Y8.480 F1750 S0
G0 X39.000 Y8.560 F3000
G1 X34.000 Y8.560 F1750 S0
G1 X29.000 Y8.560 F1750 S3500
G1 X24.000 Y8.560 F1750 S0
G0 X24.000 Y8.640 F3000
G1 X29.000 Y8.640 F1750 S0
G1 X34.000 Y8.640 F1750 S3500
G1 X39.000 Y8.640 F1750 S0
G0 X39.000 Y8.720 F3000
G1 X34.000 Y8.720 F1750 S0
G1 X29.000 Y8.720 F1750 S3500
G1 X24.000 Y8.720 F1750 S0
G0 X24.000 Y8.800 F3000
G1 X29.000 Y8.800 F1750 S0
G1 X34.000 Y8.800 F1750 S3500
G1 X39.000 Y8.800 F1750 S0
G0 X39.000 Y8.880 F3000
G1 X34.000 Y8.880 F1750 S0
G1 X29.000 Y8.880 F1750 S3500
G1 X24.000 Y8.880 F1750 S0
G0 X24.000 Y8.960 F3000
G1 X29.000 Y8.960 F1750 S0
G1 X34.000 Y8.960 F1750 S3500
G1 X39.000 Y8.960 F1750 S0
G0 X39.000 Y9.040 F3000
G1 X34.000 Y9.040 F1750 S0
G1 X29.000 Y9.040 F1750 S3500
G1 X24.000 Y9.040 F1750 S0
G0 X24.000 Y9.120 F3000
G1 X29.000 Y9.120 F1750 S0
G1 X34.000 Y9.120 F1750 S3500
G1 X39.000 Y9.120 F1750 S0
G0 X39.000 Y9.200 F3000
G1 X34.000 Y9.200 F1750 S0
G1 X29.000 Y9.200 F1750 S3500
G1 X24.000 Y9.200 F1750 S0
G0 X24.000 Y9.280 F3000
G1 X29.000 Y9.280 F1750 S0
G1 X34.000 Y9.280 F1750 S3500
G1 X39.000 Y9.280 F1750 S0
G0 X39.000 Y9.360 F3000
G1 X34.000 Y9.360 F1750 S0
G1 X29.000 Y9.360 F1750 S3500
G1 X24.000 Y9.360 F1750 S0
G0 X24.000 Y9.440 F3000
G1 X29.000 Y9.440 F1750 S0
G1 X34.000 Y9.440 F1750 S3500
G1 X39.000 Y9.440 F1750 S0
G0 X39.000 Y9.520 F3000
G1 X34.000 Y9.520 F1750 S0
G1 X29.000 Y9.520 F1750 S3500
G1 X24.000 Y9.520 F1750 S0
G0 X24.000 Y9.600 F3000
G1 X29.000 Y9.600 F1750 S0
G1 X34.000 Y9.600 F1750 S3500
G1 X39.000 Y9.600 F1750 S0
G0 X39.000 Y9.680 F3000
G1 X34.000 Y9.680 F1750 S0
G1 X29.000 Y9.680 F1750 S3500
G1 X24.000 Y9.680 F1750 S0
G0 X24.000 Y9.760 F3000
G1 X29.000 Y9.760 F1750 S0
G1 X34.000 Y9.760 F1750 S3500
G1 X39.000 Y9.760 F1750 S0
G0 X39.000 Y9.840 F3000
G1 X34.000 Y9.840 F1750 S0
G1 X29.000 Y9.840 F1750 S3500
G1 X24.000 Y9.840 F1750 S0
G0 X24.000 Y9.920 F3000
G1 X29.000 Y9.920 F1750 S0
G1 X34.000 Y9.920 F1750 S3500
G1 X39.000 Y9.920 F1750 S0
G0 X39.000 Y10.000 F3000
G1 X34.000 Y10.000 F1750 S0
G1 X29.000 Y10.000 F1750 S3500
G1 X24.000 Y10.000 F1750 S0
G0 X24.000 Y10.080 F3000
G1 X29.000 Y10.080 F1750 S0
G1 X34.000 Y10.080 F1750 S3500
G1 X39.000 Y10.080 F1750 S0
G0 X39.000 Y10.160 F3000
G1 X34.000 Y10.160 F1750 S0
G1 X29.000 Y10.160 F1750 S3500
G1 X24.000 Y10.160 F1750 S0
G0 X24.000 Y10.240 F3000
G1 X29.000 Y10.240 F1750 S0
G1 X34.000 Y10.240 F1750 S3500
G1 X39.000 Y10.240 F1750 S0
G0 X39.000 Y10.320 F3000
G1 X34.000 Y10.320 F1750 S0
G1 X29.000 Y10.320 F1750 S3500
G1 X24.000 Y10.320 F1750 S0
G0 X24.000 Y10.400 F3000
G1 X29.000 Y10.400 F1750 S0
G1 X34.000 Y10.400 F1750 S3500
G1 X39.000 Y10.400 F1750 S0
G0 X39.000 Y10.480 F3000
G1 X34.000 Y10.480 F1750 S0
G1 X29.000 Y10.480 F1750 S3500
G1 X24.000 Y10.480 F1750 S0
G0 X24.000 Y10.560 F3000
G1 X29.000 Y10.560 F1750 S0
G1 X34.000 Y10.560 F1750 S3500
G1 X39.000 Y10.560 F1750 S0
G0 X39.000 Y10.640 F3000
G1 X34.000 Y10.640 F1750 S0
G1 X29.000 Y10.640 F1750 S3500
G1 X24.000 Y10.640 F1750 S0
G0 X24.000 Y10.720 F3000
G1 X29.000 Y10.720 F1750 S0
G1 X34.000 Y10.720 F1750 S3500
G1 X39.000 Y10.720 F1750 S0
G0 X39.000 Y10.800 F3000
G1 X34.000 Y10.800 F1750 S0
G1 X29.000 Y10.800 F1750 S3500
G1 X24.000 Y10.800 F1750 S0
G0 X24.000 Y10.880 F3000
G1 X29.000 Y10.880 F1750 S0
G1 X34.000 Y10.880 F1750 S3500
G1 X39.000 Y10.880 F1750 S0
G0 X39.000 Y10.960 F3000
G1 X34.000 Y10.960 F1750 S0
G1 X29.000 Y10.960 F1750 S3500
G1 X24.000 Y10.960 F1750 S0
G0 X24.000 Y11.040 F3000
G1 X29.000 Y11.040 F1750 S0
G1 X34.000 Y11.040 F1750 S3500
G1 X39.000 Y11.040 F1750 S0
G0 X39.000 Y11.120 F3000
G1 X34.000 Y11.120 F1750 S0
G1 X29.000 Y11.120 F1750 S3500
G1 X24.000 Y11.120 F1750 S0
G0 X24.000 Y11.200 F3000
G1 X29.000 Y11.200 F1750 S0
G1 X34.000 Y11.200 F1750 S3500
G1 X39.000 Y11.200 F1750 S0
G0 X39.000 Y11.280 F3000
G1 X34.000 Y11.280 F1750 S0
G1 X29.000 Y11.280 F1750 S3500
G1 X24.000 Y11.280 F1750 S0
G0 X24.000 Y11.360 F3000
G1 X29.000 Y11.360 F1750 S0
G1 X34.000 Y11.360 F1750 S3500
G1 X39.000 Y11.360 F1750 S0
G0 X39.000 Y11.440 F3000
G1 X34.000 Y11.440 F1750 S0
G1 X29.000 Y11.440 F1750 S3500
G1 X24.000 Y11.440 F1750 S0
G0 X24.000 Y11.520 F3000
G1 X29.000 Y11.520 F1750 S0
G1 X34.000 Y11.520 F1750 S3500
G1 X39.000 Y11.520 F1750 S0
G0 X39.000 Y11.600 F3000
G1 X34.000 Y11.600 F1750 S0
G1 X29.000 Y11.600 F1750 S3500
G1 X24.000 Y11.600 F1750 S0
G0 X24.000 Y11.680 F3000
G1 X29.000 Y11.680 F1750 S0
G1 X34.000 Y11.680 F1750 S3500
G1 X39.000 Y11.680 F1750 S0
G0 X39.000 Y11.760 F3000
G1 X34.000 Y11.760 F1750 S0
G1 X29.000 Y11.760 F1750 S3500
G1 X24.000 Y11.760 F1750 S0
G0 X24.000 Y11.840 F3000
G1 X29.000 Y11.840 F1750 S0
G1 X34.000 Y11.840 F1750 S3500
G1 X39.000 Y11.840 F1750 S0
G0 X39.000 Y11.920 F3000
G1 X34.000 Y11.920 F1750 S0
G1 X29.000 Y11.920 F1750 S3500
G1 X24.000 Y11.920 F1750 S0
G0 X24.000 Y12.000 F3000
G1 X29.000 Y12.000 F1750 S0
G1 X34.000 Y12.000 F1750 S3500
G1 X39.000 Y12.000 F1750 S0
G0 X39.000 Y12.080 F3000
G1 X34.000 Y12.080 F1750 S0
G1 X29.000 Y12.080 F1750 S3500
G1 X24.000 Y12.080 F1750 S0
G0 X24.000 Y12.160 F3000
G1 X29.000 Y12.160 F1750 S0
G1 X34.000 Y12.160 F1750 S3500
G1 X39.000 Y12.160 F1750 S0
G0 X39.000 Y12.240 F3000
G1 X34.000 Y12.240 F1750 S0
G1 X29.000 Y12.240 F1750 S3500
G1 X24.000 Y12.240 F1750 S0
G0 X24.000 Y12.320 F3000
G1 X29.000 Y12.320 F1750 S0
G1 X34.000 Y12.320 F1750 S3500
G1 X39.000 Y12.320 F1750 S0
G0 X39.000 Y12.400 F3000
G1 X34.000 Y12.400 F1750 S0
G1 X29.000 Y12.400 F1750 S3500
G1 X24.000 Y12.400 F1750 S0
G0 X24.000 Y12.480 F3000
G1 X29.000 Y12.480 F1750 S0
G1 X34.000 Y12.480 F1750 S3500
G1 X39.000 Y12.480 F1750 S0
G0 X39.000 Y12.560 F3000
G1 X34.000 Y12.560 F1750 S0
G1 X29.000 Y12.560 F1750 S3500
G1 X24.000 Y12.560 F1750 S0
G0 X24.000 Y12.640 F3000
G1 X29.000 Y12.640 F1750 S0
G1 X34.000 Y12.640 F1750 S3500
G1 X39.000 Y12.640 F1750 S0
G0 X39.000 Y12.720 F3000
G1 X34.000 Y12.720 F1750 S0
G1 X29.000 Y12.720 F1750 S3500
G1 X24.000 Y12.720 F1750 S0
G0 X24.000 Y12.800 F3000
G1 X29.000 Y12.800 F1750 S0
G1 X34.000 Y12.800 F1750 S3500
G1 X39.000 Y12.800 F1750 S0
G0 X39.000 Y12.880 F3000
G1 X34.000 Y12.880 F1750 S0
G1 X29.000 Y12.880 F1750 S3500
G1 X24.000 Y12.880 F1750 S0
G0 X24.000 Y12.960 F3000
G1 X29.000 Y12.960 F1750 S0
G1 X34.000 Y12.960 F1750 S3500
G1 X39.000 Y12.960 F1750 S0
M5
G0 X29.000 Y15.700 F3000
M4 S2000
G1 X29.648 Y15.700 F1500
M5
G0 X29.000 Y15.700 F3000
M4 S2000
G1 X29.000 Y15.160 F1500
M5
G0 X29.000 Y15.160 F3000
M4 S2000
G1 X29.000 Y14.620 F1500
M5
G0 X29.000 Y14.620 F3000
M4 S2000
G1 X29.648 Y14.620 F1500
M5
G0 X29.648 Y15.160 F3000
M4 S2000
G1 X29.648 Y14.620 F1500
M5
G0 X29.000 Y15.160 F3000
M4 S2000
G1 X29.648 Y15.160 F1500
M5
G0 X29.864 Y15.160 F3000
M4 S2000
G1 X30.512 Y15.160 F1500
M5
G0 X30.728 Y15.700 F3000
M4 S2000
G1 X31.376 Y15.700 F1500
M5
G0 X31.376 Y15.700 F3000
M4 S2000
G1 X31.376 Y15.160 F1500
M5
G0 X31.376 Y15.160 F3000
M4 S2000
G1 X31.376 Y14.620 F1500
M5
G0 X30.728 Y14.620 F3000
M4 S2000
G1 X31.376 Y14.620 F1500
M5
G0 X30.728 Y15.160 F3000
M4 S2000
G1 X30.728 Y14.620 F1500
M5
G0 X30.728 Y15.700 F3000
M4 S2000
G1 X30.728 Y15.160 F1500
M5
G0 X31.592 Y15.700 F3000
M4 S2000
G1 X32.240 Y15.700 F1500
M5
G0 X32.240 Y15.700 F3000
M4 S2000
G1 X32.240 Y15.160 F1500
M5
G0 X32.240 Y15.160 F3000
M4 S2000
G1 X32.240 Y14.620 F1500
M5
G0 X31.592 Y14.620 F3000
M4 S2000
G1 X32.240 Y14.620 F1500
M5
G0 X31.592 Y15.160 F3000
M4 S2000
G1 X31.592 Y14.620 F1500
M5
G0 X31.592 Y15.700 F3000
M4 S2000
G1 X31.592 Y15.160 F1500
M5
G0 X32.456 Y15.700 F3000
M4 S2000
G1 X33.104 Y15.700 F1500
M5
G0 X33.104 Y15.700 F3000
M4 S2000
G1 X33.104 Y15.160 F1500
M5
G0 X33.104 Y15.160 F3000
M4 S2000
G1 X33.104 Y14.620 F1500
M5
G0 X16.000 Y8.000 F3000
M4 S0
G1 X21.000 Y8.000 F1500 S0
G1 X26.000 Y8.000 F1500 S3500
G1 X31.000 Y8.000 F1500 S0
G0 X31.000 Y8.080 F3000
G1 X26.000 Y8.080 F1500 S0
G1 X21.000 Y8.080 F1500 S3500
G1 X16.000 Y8.080 F1500 S0
G0 X16.000 Y8.160 F3000
G1 X21.000 Y8.160 F1500 S0
G1 X26.000 Y8.160 F1500 S3500
G1 X31.000 Y8.160 F1500 S0
G0 X31.000 Y8.240 F3000
G1 X26.000 Y8.240 F1500 S0
G1 X21.000 Y8.240 F1500 S3500
G1 X16.000 Y8.240 F1500 S0
G0 X16.000 Y8.320 F3000
G1 X21.000 Y8.320 F1500 S0
G1 X26.000 Y8.320 F1500 S3500
G1 X31.000 Y8.320 F1500 S0
G0 X31.000 Y8.400 F3000
G1 X26.000 Y8.400 F1500 S0
G1 X21.000 Y8.400 F1500 S3500
G1 X16.000 Y8.400 F1500 S0
G0 X16.000 Y8.480 F3000
G1 X21.000 Y8.480 F1500 S0
G1 X26.000 Y8.480 F1500 S3500
G1 X31.000 Y8.480 F1500 S0
G0 X31.000 Y8.560 F3000
G1 X26.000 Y8.560 F1500 S0
G1 X21.000 Y8.560 F1500 S3500
G1 X16.000 Y8.560 F1500 S0
G0 X16.000 Y8.640 F3000
G1 X21.000 Y8.640 F1500 S0
G1 X26.000 Y8.640 F1500 S3500
G1 X31.000 Y8.640 F1500 S0
G0 X31.000 Y8.720 F3000
G1 X26.000 Y8.720 F1500 S0
G1 X21.000 Y8.720 F1500 S3500
G1 X16.000 Y8.720 F1500 S0
G0 X16.000 Y8.800 F3000
G1 X21.000 Y8.800 F1500 S0
G1 X26.000 Y8.800 F1500 S3500
G1 X31.000 Y8.800 F1500 S0
G0 X31.000 Y8.880 F3000
G1 X26.000 Y8.880 F1500 S0
G1 X21.000 Y8.880 F1500 S3500
G1 X16.000 Y8.880 F1500 S0
G0 X16.000 Y8.960 F3000
G1 X21.000 Y8.960 F1500 S0
G1 X26.000 Y8.960 F1500 S3500
G1 X31.000 Y8.960 F1500 S0
G0 X31.000 Y9.040 F3000
G1 X26.000 Y9.040 F1500 S0
G1 X21.000 Y9.040 F1500 S3500
G1 X16.000 Y9.040 F1500 S0
G0 X16.000 Y9.120 F3000
G1 X21.000 Y9.120 F1500 S0
G1 X26.000 Y9.120 F1500 S3500
G1 X31.000 Y9.120 F1500 S0
G0 X31.000 Y9.200 F3000
G1 X26.000 Y9.200 F1500 S0
G1 X21.000 Y9.200 F1500 S3500
G1 X16.000 Y9.200 F1500 S0
G0 X16.000 Y9.280 F3000
G1 X21.000 Y9.280 F1500 S0
G1 X26.000 Y9.280 F1500 S3500
G1 X31.000 Y9.280 F1500 S0
G0 X31.000 Y9.360 F3000
G1 X26.000 Y9.360 F1500 S0
G1 X21.000 Y9.360 F1500 S3500
G1 X16.000 Y9.360 F1500 S0
G0 X16.000 Y9.440 F3000
G1 X21.000 Y9.440 F1500 S0
G1 X26.000 Y9.440 F1500 S3500
G1 X31.000 Y9.440 F1500 S0
G0 X31.000 Y9.520 F3000
G1 X26.000 Y9.520 F1500 S0
G1 X21.000 Y9.520 F1500 S3500
G1 X16.000 Y9.520 F1500 S0
G0 X16.000 Y9.600 F3000
G1 X21.000 Y9.600 F1500 S0
G1 X26.000 Y9.600 F1500 S3500
G1 X31.000 Y9.600 F1500 S0
G0 X31.000 Y9.680 F3000
G1 X26.000 Y9.680 F1500 S0
G1 X21.000 Y9.680 F1500 S3500
G1 X16.000 Y9.680 F1500 S0
G0 X16.000 Y9.760 F3000
G1 X21.000 Y9.760 F1500 S0
G1 X26.000 Y9.760 F1500 S3500
G1 X31.000 Y9.760 F1500 S0
G0 X31.000 Y9.840 F3000
G1 X26.000 Y9.840 F1500 S0
G1 X21.000 Y9.840 F1500 S3500
G1 X16.000 Y9.840 F1500 S0
G0 X16.000 Y9.920 F3000
G1 X21.000 Y9.920 F1500 S0
G1 X26.000 Y9.920 F1500 S3500
G1 X31.000 Y9.920 F1500 S0
G0 X31.000 Y10.000 F3000
G1 X26.000 Y10.000 F1500 S0
G1 X21.000 Y10.000 F1500 S3500
G1 X16.000 Y10.000 F1500 S0
G0 X16.000 Y10.080 F3000
G1 X21.000 Y10.080 F1500 S0
G1 X26.000 Y10.080 F1500 S3500
G1 X31.000 Y10.080 F1500 S0
G0 X31.000 Y10.160 F3000
G1 X26.000 Y10.160 F1500 S0
G1 X21.000 Y10.160 F1500 S3500
G1 X16.000 Y10.160 F1500 S0
G0 X16.000 Y10.240 F3000
G1 X21.000 Y10.240 F1500 S0
G1 X26.000 Y10.240 F1500 S3500
G1 X31.000 Y10.240 F1500 S0
G0 X31.000 Y10.320 F3000
G1 X26.000 Y10.320 F1500 S0
G1 X21.000 Y10.320 F1500 S3500
G1 X16.000 Y10.320 F1500 S0
G0 X16.000 Y10.400 F3000
G1 X21.000 Y10.400 F1500 S0
G1 X26.000 Y10.400 F1500 S3500
G1 X31.000 Y10.400 F1500 S0
G0 X31.000 Y10.480 F3000
G1 X26.000 Y10.480 F1500 S0
G1 X21.000 Y10.480 F1500 S3500
G1 X16.000 Y10.480 F1500 S0
G0 X16.000 Y10.560 F3000
G1 X21.000 Y10.560 F1500 S0
G1 X26.000 Y10.560 F1500 S3500
G1 X31.000 Y10.560 F1500 S0
G0 X31.000 Y10.640 F3000
G1 X26.000 Y10.640 F1500 S0
G1 X21.000 Y10.640 F1500 S3500
G1 X16.000 Y10.640 F1500 S0
G0 X16.000 Y10.720 F3000
G1 X21.000 Y10.720 F1500 S0
G1 X26.000 Y10.720 F1500 S3500
G1 X31.000 Y10.720 F1500 S0
G0 X31.000 Y10.800 F3000
G1 X26.000 Y10.800 F1500 S0
G1 X21.000 Y10.800 F1500 S3500
G1 X16.000 Y10.800 F1500 S0
G0 X16.000 Y10.880 F3000
G1 X21.000 Y10.880 F1500 S0
G1 X26.000 Y10.880 F1500 S3500
G1 X31.000 Y10.880 F1500 S0
G0 X31.000 Y10.960 F3000
G1 X26.000 Y10.960 F1500 S0
G1 X21.000 Y10.960 F1500 S3500
G1 X16.000 Y10.960 F1500 S0
G0 X16.000 Y11.040 F3000
G1 X21.000 Y11.040 F1500 S0
G1 X26.000 Y11.040 F1500 S3500
G1 X31.000 Y11.040 F1500 S0
G0 X31.000 Y11.120 F3000
G1 X26.000 Y11.120 F1500 S0
G1 X21.000 Y11.120 F1500 S3500
G1 X16.000 Y11.120 F1500 S0
G0 X16.000 Y11.200 F3000
G1 X21.000 Y11.200 F1500 S0
G1 X26.000 Y11.200 F1500 S3500
G1 X31.000 Y11.200 F1500 S0
G0 X31.000 Y11.280 F3000
G1 X26.000 Y11.280 F1500 S0
G1 X21.000 Y11.280 F1500 S3500
G1 X16.000 Y11.280 F1500 S0
G0 X16.000 Y11.360 F3000
G1 X21.000 Y11.360 F1500 S0
G1 X26.000 Y11.360 F1500 S3500
G1 X31.000 Y11.360 F1500 S0
G0 X31.000 Y11.440 F3000
G1 X26.000 Y11.440 F1500 S0
G1 X21.000 Y11.440 F1500 S3500
G1 X16.000 Y11.440 F1500 S0
G0 X16.000 Y11.520 F3000
G1 X21.000 Y11.520 F1500 S0
G1 X26.000 Y11.520 F1500 S3500
G1 X31.000 Y11.520 F1500 S0
G0 X31.000 Y11.600 F3000
G1 X26.000 Y11.600 F1500 S0
G1 X21.000 Y11.600 F1500 S3500
G1 X16.000 Y11.600 F1500 S0
G0 X16.000 Y11.680 F3000
G1 X21.000 Y11.680 F1500 S0
G1 X26.000 Y11.680 F1500 S3500
G1 X31.000 Y11.680 F1500 S0
G0 X31.000 Y11.760 F3000
G1 X26.000 Y11.760 F1500 S0
G1 X21.000 Y11.760 F1500 S3500
G1 X16.000 Y11.760 F1500 S0
G0 X16.000 Y11.840 F3000
G1 X21.000 Y11.840 F1500 S0
G1 X26.000 Y11.840 F1500 S3500
G1 X31.000 Y11.840 F1500 S0
G0 X31.000 Y11.920 F3000
G1 X26.000 Y11.920 F1500 S0
G1 X21.000 Y11.920 F1500 S3500
G1 X16.000 Y11.920 F1500 S0
G0 X16.000 Y12.000 F3000
G1 X21.000 Y12.000 F1500 S0
G1 X26.000 Y12.000 F1500 S3500
G1 X31.000 Y12.000 F1500 S0
G0 X31.000 Y12.080 F3000
G1 X26.000 Y12.080 F1500 S0
G1 X21.000 Y12.080 F1500 S3500
G1 X16.000 Y12.080 F1500 S0
G0 X16.000 Y12.160 F3000
G1 X21.000 Y12.160 F1500 S0
G1 X26.000 Y12.160 F1500 S3500
G1 X31.000 Y12.160 F1500 S0
G0 X31.000 Y12.240 F3000
G1 X26.000 Y12.240 F1500 S0
G1 X21.000 Y12.240 F1500 S3500
G1 X16.000 Y12.240 F1500 S0
G0 X16.000 Y12.320 F3000
G1 X21.000 Y12.320 F1500 S0
G1 X26.000 Y12.320 F1500 S3500
G1 X31.000 Y12.320 F1500 S0
G0 X31.000 Y12.400 F3000
G1 X26.000 Y12.400 F1500 S0
G1 X21.000 Y12.400 F1500 S3500
G1 X16.000 Y12.400 F1500 S0
G0 X16.000 Y12.480 F3000
G1 X21.000 Y12.480 F1500 S0
G1 X26.000 Y12.480 F1500 S3500
G1 X31.000 Y12.480 F1500 S0
G0 X31.000 Y12.560 F3000
G1 X26.000 Y12.560 F1500 S0
G1 X21.000 Y12.560 F1500 S3500
G1 X16.000 Y12.560 F1500 S0
G0 X16.000 Y12.640 F3000
G1 X21.000 Y12.640 F1500 S0
G1 X26.000 Y12.640 F1500 S3500
G1 X31.000 Y12.640 F1500 S0
G0 X31.000 Y12.720 F3000
G1 X26.000 Y12.720 F1500 S0
G1 X21.000 Y12.720 F1500 S3500
G1 X16.000 Y12.720 F1500 S0
G0 X16.000 Y12.800 F3000
G1 X21.000 Y12.800 F1500 S0
G1 X26.000 Y12.800 F1500 S3500
G1 X31.000 Y12.800 F1500 S0
G0 X31.000 Y12.880 F3000
G1 X26.000 Y12.880 F1500 S0
G1 X21.000 Y12.880 F1500 S3500
G1 X16.000 Y12.880 F1500 S0
G0 X16.000 Y12.960 F3000
G1 X21.000 Y12.960 F1500 S0
G1 X26.000 Y12.960 F1500 S3500
G1 X31.000 Y12.960 F1500 S0
M5
G0 X21.000 Y15.700 F3000
M4 S2000
G1 X21.648 Y15.700 F1500
M5
G0 X21.000 Y15.700 F3000
M4 S2000
G1 X21.000 Y15.160 F1500
M5
G0 X21.000 Y15.160 F3000
M4 S2000
G1 X21.000 Y14.620 F1500
M5
G0 X21.000 Y14.620 F3000
M4 S2000
G1 X21.648 Y14.620 F1500
M5
G0 X21.648 Y15.160 F3000
M4 S2000
G1 X21.648 Y14.620 F1500
M5
G0 X21.000 Y15.160 F3000
M4 S2000
G1 X21.648 Y15.160 F1500
M5
G0 X21.864 Y15.160 F3000
M4 S2000
G1 X22.512 Y15.160 F1500
M5
G0 X22.728 Y15.700 F3000
M4 S2000
G1 X23.376 Y15.700 F1500
M5
G0 X23.376 Y15.700 F3000
M4 S2000
G1 X23.376 Y15.160 F1500
M5
G0 X23.376 Y15.160 F3000
M4 S2000
G1 X23.376 Y14.620 F1500
M5
G0 X22.728 Y14.620 F3000
M4 S2000
G1 X23.376 Y14.620 F1500
M5
G0 X22.728 Y15.160 F3000
M4 S2000
G1 X22.728 Y14.620 F1500
M5
G0 X22.728 Y15.700 F3000
M4 S2000
G1 X22.728 Y15.160 F1500
M5
G0 X23.592 Y15.700 F3000
M4 S2000
G1 X24.240 Y15.700 F1500
M5
G0 X24.240 Y15.700 F3000
M4 S2000
G1 X24.240 Y15.160 F1500
M5
G0 X24.240 Y15.160 F3000
M4 S2000
G1 X24.240 Y14.620 F1500
M5
G0 X23.592 Y14.620 F3000
M4 S2000
G1 X24.240 Y14.620 F1500
M5
G0 X23.592 Y15.160 F3000
M4 S2000
G1 X23.592 Y14.620 F1500
M5
G0 X23.592 Y15.700 F3000
M4 S2000
G1 X23.592 Y15.160 F1500
M5
G0 X24.456 Y15.700 F3000
M4 S2000
G1 X25.104 Y15.700 F1500
M5
G0 X25.104 Y15.700 F3000
M4 S2000
G1 X25.104 Y15.160 F1500
M5
G0 X25.104 Y15.160 F3000
M4 S2000
G1 X25.104 Y14.620 F1500
M5
G0 X24.456 Y14.620 F3000
M4 S2000
G1 X25.104 Y14.620 F1500
M5
G0 X24.456 Y15.160 F3000
M4 S2000
G1 X24.456 Y14.620 F1500
M5
G0 X24.456 Y15.700 F3000
M4 S2000
G1 X24.456 Y15.160 F1500
M5
G0 X24.456 Y15.160 F3000
M4 S2000
G1 X25.104 Y15.160 F1500
M5
G0 X8.660 Y8.000 F3000
M4 S0
G1 X13.000 Y8.000 F1250 S0
G1 X18.000 Y8.000 F1250 S3500
G1 X22.340 Y8.000 F1250 S0
G0 X22.340 Y8.080 F3000
G1 X18.000 Y8.080 F1250 S0
G1 X13.000 Y8.080 F1250 S3500
G1 X8.660 Y8.080 F1250 S0
G0 X8.660 Y8.160 F3000
G1 X13.000 Y8.160 F1250 S0
G1 X18.000 Y8.160 F1250 S3500
G1 X22.340 Y8.160 F1250 S0
G0 X22.340 Y8.240 F3000
G1 X18.000 Y8.240 F1250 S0
G1 X13.000 Y8.240 F1250 S3500
G1 X8.660 Y8.240 F1250 S0
G0 X8.660 Y8.320 F3000
G1 X13.000 Y8.320 F1250 S0
G1 X18.000 Y8.320 F1250 S3500
G1 X22.340 Y8.320 F1250 S0
G0 X22.340 Y8.400 F3000
G1 X18.000 Y8.400 F1250 S0
G1 X13.000 Y8.400 F1250 S3500
G1 X8.660 Y8.400 F1250 S0
G0 X8.660 Y8.480 F3000
G1 X13.000 Y8.480 F1250 S0
G1 X18.000 Y8.480 F1250 S3500
G1 X22.340 Y8.480 F1250 S0
G0 X22.340 Y8.560 F3000
G1 X18.000 Y8.560 F1250 S0
G1 X13.000 Y8.560 F1250 S3500
G1 X8.660 Y8.560 F1250 S0
G0 X8.660 Y8.640 F3000
G1 X13.000 Y8.640 F1250 S0
G1 X18.000 Y8.640 F1250 S3500
G1 X22.340 Y8.640 F1250 S0
G0 X22.340 Y8.720 F3000
G1 X18.000 Y8.720 F1250 S0
G1 X13.000 Y8.720 F1250 S3500
G1 X8.660 Y8.720 F1250 S0
G0 X8.660 Y8.800 F3000
G1 X13.000 Y8.800 F1250 S0
G1 X18.000 Y8.800 F1250 S3500
G1 X22.340 Y8.800 F1250 S0
G0 X22.340 Y8.880 F3000
G1 X18.000 Y8.880 F1250 S0
G1 X13.000 Y8.880 F1250 S3500
G1 X8.660 Y8.880 F1250 S0
G0 X8.660 Y8.960 F3000
G1 X13.000 Y8.960 F1250 S0
G1 X18.000 Y8.960 F1250 S3500
G1 X22.340 Y8.960 F1250 S0
G0 X22.340 Y9.040 F3000
G1 X18.000 Y9.040 F1250 S0
G1 X13.000 Y9.040 F1250 S3500
G1 X8.660 Y9.040 F1250 S0
G0 X8.660 Y9.120 F3000
G1 X13.000 Y9.120 F1250 S0
G1 X18.000 Y9.120 F1250 S3500
G1 X22.340 Y9.120 F1250 S0
G0 X22.340 Y9.200 F3000
G1 X18.000 Y9.200 F1250 S0
G1 X13.000 Y9.200 F1250 S3500
G1 X8.660 Y9.200 F1250 S0
G0 X8.660 Y9.280 F3000
G1 X13.000 Y9.280 F1250 S0
G1 X18.000 Y9.280 F1250 S3500
G1 X22.340 Y9.280 F1250 S0
G0 X22.340 Y9.360 F3000
G1 X18.000 Y9.360 F1250 S0
G1 X13.000 Y9.360 F1250 S3500
G1 X8.660 Y9.360 F1250 S0
G0 X8.660 Y9.440 F3000
G1 X13.000 Y9.440 F1250 S0
G1 X18.000 Y9.440 F1250 S3500
G1 X22.340 Y9.440 F1250 S0
G0 X22.340 Y9.520 F3000
G1 X18.000 Y9.520 F1250 S0
G1 X13.000 Y9.520 F1250 S3500
G1 X8.660 Y9.520 F1250 S0
G0 X8.660 Y9.600 F3000
G1 X13.000 Y9.600 F1250 S0
G1 X18.000 Y9.600 F1250 S3500
G1 X22.340 Y9.600 F1250 S0
G0 X22.340 Y9.680 F3000
G1 X18.000 Y9.680 F1250 S0
G1 X13.000 Y9.680 F1250 S3500
G1 X8.660 Y9.680 F1250 S0
G0 X8.660 Y9.760 F3000
G1 X13.000 Y9.760 F1250 S0
G1 X18.000 Y9.760 F1250 S3500
G1 X22.340 Y9.760 F1250 S0
G0 X22.340 Y9.840 F3000
G1 X18.000 Y9.840 F1250 S0
G1 X13.000 Y9.840 F1250 S3500
G1 X8.660 Y9.840 F1250 S0
G0 X8.660 Y9.920 F3000
G1 X13.000 Y9.920 F1250 S0
G1 X18.000 Y9.920 F1250 S3500
G1 X22.340 Y9.920 F1250 S0
G0 X22.340 Y10.000 F3000
G1 X18.000 Y10.000 F1250 S0
G1 X13.000 Y10.000 F1250 S3500
G1 X8.660 Y10.000 F1250 S0
G0 X8.660 Y10.080 F3000
G1 X13.000 Y10.080 F1250 S0
G1 X18.000 Y10.080 F1250 S3500
G1 X22.340 Y10.080 F1250 S0
G0 X22.340 Y10.160 F3000
G1 X18.000 Y10.160 F1250 S0
G1 X13.000 Y10.160 F1250 S3500
G1 X8.660 Y10.160 F1250 S0
G0 X8.660 Y10.240 F3000
G1 X13.000 Y10.240 F1250 S0
G1 X18.000 Y10.240 F1250 S3500
G1 X22.340 Y10.240 F1250 S0
G0 X22.340 Y10.320 F3000
G1 X18.000 Y10.320 F1250 S0
G1 X13.000 Y10.320 F1250 S3500
G1 X8.660 Y10.320 F1250 S0
G0 X8.660 Y10.400 F3000
G1 X13.000 Y10.400 F1250 S0
G1 X18.000 Y10.400 F1250 S3500
G1 X22.340 Y10.400 F1250 S0
G0 X22.340 Y10.480 F3000
G1 X18.000 Y10.480 F1250 S0
G1 X13.000 Y10.480 F1250 S3500
G1 X8.660 Y10.480 F1250 S0
G0 X8.660 Y10.560 F3000
G1 X13.000 Y10.560 F1250 S0
G1 X18.000 Y10.560 F1250 S3500
G1 X22.340 Y10.560 F1250 S0
G0 X22.340 Y10.640 F3000
G1 X18.000 Y10.640 F1250 S0
G1 X13.000 Y10.640 F1250 S3500
G1 X8.660 Y10.640 F1250 S0
G0 X8.660 Y10.720 F3000
G1 X13.000 Y10.720 F1250 S0
G1 X18.000 Y10.720 F1250 S3500
G1 X22.340 Y10.720 F1250 S0
G0 X22.340 Y10.800 F3000
G1 X18.000 Y10.800 F1250 S0
G1 X13.000 Y10.800 F1250 S3500
G1 X8.660 Y10.800 F1250 S0
G0 X8.660 Y10.880 F3000
G1 X13.000 Y10.880 F1250 S0
G1 X18.000 Y10.880 F1250 S3500
G1 X22.340 Y10.880 F1250 S0
G0 X22.340 Y10.960 F3000
G1 X18.000 Y10.960 F1250 S0
G1 X13.000 Y10.960 F1250 S3500
G1 X8.660 Y10.960 F1250 S0
G0 X8.660 Y11.040 F3000
G1 X13.000 Y11.040 F1250 S0
G1 X18.000 Y11.040 F1250 S3500
G1 X22.340 Y11.040 F1250 S0
G0 X22.340 Y11.120 F3000
G1 X18.000 Y11.120 F1250 S0
G1 X13.000 Y11.120 F1250 S3500
G1 X8.660 Y11.120 F1250 S0
G0 X8.660 Y11.200 F3000
G1 X13.000 Y11.200 F1250 S0
G1 X18.000 Y11.200 F1250 S3500
G1 X22.340 Y11.200 F1250 S0
G0 X22.340 Y11.280 F3000
G1 X18.000 Y11.280 F1250 S0
G1 X13.000 Y11.280 F1250 S3500
G1 X8.660 Y11.280 F1250 S0
G0 X8.660 Y11.360 F3000
G1 X13.000 Y11.360 F1250 S0
G1 X18.000 Y11.360 F1250 S3500
G1 X22.340 Y11.360 F1250 S0
G0 X22.340 Y11.440 F3000
G1 X18.000 Y11.440 F1250 S0
G1 X13.000 Y11.440 F1250 S3500
G1 X8.660 Y11.440 F1250 S0
G0 X8.660 Y11.520 F3000
G1 X13.000 Y11.520 F1250 S0
G1 X18.000 Y11.520 F1250 S3500
G1 X22.340 Y11.520 F1250 S0
G0 X22.340 Y11.600 F3000
G1 X18.000 Y11.600 F1250 S0
G1 X13.000 Y11.600 F1250 S3500
G1 X8.660 Y11.600 F1250 S0
G0 X8.660 Y11.680 F3000
G1 X13.000 Y11.680 F1250 S0
G1 X18.000 Y11.680 F1250 S3500
G1 X22.340 Y11.680 F1250 S0
G0 X22.340 Y11.760 F3000
G1 X18.000 Y11.760 F1250 S0
G1 X13.000 Y11.760 F1250 S3500
G1 X8.660 Y11.760 F1250 S0
G0 X8.660 Y11.840 F3000
G1 X13.000 Y11.840 F1250 S0
G1 X18.000 Y11.840 F1250 S3500
G1 X22.340 Y11.840 F1250 S0
G0 X22.340 Y11.920 F3000
G1 X18.000 Y11.920 F1250 S0
G1 X13.000 Y11.920 F1250 S3500
G1 X8.660 Y11.920 F1250 S0
G0 X8.660 Y12.000 F3000
G1 X13.000 Y12.000 F1250 S0
G1 X18.000 Y12.000 F1250 S3500
G1 X22.340 Y12.000 F1250 S0
G0 X22.340 Y12.080 F3000
G1 X18.000 Y12.080 F1250 S0
G1 X13.000 Y12.080 F1250 S3500
G1 X8.660 Y12.080 F1250 S0
G0 X8.660 Y12.160 F3000
G1 X13.000 Y12.160 F1250 S0
G1 X18.000 Y12.160 F1250 S3500
G1 X22.340 Y12.160 F1250 S0
G0 X22.340 Y12.240 F3000
G1 X18.000 Y12.240 F1250 S0
G1 X13.000 Y12.240 F1250 S3500
G1 X8.660 Y12.240 F1250 S0
G0 X8.660 Y12.320 F3000
G1 X13.000 Y12.320 F1250 S0
G1 X18.000 Y12.320 F1250 S3500
G1 X22.340 Y12.320 F1250 S0
G0 X22.340 Y12.400 F3000
G1 X18.000 Y12.400 F1250 S0
G1 X13.000 Y12.400 F1250 S3500
G1 X8.660 Y12.400 F1250 S0
G0 X8.660 Y12.480 F3000
G1 X13.000 Y12.480 F1250 S0
G1 X18.000 Y12.480 F1250 S3500
G1 X22.340 Y12.480 F1250 S0
G0 X22.340 Y12.560 F3000
G1 X18.000 Y12.560 F1250 S0
G1 X13.000 Y12.560 F1250 S3500
G1 X8.660 Y12.560 F1250 S0
G0 X8.660 Y12.640 F3000
G1 X13.000 Y12.640 F1250 S0
G1 X18.000 Y12.640 F1250 S3500
G1 X22.340 Y12.640 F1250 S0
G0 X22.340 Y12.720 F3000
G1 X18.000 Y12.720 F1250 S0
G1 X13.000 Y12.720 F1250 S3500
G1 X8.660 Y12.720 F1250 S0
G0 X8.660 Y12.800 F3000
G1 X13.000 Y12.800 F1250 S0
G1 X18.000 Y12.800 F1250 S3500
G1 X22.340 Y12.800 F1250 S0
G0 X22.340 Y12.880 F3000
G1 X18.000 Y12.880 F1250 S0
G1 X13.000 Y12.880 F1250 S3500
G1 X8.660 Y12.880 F1250 S0
G0 X8.660 Y12.960 F3000
G1 X13.000 Y12.960 F1250 S0
G1 X18.000 Y12.960 F1250 S3500
G1 X22.340 Y12.960 F1250 S0
M5
G0 X13.000 Y15.700 F3000
M4 S2000
G1 X13.648 Y15.700 F1500
M5
G0 X13.000 Y15.700 F3000
M4 S2000
G1 X13.000 Y15.160 F1500
M5
G0 X13.000 Y15.160 F3000
M4 S2000
G1 X13.000 Y14.620 F1500
M5
G0 X13.000 Y14.620 F3000
M4 S2000
G1 X13.648 Y14.620 F1500
M5
G0 X13.648 Y15.160 F3000
M4 S2000
G1 X13.648 Y14.620 F1500
M5
G0 X13.000 Y15.160 F3000
M4 S2000
G1 X13.648 Y15.160 F1500
M5
G0 X13.864 Y15.160 F3000
M4 S2000
G1 X14.512 Y15.160 F1500
M5
G0 X14.728 Y15.700 F3000
M4 S2000
G1 X15.376 Y15.700 F1500
M5
G0 X15.376 Y15.700 F3000
M4 S2000
G1 X15.376 Y15.160 F1500
M5
G0 X15.376 Y15.160 F3000
M4 S2000
G1 X15.376 Y14.620 F1500
M5
G0 X14.728 Y14.620 F3000
M4 S2000
G1 X15.376 Y14.620 F1500
M5
G0 X14.728 Y15.160 F3000
M4 S2000
G1 X14.728 Y14.620 F1500
M5
G0 X14.728 Y15.700 F3000
M4 S2000
G1 X14.728 Y15.160 F1500
M5
G0 X15.592 Y15.700 F3000
M4 S2000
G1 X16.240 Y15.700 F1500
M5
G0 X16.240 Y15.700 F3000
M4 S2000
G1 X16.240 Y15.160 F1500
M5
G0 X16.240 Y15.160 F3000
M4 S2000
G1 X16.240 Y14.620 F1500
M5
G0 X15.592 Y14.620 F3000
M4 S2000
G1 X16.240 Y14.620 F1500
M5
G0 X15.592 Y15.160 F3000
M4 S2000
G1 X15.592 Y14.620 F1500
M5
G0 X15.592 Y15.700 F3000
M4 S2000
G1 X15.592 Y15.160 F1500
M5
G0 X16.456 Y15.700 F3000
M4 S2000
G1 X17.104 Y15.700 F1500
M5
G0 X17.104 Y15.700 F3000
M4 S2000
G1 X17.104 Y15.160 F1500
M5
G0 X17.104 Y15.160 F3000
M4 S2000
G1 X17.104 Y14.620 F1500
M5
G0 X16.456 Y14.620 F3000
M4 S2000
G1 X17.104 Y14.620 F1500
M5
G0 X16.456 Y15.700 F3000
M4 S2000
G1 X16.456 Y15.160 F1500
M5
G0 X16.456 Y15.160 F3000
M4 S2000
G1 X17.104 Y15.160 F1500
M5
G0 X2.222 Y8.000 F3000
M4 S0
G1 X5.000 Y8.000 F1000 S0
G1 X10.000 Y8.000 F1000 S3500
G1 X12.778 Y8.000 F1000 S0
G0 X12.778 Y8.080 F3000
G1 X10.000 Y8.080 F1000 S0
G1 X5.000 Y8.080 F1000 S3500
G1 X2.222 Y8.080 F1000 S0
G0 X2.222 Y8.160 F3000
G1 X5.000 Y8.160 F1000 S0
G1 X10.000 Y8.160 F1000 S3500
G1 X12.778 Y8.160 F1000 S0
G0 X12.778 Y8.240 F3000
G1 X10.000 Y8.240 F1000 S0
G1 X5.000 Y8.240 F1000 S3500
G1 X2.222 Y8.240 F1000 S0
G0 X2.222 Y8.320 F3000
G1 X5.000 Y8.320 F1000 S0
G1 X10.000 Y8.320 F1000 S3500
G1 X12.778 Y8.320 F1000 S0
G0 X12.778 Y8.400 F3000
G1 X10.000 Y8.400 F1000 S0
G1 X5.000 Y8.400 F1000 S3500
G1 X2.222 Y8.400 F1000 S0
G0 X2.222 Y8.480 F3000
G1 X5.000 Y8.480 F1000 S0
G1 X10.000 Y8.480 F1000 S3500
G1 X12.778 Y8.480 F1000 S0
G0 X12.778 Y8.560 F3000
G1 X10.000 Y8.560 F1000 S0
G1 X5.000 Y8.560 F1000 S3500
G1 X2.222 Y8.560 F1000 S0
G0 X2.222 Y8.640 F3000
G1 X5.000 Y8.640 F1000 S0
G1 X10.000 Y8.640 F1000 S3500
G1 X12.778 Y8.640 F1000 S0
G0 X12.778 Y8.720 F3000
G1 X10.000 Y8.720 F1000 S0
G1 X5.000 Y8.720 F1000 S3500
G1 X2.222 Y8.720 F1000 S0
G0 X2.222 Y8.800 F3000
G1 X5.000 Y8.800 F1000 S0
G1 X10.000 Y8.800 F1000 S3500
G1 X12.778 Y8.800 F1000 S0
G0 X12.778 Y8.880 F3000
G1 X10.000 Y8.880 F1000 S0
G1 X5.000 Y8.880 F1000 S3500
G1 X2.222 Y8.880 F1000 S0
G0 X2.222 Y8.960 F3000
G1 X5.000 Y8.960 F1000 S0
G1 X10.000 Y8.960 F1000 S3500
G1 X12.778 Y8.960 F1000 S0
G0 X12.778 Y9.040 F3000
G1 X10.000 Y9.040 F1000 S0
G1 X5.000 Y9.040 F1000 S3500
G1 X2.222 Y9.040 F1000 S0
G0 X2.222 Y9.120 F3000
G1 X5.000 Y9.120 F1000 S0
G1 X10.000 Y9.120 F1000 S3500
G1 X12.778 Y9.120 F1000 S0
G0 X12.778 Y9.200 F3000
G1 X10.000 Y9.200 F1000 S0
G1 X5.000 Y9.200 F1000 S3500
G1 X2.222 Y9.200 F1000 S0
G0 X2.222 Y9.280 F3000
G1 X5.000 Y9.280 F1000 S0
G1 X10.000 Y9.280 F1000 S3500
G1 X12.778 Y9.280 F1000 S0
G0 X12.778 Y9.360 F3000
G1 X10.000 Y9.360 F1000 S0
G1 X5.000 Y9.360 F1000 S3500
G1 X2.222 Y9.360 F1000 S0
G0 X2.222 Y9.440 F3000
G1 X5.000 Y9.440 F1000 S0
G1 X10.000 Y9.440 F1000 S3500
G1 X12.778 Y9.440 F1000 S0
G0 X12.778 Y9.520 F3000
G1 X10.000 Y9.520 F1000 S0
G1 X5.000 Y9.520 F1000 S3500
G1 X2.222 Y9.520 F1000 S0
G0 X2.222 Y9.600 F3000
G1 X5.000 Y9.600 F1000 S0
G1 X10.000 Y9.600 F1000 S3500
G1 X12.778 Y9.600 F1000 S0
G0 X12.778 Y9.680 F3000
G1 X10.000 Y9.680 F1000 S0
G1 X5.000 Y9.680 F1000 S3500
G1 X2.222 Y9.680 F1000 S0
G0 X2.222 Y9.760 F3000
G1 X5.000 Y9.760 F1000 S0
G1 X10.000 Y9.760 F1000 S3500
G1 X12.778 Y9.760 F1000 S0
G0 X12.778 Y9.840 F3000
G1 X10.000 Y9.840 F1000 S0
G1 X5.000 Y9.840 F1000 S3500
G1 X2.222 Y9.840 F1000 S0
G0 X2.222 Y9.920 F3000
G1 X5.000 Y9.920 F1000 S0
G1 X10.000 Y9.920 F1000 S3500
G1 X12.778 Y9.920 F1000 S0
G0 X12.778 Y10.000 F3000
G1 X10.000 Y10.000 F1000 S0
G1 X5.000 Y10.000 F1000 S3500
G1 X2.222 Y10.000 F1000 S0
G0 X2.222 Y10.080 F3000
G1 X5.000 Y10.080 F1000 S0
G1 X10.000 Y10.080 F1000 S3500
G1 X12.778 Y10.080 F1000 S0
G0 X12.778 Y10.160 F3000
G1 X10.000 Y10.160 F1000 S0
G1 X5.000 Y10.160 F1000 S3500
G1 X2.222 Y10.160 F1000 S0
G0 X2.222 Y10.240 F3000
G1 X5.000 Y10.240 F1000 S0
G1 X10.000 Y10.240 F1000 S3500
G1 X12.778 Y10.240 F1000 S0
G0 X12.778 Y10.320 F3000
G1 X10.000 Y10.320 F1000 S0
G1 X5.000 Y10.320 F1000 S3500
G1 X2.222 Y10.320 F1000 S0
G0 X2.222 Y10.400 F3000
G1 X5.000 Y10.400 F1000 S0
G1 X10.000 Y10.400 F1000 S3500
G1 X12.778 Y10.400 F1000 S0
G0 X12.778 Y10.480 F3000
G1 X10.000 Y10.480 F1000 S0
G1 X5.000 Y10.480 F1000 S3500
G1 X2.222 Y10.480 F1000 S0
G0 X2.222 Y10.560 F3000
G1 X5.000 Y10.560 F1000 S0
G1 X10.000 Y10.560 F1000 S3500
G1 X12.778 Y10.560 F1000 S0
G0 X12.778 Y10.640 F3000
G1 X10.000 Y10.640 F1000 S0
G1 X5.000 Y10.640 F1000 S3500
G1 X2.222 Y10.640 F1000 S0
G0 X2.222 Y10.720 F3000
G1 X5.000 Y10.720 F1000 S0
G1 X10.000 Y10.720 F1000 S3500
G1 X12.778 Y10.720 F1000 S0
G0 X12.778 Y10.800 F3000
G1 X10.000 Y10.800 F1000 S0
G1 X5.000 Y10.800 F1000 S3500
G1 X2.222 Y10.800 F1000 S0
G0 X2.222 Y10.880 F3000
G1 X5.000 Y10.880 F1000 S0
G1 X10.000 Y10.880 F1000 S3500
G1 X12.778 Y10.880 F1000 S0
G0 X12.778 Y10.960 F3000
G1 X10.000 Y10.960 F1000 S0
G1 X5.000 Y10.960 F1000 S3500
G1 X2.222 Y10.960 F1000 S0
G0 X2.222 Y11.040 F3000
G1 X5.000 Y11.040 F1000 S0
G1 X10.000 Y11.040 F1000 S3500
G1 X12.778 Y11.040 F1000 S0
G0 X12.778 Y11.120 F3000
G1 X10.000 Y11.120 F1000 S0
G1 X5.000 Y11.120 F1000 S3500
G1 X2.222 Y11.120 F1000 S0
G0 X2.222 Y11.200 F3000
G1 X5.000 Y11.200 F1000 S0
G1 X10.000 Y11.200 F1000 S3500
G1 X12.778 Y11.200 F1000 S0
G0 X12.778 Y11.280 F3000
G1 X10.000 Y11.280 F1000 S0
G1 X5.000 Y11.280 F1000 S3500
G1 X2.222 Y11.280 F1000 S0
G0 X2.222 Y11.360 F3000
G1 X5.000 Y11.360 F1000 S0
G1 X10.000 Y11.360 F1000 S3500
G1 X12.778 Y11.360 F1000 S0
G0 X12.778 Y11.440 F3000
G1 X10.000 Y11.440 F1000 S0
G1 X5.000 Y11.440 F1000 S3500
G1 X2.222 Y11.440 F1000 S0
G0 X2.222 Y11.520 F3000
G1 X5.000 Y11.520 F1000 S0
G1 X10.000 Y11.520 F1000 S3500
G1 X12.778 Y11.520 F1000 S0
G0 X12.778 Y11.600 F3000
G1 X10.000 Y11.600 F1000 S0
G1 X5.000 Y11.600 F1000 S3500
G1 X2.222 Y11.600 F1000 S0
G0 X2.222 Y11.680 F3000
G1 X5.000 Y11.680 F1000 S0
G1 X10.000 Y11.680 F1000 S3500
G1 X12.778 Y11.680 F1000 S0
G0 X12.778 Y11.760 F3000
G1 X10.000 Y11.760 F1000 S0
G1 X5.000 Y11.760 F1000 S3500
G1 X2.222 Y11.760 F1000 S0
G0 X2.222 Y11.840 F3000
G1 X5.000 Y11.840 F1000 S0
G1 X10.000 Y11.840 F1000 S3500
G1 X12.778 Y11.840 F1000 S0
G0 X12.778 Y11.920 F3000
G1 X10.000 Y11.920 F1000 S0
G1 X5.000 Y11.920 F1000 S3500
G1 X2.222 Y11.920 F1000 S0
G0 X2.222 Y12.000 F3000
G1 X5.000 Y12.000 F1000 S0
G1 X10.000 Y12.000 F1000 S3500
G1 X12.778 Y12.000 F1000 S0
G0 X12.778 Y12.080 F3000
G1 X10.000 Y12.080 F1000 S0
G1 X5.000 Y12.080 F1000 S3500
G1 X2.222 Y12.080 F1000 S0
G0 X2.222 Y12.160 F3000
G1 X5.000 Y12.160 F1000 S0
G1 X10.000 Y12.160 F1000 S3500
G1 X12.778 Y12.160 F1000 S0
G0 X12.778 Y12.240 F3000
G1 X10.000 Y12.240 F1000 S0
G1 X5.000 Y12.240 F1000 S3500
G1 X2.222 Y12.240 F1000 S0
G0 X2.222 Y12.320 F3000
G1 X5.000 Y12.320 F1000 S0
G1 X10.000 Y12.320 F1000 S3500
G1 X12.778 Y12.320 F1000 S0
G0 X12.778 Y12.400 F3000
G1 X10.000 Y12.400 F1000 S0
G1 X5.000 Y12.400 F1000 S3500
G1 X2.222 Y12.400 F1000 S0
G0 X2.222 Y12.480 F3000
G1 X5.000 Y12.480 F1000 S0
G1 X10.000 Y12.480 F1000 S3500
G1 X12.778 Y12.480 F1000 S0
G0 X12.778 Y12.560 F3000
G1 X10.000 Y12.560 F1000 S0
G1 X5.000 Y12.560 F1000 S3500
G1 X2.222 Y12.560 F1000 S0
G0 X2.222 Y12.640 F3000
G1 X5.000 Y12.640 F1000 S0
G1 X10.000 Y12.640 F1000 S3500
G1 X12.778 Y12.640 F1000 S0
G0 X12.778 Y12.720 F3000
G1 X10.000 Y12.720 F1000 S0
G1 X5.000 Y12.720 F1000 S3500
G1 X2.222 Y12.720 F1000 S0
G0 X2.222 Y12.800 F3000
G1 X5.000 Y12.800 F1000 S0
G1 X10.000 Y12.800 F1000 S3500
G1 X12.778 Y12.800 F1000 S0
G0 X12.778 Y12.880 F3000
G1 X10.000 Y12.880 F1000 S0
G1 X5.000 Y12.880 F1000 S3500
G1 X2.222 Y12.880 F1000 S0
G0 X2.222 Y12.960 F3000
G1 X5.000 Y12.960 F1000 S0
G1 X10.000 Y12.960 F1000 S3500
G1 X12.778 Y12.960 F1000 S0
M5
G0 X5.000 Y15.700 F3000
M4 S2000
G1 X5.648 Y15.700 F1500
M5
G0 X5.000 Y15.700 F3000
M4 S2000
G1 X5.000 Y15.160 F1500
M5
G0 X5.000 Y15.160 F3000
M4 S2000
G1 X5.000 Y14.620 F1500
M5
G0 X5.000 Y14.620 F3000
M4 S2000
G1 X5.648 Y14.620 F1500
M5
G0 X5.648 Y15.160 F3000
M4 S2000
G1 X5.648 Y14.620 F1500
M5
G0 X5.000 Y15.160 F3000
M4 S2000
G1 X5.648 Y15.160 F1500
M5
G0 X5.864 Y15.160 F3000
M4 S2000
G1 X6.512 Y15.160 F1500
M5
G0 X6.728 Y15.700 F3000
M4 S2000
G1 X7.376 Y15.700 F1500
M5
G0 X7.376 Y15.700 F3000
M4 S2000
G1 X7.376 Y15.160 F1500
M5
G0 X7.376 Y15.160 F3000
M4 S2000
G1 X7.376 Y14.620 F1500
M5
G0 X6.728 Y14.620 F3000
M4 S2000
G1 X7.376 Y14.620 F1500
M5
G0 X6.728 Y15.160 F3000
M4 S2000
G1 X6.728 Y14.620 F1500
M5
G0 X6.728 Y15.700 F3000
M4 S2000
G1 X6.728 Y15.160 F1500
M5
G0 X8.240 Y15.700 F3000
M4 S2000
G1 X8.240 Y15.160 F1500
M5
G0 X8.240 Y15.160 F3000
M4 S2000
G1 X8.240 Y14.620 F1500
M5
G0 X8.456 Y15.700 F3000
M4 S2000
G1 X9.104 Y15.700 F1500
M5
G0 X9.104 Y15.700 F3000
M4 S2000
G1 X9.104 Y15.160 F1500
M5
G0 X9.104 Y15.160 F3000
M4 S2000
G1 X9.104 Y14.620 F1500
M5
G0 X8.456 Y14.620 F3000
M4 S2000
G1 X9.104 Y14.620 F1500
M5
G0 X8.456 Y15.160 F3000
M4 S2000
G1 X8.456 Y14.620 F1500
M5
G0 X8.456 Y15.700 F3000
M4 S2000
G1 X8.456 Y15.160 F1500
M5
G0 X2.222 Y16.000 F3000
M4 S0
G1 X5.000 Y16.000 F1000 S0
G1 X10.000 Y16.000 F1000 S5000
G1 X12.778 Y16.000 F1000 S0
G0 X12.778 Y16.080 F3000
G1 X10.000 Y16.080 F1000 S0
G1 X5.000 Y16.080 F1000 S5000
G1 X2.222 Y16.080 F1000 S0
G0 X2.222 Y16.160 F3000
G1 X5.000 Y16.160 F1000 S0
G1 X10.000 Y16.160 F1000 S5000
G1 X12.778 Y16.160 F1000 S0
G0 X12.778 Y16.240 F3000
G1 X10.000 Y16.240 F1000 S0
G1 X5.000 Y16.240 F1000 S5000
G1 X2.222 Y16.240 F1000 S0
G0 X2.222 Y16.320 F3000
G1 X5.000 Y16.320 F1000 S0
G1 X10.000 Y16.320 F1000 S5000
G1 X12.778 Y16.320 F1000 S0
G0 X12.778 Y16.400 F3000
G1 X10.000 Y16.400 F1000 S0
G1 X5.000 Y16.400 F1000 S5000
G1 X2.222 Y16.400 F1000 S0
G0 X2.222 Y16.480 F3000
G1 X5.000 Y16.480 F1000 S0
G1 X10.000 Y16.480 F1000 S5000
G1 X12.778 Y16.480 F1000 S0
G0 X12.778 Y16.560 F3000
G1 X10.000 Y16.560 F1000 S0
G1 X5.000 Y16.560 F1000 S5000
G1 X2.222 Y16.560 F1000 S0
G0 X2.222 Y16.640 F3000
G1 X5.000 Y16.640 F1000 S0
G1 X10.000 Y16.640 F1000 S5000
G1 X12.778 Y16.640 F1000 S0
G0 X12.778 Y16.720 F3000
G1 X10.000 Y16.720 F1000 S0
G1 X5.000 Y16.720 F1000 S5000
G1 X2.222 Y16.720 F1000 S0
G0 X2.222 Y16.800 F3000
G1 X5.000 Y16.800 F1000 S0
G1 X10.000 Y16.800 F1000 S5000
G1 X12.778 Y16.800 F1000 S0
G0 X12.778 Y16.880 F3000
G1 X10.000 Y16.880 F1000 S0
G1 X5.000 Y16.880 F1000 S5000
G1 X2.222 Y16.880 F1000 S0
G0 X2.222 Y16.960 F3000
G1 X5.000 Y16.960 F1000 S0
G1 X10.000 Y16.960 F1000 S5000
G1 X12.778 Y16.960 F1000 S0
G0 X12.778 Y17.040 F3000
G1 X10.000 Y17.040 F1000 S0
G1 X5.000 Y17.040 F1000 S5000
G1 X2.222 Y17.040 F1000 S0
G0 X2.222 Y17.120 F3000
G1 X5.000 Y17.120 F1000 S0
G1 X10.000 Y17.120 F1000 S5000
G1 X12.778 Y17.120 F1000 S0
G0 X12.778 Y17.200 F3000
G1 X10.000 Y17.200 F1000 S0
G1 X5.000 Y17.200 F1000 S5000
G1 X2.222 Y17.200 F1000 S0
G0 X2.222 Y17.280 F3000
G1 X5.000 Y17.280 F1000 S0
G1 X10.000 Y17.280 F1000 S5000
G1 X12.778 Y17.280 F1000 S0
G0 X12.778 Y17.360 F3000
G1 X10.000 Y17.360 F1000 S0
G1 X5.000 Y17.360 F1000 S5000
G1 X2.222 Y17.360 F1000 S0
G0 X2.222 Y17.440 F3000
G1 X5.000 Y17.440 F1000 S0
G1 X10.000 Y17.440 F1000 S5000
G1 X12.778 Y17.440 F1000 S0
G0 X12.778 Y17.520 F3000
G1 X10.000 Y17.520 F1000 S0
G1 X5.000 Y17.520 F1000 S5000
G1 X2.222 Y17.520 F1000 S0
G0 X2.222 Y17.600 F3000
G1 X5.000 Y17.600 F1000 S0
G1 X10.000 Y17.600 F1000 S5000
G1 X12.778 Y17.600 F1000 S0
G0 X12.778 Y17.680 F3000
G1 X10.000 Y17.680 F1000 S0
G1 X5.000 Y17.680 F1000 S5000
G1 X2.222 Y17.680 F1000 S0
G0 X2.222 Y17.760 F3000
G1 X5.000 Y17.760 F1000 S0
G1 X10.000 Y17.760 F1000 S5000
G1 X12.778 Y17.760 F1000 S0
G0 X12.778 Y17.840 F3000
G1 X10.000 Y17.840 F1000 S0
G1 X5.000 Y17.840 F1000 S5000
G1 X2.222 Y17.840 F1000 S0
G0 X2.222 Y17.920 F3000
G1 X5.000 Y17.920 F1000 S0
G1 X10.000 Y17.920 F1000 S5000
G1 X12.778 Y17.920 F1000 S0
G0 X12.778 Y18.000 F3000
G1 X10.000 Y18.000 F1000 S0
G1 X5.000 Y18.000 F1000 S5000
G1 X2.222 Y18.000 F1000 S0
G0 X2.222 Y18.080 F3000
G1 X5.000 Y18.080 F1000 S0
G1 X10.000 Y18.080 F1000 S5000
G1 X12.778 Y18.080 F1000 S0
G0 X12.778 Y18.160 F3000
G1 X10.000 Y18.160 F1000 S0
G1 X5.000 Y18.160 F1000 S5000
G1 X2.222 Y18.160 F1000 S0
G0 X2.222 Y18.240 F3000
G1 X5.000 Y18.240 F1000 S0
G1 X10.000 Y18.240 F1000 S5000
G1 X12.778 Y18.240 F1000 S0
G0 X12.778 Y18.320 F3000
G1 X10.000 Y18.320 F1000 S0
G1 X5.000 Y18.320 F1000 S5000
G1 X2.222 Y18.320 F1000 S0
G0 X2.222 Y18.400 F3000
G1 X5.000 Y18.400 F1000 S0
G1 X10.000 Y18.400 F1000 S5000
G1 X12.778 Y18.400 F1000 S0
G0 X12.778 Y18.480 F3000
G1 X10.000 Y18.480 F1000 S0
G1 X5.000 Y18.480 F1000 S5000
G1 X2.222 Y18.480 F1000 S0
G0 X2.222 Y18.560 F3000
G1 X5.000 Y18.560 F1000 S0
G1 X10.000 Y18.560 F1000 S5000
G1 X12.778 Y18.560 F1000 S0
G0 X12.778 Y18.640 F3000
G1 X10.000 Y18.640 F1000 S0
G1 X5.000 Y18.640 F1000 S5000
G1 X2.222 Y18.640 F1000 S0
G0 X2.222 Y18.720 F3000
G1 X5.000 Y18.720 F1000 S0
G1 X10.000 Y18.720 F1000 S5000
G1 X12.778 Y18.720 F1000 S0
G0 X12.778 Y18.800 F3000
G1 X10.000 Y18.800 F1000 S0
G1 X5.000 Y18.800 F1000 S5000
G1 X2.222 Y18.800 F1000 S0
G0 X2.222 Y18.880 F3000
G1 X5.000 Y18.880 F1000 S0
G1 X10.000 Y18.880 F1000 S5000
G1 X12.778 Y18.880 F1000 S0
G0 X12.778 Y18.960 F3000
G1 X10.000 Y18.960 F1000 S0
G1 X5.000 Y18.960 F1000 S5000
G1 X2.222 Y18.960 F1000 S0
G0 X2.222 Y19.040 F3000
G1 X5.000 Y19.040 F1000 S0
G1 X10.000 Y19.040 F1000 S5000
G1 X12.778 Y19.040 F1000 S0
G0 X12.778 Y19.120 F3000
G1 X10.000 Y19.120 F1000 S0
G1 X5.000 Y19.120 F1000 S5000
G1 X2.222 Y19.120 F1000 S0
G0 X2.222 Y19.200 F3000
G1 X5.000 Y19.200 F1000 S0
G1 X10.000 Y19.200 F1000 S5000
G1 X12.778 Y19.200 F1000 S0
G0 X12.778 Y19.280 F3000
G1 X10.000 Y19.280 F1000 S0
G1 X5.000 Y19.280 F1000 S5000
G1 X2.222 Y19.280 F1000 S0
G0 X2.222 Y19.360 F3000
G1 X5.000 Y19.360 F1000 S0
G1 X10.000 Y19.360 F1000 S5000
G1 X12.778 Y19.360 F1000 S0
G0 X12.778 Y19.440 F3000
G1 X10.000 Y19.440 F1000 S0
G1 X5.000 Y19.440 F1000 S5000
G1 X2.222 Y19.440 F1000 S0
G0 X2.222 Y19.520 F3000
G1 X5.000 Y19.520 F1000 S0
G1 X10.000 Y19.520 F1000 S5000
G1 X12.778 Y19.520 F1000 S0
G0 X12.778 Y19.600 F3000
G1 X10.000 Y19.600 F1000 S0
G1 X5.000 Y19.600 F1000 S5000
G1 X2.222 Y19.600 F1000 S0
G0 X2.222 Y19.680 F3000
G1 X5.000 Y19.680 F1000 S0
G1 X10.000 Y19.680 F1000 S5000
G1 X12.778 Y19.680 F1000 S0
G0 X12.778 Y19.760 F3000
G1 X10.000 Y19.760 F1000 S0
G1 X5.000 Y19.760 F1000 S5000
G1 X2.222 Y19.760 F1000 S0
G0 X2.222 Y19.840 F3000
G1 X5.000 Y19.840 F1000 S0
G1 X10.000 Y19.840 F1000 S5000
G1 X12.778 Y19.840 F1000 S0
G0 X12.778 Y19.920 F3000
G1 X10.000 Y19.920 F1000 S0
G1 X5.000 Y19.920 F1000 S5000
G1 X2.222 Y19.920 F1000 S0
G0 X2.222 Y20.000 F3000
G1 X5.000 Y20.000 F1000 S0
G1 X10.000 Y20.000 F1000 S5000
G1 X12.778 Y20.000 F1000 S0
G0 X12.778 Y20.080 F3000
G1 X10.000 Y20.080 F1000 S0
G1 X5.000 Y20.080 F1000 S5000
G1 X2.222 Y20.080 F1000 S0
G0 X2.222 Y20.160 F3000
G1 X5.000 Y20.160 F1000 S0
G1 X10.000 Y20.160 F1000 S5000
G1 X12.778 Y20.160 F1000 S0
G0 X12.778 Y20.240 F3000
G1 X10.000 Y20.240 F1000 S0
G1 X5.000 Y20.240 F1000 S5000
G1 X2.222 Y20.240 F1000 S0
G0 X2.222 Y20.320 F3000
G1 X5.000 Y20.320 F1000 S0
G1 X10.000 Y20.320 F1000 S5000
G1 X12.778 Y20.320 F1000 S0
G0 X12.778 Y20.400 F3000
G1 X10.000 Y20.400 F1000 S0
G1 X5.000 Y20.400 F1000 S5000
G1 X2.222 Y20.400 F1000 S0
G0 X2.222 Y20.480 F3000
G1 X5.000 Y20.480 F1000 S0
G1 X10.000 Y20.480 F1000 S5000
G1 X12.778 Y20.480 F1000 S0
G0 X12.778 Y20.560 F3000
G1 X10.000 Y20.560 F1000 S0
G1 X5.000 Y20.560 F1000 S5000
G1 X2.222 Y20.560 F1000 S0
G0 X2.222 Y20.640 F3000
G1 X5.000 Y20.640 F1000 S0
G1 X10.000 Y20.640 F1000 S5000
G1 X12.778 Y20.640 F1000 S0
G0 X12.778 Y20.720 F3000
G1 X10.000 Y20.720 F1000 S0
G1 X5.000 Y20.720 F1000 S5000
G1 X2.222 Y20.720 F1000 S0
G0 X2.222 Y20.800 F3000
G1 X5.000 Y20.800 F1000 S0
G1 X10.000 Y20.800 F1000 S5000
G1 X12.778 Y20.800 F1000 S0
G0 X12.778 Y20.880 F3000
G1 X10.000 Y20.880 F1000 S0
G1 X5.000 Y20.880 F1000 S5000
G1 X2.222 Y20.880 F1000 S0
G0 X2.222 Y20.960 F3000
G1 X5.000 Y20.960 F1000 S0
G1 X10.000 Y20.960 F1000 S5000
G1 X12.778 Y20.960 F1000 S0
M5
G0 X5.000 Y23.700 F3000
M4 S2000
G1 X5.648 Y23.700 F1500
M5
G0 X5.000 Y23.700 F3000
M4 S2000
G1 X5.000 Y23.160 F1500
M5
G0 X5.000 Y23.160 F3000
M4 S2000
G1 X5.000 Y22.620 F1500
M5
G0 X5.000 Y22.620 F3000
M4 S2000
G1 X5.648 Y22.620 F1500
M5
G0 X5.648 Y23.160 F3000
M4 S2000
G1 X5.648 Y22.620 F1500
M5
G0 X5.000 Y23.160 F3000
M4 S2000
G1 X5.648 Y23.160 F1500
M5
G0 X5.864 Y23.160 F3000
M4 S2000
G1 X6.512 Y23.160 F1500
M5
G0 X6.728 Y23.700 F3000
M4 S2000
G1 X7.376 Y23.700 F1500
M5
G0 X7.376 Y23.700 F3000
M4 S2000
G1 X7.376 Y23.160 F1500
M5
G0 X7.376 Y23.160 F3000
M4 S2000
G1 X7.376 Y22.620 F1500
M5
G0 X6.728 Y22.620 F3000
M4 S2000
G1 X7.376 Y22.620 F1500
M5
G0 X6.728 Y23.160 F3000
M4 S2000
G1 X6.728 Y22.620 F1500
M5
G0 X6.728 Y23.700 F3000
M4 S2000
G1 X6.728 Y23.160 F1500
M5
G0 X8.240 Y23.700 F3000
M4 S2000
G1 X8.240 Y23.160 F1500
M5
G0 X8.240 Y23.160 F3000
M4 S2000
G1 X8.240 Y22.620 F1500
M5
G0 X9.104 Y23.700 F3000
M4 S2000
G1 X9.104 Y23.160 F1500
M5
G0 X9.104 Y23.160 F3000
M4 S2000
G1 X9.104 Y22.620 F1500
M5
G0 X8.660 Y16.000 F3000
M4 S0
G1 X13.000 Y16.000 F1250 S0
G1 X18.000 Y16.000 F1250 S5000
G1 X22.340 Y16.000 F1250 S0
G0 X22.340 Y16.080 F3000
G1 X18.000 Y16.080 F1250 S0
G1 X13.000 Y16.080 F1250 S5000
G1 X8.660 Y16.080 F1250 S0
G0 X8.660 Y16.160 F3000
G1 X13.000 Y16.160 F1250 S0
G1 X18.000 Y16.160 F1250 S5000
G1 X22.340 Y16.160 F1250 S0
G0 X22.340 Y16.240 F3000
G1 X18.000 Y16.240 F1250 S0
G1 X13.000 Y16.240 F1250 S5000
G1 X8.660 Y16.240 F1250 S0
G0 X8.660 Y16.320 F3000
G1 X13.000 Y16.320 F1250 S0
G1 X18.000 Y16.320 F1250 S5000
G1 X22.340 Y16.320 F1250 S0
G0 X22.340 Y16.400 F3000
G1 X18.000 Y16.400 F1250 S0
G1 X13.000 Y16.400 F1250 S5000
G1 X8.660 Y16.400 F1250 S0
G0 X8.660 Y16.480 F3000
G1 X13.000 Y16.480 F1250 S0
G1 X18.000 Y16.480 F1250 S5000
G1 X22.340 Y16.480 F1250 S0
G0 X22.340 Y16.560 F3000
G1 X18.000 Y16.560 F1250 S0
G1 X13.000 Y16.560 F1250 S5000
G1 X8.660 Y16.560 F1250 S0
G0 X8.660 Y16.640 F3000
G1 X13.000 Y16.640 F1250 S0
G1 X18.000 Y16.640 F1250 S5000
G1 X22.340 Y16.640 F1250 S0
G0 X22.340 Y16.720 F3000
G1 X18.000 Y16.720 F1250 S0
G1 X13.000 Y16.720 F1250 S5000
G1 X8.660 Y16.720 F1250 S0
G0 X8.660 Y16.800 F3000
G1 X13.000 Y16.800 F1250 S0
G1 X18.000 Y16.800 F1250 S5000
G1 X22.340 Y16.800 F1250 S0
G0 X22.340 Y16.880 F3000
G1 X18.000 Y16.880 F1250 S0
G1 X13.000 Y16.880 F1250 S5000
G1 X8.660 Y16.880 F1250 S0
G0 X8.660 Y16.960 F3000
G1 X13.000 Y16.960 F1250 S0
G1 X18.000 Y16.960 F1250 S5000
G1 X22.340 Y16.960 F1250 S0
G0 X22.340 Y17.040 F3000
G1 X18.000 Y17.040 F1250 S0
G1 X13.000 Y17.040 F1250 S5000
G1 X8.660 Y17.040 F1250 S0
G0 X8.660 Y17.120 F3000
G1 X13.000 Y17.120 F1250 S0
G1 X18.000 Y17.120 F1250 S5000
G1 X22.340 Y17.120 F1250 S0
G0 X22.340 Y17.200 F3000
G1 X18.000 Y17.200 F1250 S0
G1 X13.000 Y17.200 F1250 S5000
G1 X8.660 Y17.200 F1250 S0
G0 X8.660 Y17.280 F3000
G1 X13.000 Y17.280 F1250 S0
G1 X18.000 Y17.280 F1250 S5000
G1 X22.340 Y17.280 F1250 S0
G0 X22.340 Y17.360 F3000
G1 X18.000 Y17.360 F1250 S0
G1 X13.000 Y17.360 F1250 S5000
G1 X8.660 Y17.360 F1250 S0
G0 X8.660 Y17.440 F3000
G1 X13.000 Y17.440 F1250 S0
G1 X18.000 Y17.440 F1250 S5000
G1 X22.340 Y17.440 F1250 S0
G0 X22.340 Y17.520 F3000
G1 X18.000 Y17.520 F1250 S0
G1 X13.000 Y17.520 F1250 S5000
G1 X8.660 Y17.520 F1250 S0
G0 X8.660 Y17.600 F3000
G1 X13.000 Y17.600 F1250 S0
G1 X18.000 Y17.600 F1250 S5000
G1 X22.340 Y17.600 F1250 S0
G0 X22.340 Y17.680 F3000
G1 X18.000 Y17.680 F1250 S0
G1 X13.000 Y17.680 F1250 S5000
G1 X8.660 Y17.680 F1250 S0
G0 X8.660 Y17.760 F3000
G1 X13.000 Y17.760 F1250 S0
G1 X18.000 Y17.760 F1250 S5000
G1 X22.340 Y17.760 F1250 S0
G0 X22.340 Y17.840 F3000
G1 X18.000 Y17.840 F1250 S0
G1 X13.000 Y17.840 F1250 S5000
G1 X8.660 Y17.840 F1250 S0
G0 X8.660 Y17.920 F3000
G1 X13.000 Y17.920 F1250 S0
G1 X18.000 Y17.920 F1250 S5000
G1 X22.340 Y17.920 F1250 S0
G0 X22.340 Y18.000 F3000
G1 X18.000 Y18.000 F1250 S0
G1 X13.000 Y18.000 F1250 S5000
G1 X8.660 Y18.000 F1250 S0
G0 X8.660 Y18.080 F3000
G1 X13.000 Y18.080 F1250 S0
G1 X18.000 Y18.080 F1250 S5000
G1 X22.340 Y18.080 F1250 S0
G0 X22.340 Y18.160 F3000
G1 X18.000 Y18.160 F1250 S0
G1 X13.000 Y18.160 F1250 S5000
G1 X8.660 Y18.160 F1250 S0
G0 X8.660 Y18.240 F3000
G1 X13.000 Y18.240 F1250 S0
G1 X18.000 Y18.240 F1250 S5000
G1 X22.340 Y18.240 F1250 S0
G0 X22.340 Y18.320 F3000
G1 X18.000 Y18.320 F1250 S0
G1 X13.000 Y18.320 F1250 S5000
G1 X8.660 Y18.320 F1250 S0
G0 X8.660 Y18.400 F3000
G1 X13.000 Y18.400 F1250 S0
G1 X18.000 Y18.400 F1250 S5000
G1 X22.340 Y18.400 F1250 S0
G0 X22.340 Y18.480 F3000
G1 X18.000 Y18.480 F1250 S0
G1 X13.000 Y18.480 F1250 S5000
G1 X8.660 Y18.480 F1250 S0
G0 X8.660 Y18.560 F3000
G1 X13.000 Y18.560 F1250 S0
G1 X18.000 Y18.560 F1250 S5000
G1 X22.340 Y18.560 F1250 S0
G0 X22.340 Y18.640 F3000
G1 X18.000 Y18.640 F1250 S0
G1 X13.000 Y18.640 F1250 S5000
G1 X8.660 Y18.640 F1250 S0
G0 X8.660 Y18.720 F3000
G1 X13.000 Y18.720 F1250 S0
G1 X18.000 Y18.720 F1250 S5000
G1 X22.340 Y18.720 F1250 S0
G0 X22.340 Y18.800 F3000
G1 X18.000 Y18.800 F1250 S0
G1 X13.000 Y18.800 F1250 S5000
G1 X8.660 Y18.800 F1250 S0
G0 X8.660 Y18.880 F3000
G1 X13.000 Y18.880 F1250 S0
G1 X18.000 Y18.880 F1250 S5000
G1 X22.340 Y18.880 F1250 S0
G0 X22.340 Y18.960 F3000
G1 X18.000 Y18.960 F1250 S0
G1 X13.000 Y18.960 F1250 S5000
G1 X8.660 Y18.960 F1250 S0
G0 X8.660 Y19.040 F3000
G1 X13.000 Y19.040 F1250 S0
G1 X18.000 Y19.040 F1250 S5000
G1 X22.340 Y19.040 F1250 S0
G0 X22.340 Y19.120 F3000
G1 X18.000 Y19.120 F1250 S0
G1 X13.000 Y19.120 F1250 S5000
G1 X8.660 Y19.120 F1250 S0
G0 X8.660 Y19.200 F3000
G1 X13.000 Y19.200 F1250 S0
G1 X18.000 Y19.200 F1250 S5000
G1 X22.340 Y19.200 F1250 S0
G0 X22.340 Y19.280 F3000
G1 X18.000 Y19.280 F1250 S0
G1 X13.000 Y19.280 F1250 S5000
G1 X8.660 Y19.280 F1250 S0
G0 X8.660 Y19.360 F3000
G1 X13.000 Y19.360 F1250 S0
G1 X18.000 Y19.360 F1250 S5000
G1 X22.340 Y19.360 F1250 S0
G0 X22.340 Y19.440 F3000
G1 X18.000 Y19.440 F1250 S0
G1 X13.000 Y19.440 F1250 S5000
G1 X8.660 Y19.440 F1250 S0
G0 X8.660 Y19.520 F3000
G1 X13.000 Y19.520 F1250 S0
G1 X18.000 Y19.520 F1250 S5000
G1 X22.340 Y19.520 F1250 S0
G0 X22.340 Y19.600 F3000
G1 X18.000 Y19.600 F1250 S0
G1 X13.000 Y19.600 F1250 S5000
G1 X8.660 Y19.600 F1250 S0
G0 X8.660 Y19.680 F3000
G1 X13.000 Y19.680 F1250 S0
G1 X18.000 Y19.680 F1250 S5000
G1 X22.340 Y19.680 F1250 S0
G0 X22.340 Y19.760 F3000
G1 X18.000 Y19.760 F1250 S0
G1 X13.000 Y19.760 F1250 S5000
G1 X8.660 Y19.760 F1250 S0
G0 X8.660 Y19.840 F3000
G1 X13.000 Y19.840 F1250 S0
G1 X18.000 Y19.840 F1250 S5000
G1 X22.340 Y19.840 F1250 S0
G0 X22.340 Y19.920 F3000
G1 X18.000 Y19.920 F1250 S0
G1 X13.000 Y19.920 F1250 S5000
G1 X8.660 Y19.920 F1250 S0
G0 X8.660 Y20.000 F3000
G1 X13.000 Y20.000 F1250 S0
G1 X18.000 Y20.000 F1250 S5000
G1 X22.340 Y20.000 F1250 S0
G0 X22.340 Y20.080 F3000
G1 X18.000 Y20.080 F1250 S0
G1 X13.000 Y20.080 F1250 S5000
G1 X8.660 Y20.080 F1250 S0
G0 X8.660 Y20.160 F3000
G1 X13.000 Y20.160 F1250 S0
G1 X18.000 Y20.160 F1250 S5000
G1 X22.340 Y20.160 F1250 S0
G0 X22.340 Y20.240 F3000
G1 X18.000 Y20.240 F1250 S0
G1 X13.000 Y20.240 F1250 S5000
G1 X8.660 Y20.240 F1250 S0
G0 X8.660 Y20.320 F3000
G1 X13.000 Y20.320 F1250 S0
G1 X18.000 Y20.320 F1250 S5000
G1 X22.340 Y20.320 F1250 S0
G0 X22.340 Y20.400 F3000
G1 X18.000 Y20.400 F1250 S0
G1 X13.000 Y20.400 F1250 S5000
G1 X8.660 Y20.400 F1250 S0
G0 X8.660 Y20.480 F3000
G1 X13.000 Y20.480 F1250 S0
G1 X18.000 Y20.480 F1250 S5000
G1 X22.340 Y20.480 F1250 S0
G0 X22.340 Y20.560 F3000
G1 X18.000 Y20.560 F1250 S0
G1 X13.000 Y20.560 F1250 S5000
G1 X8.660 Y20.560 F1250 S0
G0 X8.660 Y20.640 F3000
G1 X13.000 Y20.640 F1250 S0
G1 X18.000 Y20.640 F1250 S5000
G1 X22.340 Y20.640 F1250 S0
G0 X22.340 Y20.720 F3000
G1 X18.000 Y20.720 F1250 S0
G1 X13.000 Y20.720 F1250 S5000
G1 X8.660 Y20.720 F1250 S0
G0 X8.660 Y20.800 F3000
G1 X13.000 Y20.800 F1250 S0
G1 X18.000 Y20.800 F1250 S5000
G1 X22.340 Y20.800 F1250 S0
G0 X22.340 Y20.880 F3000
G1 X18.000 Y20.880 F1250 S0
G1 X13.000 Y20.880 F1250 S5000
G1 X8.660 Y20.880 F1250 S0
G0 X8.660 Y20.960 F3000
G1 X13.000 Y20.960 F1250 S0
G1 X18.000 Y20.960 F1250 S5000
G1 X22.340 Y20.960 F1250 S0
M5
G0 X13.000 Y23.700 F3000
M4 S2000
G1 X13.648 Y23.700 F1500
M5
G0 X13.000 Y23.700 F3000
M4 S2000
G1 X13.000 Y23.160 F1500
M5
G0 X13.000 Y23.160 F3000
M4 S2000
G1 X13.000 Y22.620 F1500
M5
G0 X13.000 Y22.620 F3000
M4 S2000
G1 X13.648 Y22.620 F1500
M5
G0 X13.648 Y23.160 F3000
M4 S2000
G1 X13.648 Y22.620 F1500
M5
G0 X13.000 Y23.160 F3000
M4 S2000
G1 X13.648 Y23.160 F1500
M5
G0 X13.864 Y23.160 F3000
M4 S2000
G1 X14.512 Y23.160 F1500
M5
G0 X14.728 Y23.700 F3000
M4 S2000
G1 X15.376 Y23.700 F1500
M5
G0 X15.376 Y23.700 F3000
M4 S2000
G1 X15.376 Y23.160 F1500
M5
G0 X15.376 Y23.160 F3000
M4 S2000
G1 X15.376 Y22.620 F1500
M5
G0 X14.728 Y22.620 F3000
M4 S2000
G1 X15.376 Y22.620 F1500
M5
G0 X14.728 Y23.160 F3000
M4 S2000
G1 X14.728 Y22.620 F1500
M5
G0 X14.728 Y23.700 F3000
M4 S2000
G1 X14.728 Y23.160 F1500
M5
G0 X16.240 Y23.700 F3000
M4 S2000
G1 X16.240 Y23.160 F1500
M5
G0 X16.240 Y23.160 F3000
M4 S2000
G1 X16.240 Y22.620 F1500
M5
G0 X16.456 Y23.700 F3000
M4 S2000
G1 X17.104 Y23.700 F1500
M5
G0 X17.104 Y23.700 F3000
M4 S2000
G1 X17.104 Y23.160 F1500
M5
G0 X16.456 Y23.160 F3000
M4 S2000
G1 X17.104 Y23.160 F1500
M5
G0 X16.456 Y23.160 F3000
M4 S2000
G1 X16.456 Y22.620 F1500
M5
G0 X16.456 Y22.620 F3000
M4 S2000
G1 X17.104 Y22.620 F1500
M5
G0 X16.000 Y16.000 F3000
M4 S0
G1 X21.000 Y16.000 F1500 S0
G1 X26.000 Y16.000 F1500 S5000
G1 X31.000 Y16.000 F1500 S0
G0 X31.000 Y16.080 F3000
G1 X26.000 Y16.080 F1500 S0
G1 X21.000 Y16.080 F1500 S5000
G1 X16.000 Y16.080 F1500 S0
G0 X16.000 Y16.160 F3000
G1 X21.000 Y16.160 F1500 S0
G1 X26.000 Y16.160 F1500 S5000
G1 X31.000 Y16.160 F1500 S0
G0 X31.000 Y16.240 F3000
G1 X26.000 Y16.240 F1500 S0
G1 X21.000 Y16.240 F1500 S5000
G1 X16.000 Y16.240 F1500 S0
G0 X16.000 Y16.320 F3000
G1 X21.000 Y16.320 F1500 S0
G1 X26.000 Y16.320 F1500 S5000
G1 X31.000 Y16.320 F1500 S0
G0 X31.000 Y16.400 F3000
G1 X26.000 Y16.400 F1500 S0
G1 X21.000 Y16.400 F1500 S5000
G1 X16.000 Y16.400 F1500 S0
G0 X16.000 Y16.480 F3000
G1 X21.000 Y16.480 F1500 S0
G1 X26.000 Y16.480 F1500 S5000
G1 X31.000 Y16.480 F1500 S0
G0 X31.000 Y16.560 F3000
G1 X26.000 Y16.560 F1500 S0
G1 X21.000 Y16.560 F1500 S5000
G1 X16.000 Y16.560 F1500 S0
G0 X16.000 Y16.640 F3000
G1 X21.000 Y16.640 F1500 S0
G1 X26.000 Y16.640 F1500 S5000
G1 X31.000 Y16.640 F1500 S0
G0 X31.000 Y16.720 F3000
G1 X26.000 Y16.720 F1500 S0
G1 X21.000 Y16.720 F1500 S5000
G1 X16.000 Y16.720 F1500 S0
G0 X16.000 Y16.800 F3000
G1 X21.000 Y16.800 F1500 S0
G1 X26.000 Y16.800 F1500 S5000
G1 X31.000 Y16.800 F1500 S0
G0 X31.000 Y16.880 F3000
G1 X26.000 Y16.880 F1500 S0
G1 X21.000 Y16.880 F1500 S5000
G1 X16.000 Y16.880 F1500 S0
G0 X16.000 Y16.960 F3000
G1 X21.000 Y16.960 F1500 S0
G1 X26.000 Y16.960 F1500 S5000
G1 X31.000 Y16.960 F1500 S0
G0 X31.000 Y17.040 F3000
G1 X26.000 Y17.040 F1500 S0
G1 X21.000 Y17.040 F1500 S5000
G1 X16.000 Y17.040 F1500 S0
G0 X16.000 Y17.120 F3000
G1 X21.000 Y17.120 F1500 S0
G1 X26.000 Y17.120 F1500 S5000
G1 X31.000 Y17.120 F1500 S0
G0 X31.000 Y17.200 F3000
G1 X26.000 Y17.200 F1500 S0
G1 X21.000 Y17.200 F1500 S5000
G1 X16.000 Y17.200 F1500 S0
G0 X16.000 Y17.280 F3000
G1 X21.000 Y17.280 F1500 S0
G1 X26.000 Y17.280 F1500 S5000
G1 X31.000 Y17.280 F1500 S0
G0 X31.000 Y17.360 F3000
G1 X26.000 Y17.360 F1500 S0
G1 X21.000 Y17.360 F1500 S5000
G1 X16.000 Y17.360 F1500 S0
G0 X16.000 Y17.440 F3000
G1 X21.000 Y17.440 F1500 S0
G1 X26.000 Y17.440 F1500 S5000
G1 X31.000 Y17.440 F1500 S0
G0 X31.000 Y17.520 F3000
G1 X26.000 Y17.520 F1500 S0
G1 X21.000 Y17.520 F1500 S5000
G1 X16.000 Y17.520 F1500 S0
G0 X16.000 Y17.600 F3000
G1 X21.000 Y17.600 F1500 S0
G1 X26.000 Y17.600 F1500 S5000
G1 X31.000 Y17.600 F1500 S0
G0 X31.000 Y17.680 F3000
G1 X26.000 Y17.680 F1500 S0
G1 X21.000 Y17.680 F1500 S5000
G1 X16.000 Y17.680 F1500 S0
G0 X16.000 Y17.760 F3000
G1 X21.000 Y17.760 F1500 S0
G1 X26.000 Y17.760 F1500 S5000
G1 X31.000 Y17.760 F1500 S0
G0 X31.000 Y17.840 F3000
G1 X26.000 Y17.840 F1500 S0
G1 X21.000 Y17.840 F1500 S5000
G1 X16.000 Y17.840 F1500 S0
G0 X16.000 Y17.920 F3000
G1 X21.000 Y17.920 F1500 S0
G1 X26.000 Y17.920 F1500 S5000
G1 X31.000 Y17.920 F1500 S0
G0 X31.000 Y18.000 F3000
G1 X26.000 Y18.000 F1500 S0
G1 X21.000 Y18.000 F1500 S5000
G1 X16.000 Y18.000 F1500 S0
G0 X16.000 Y18.080 F3000
G1 X21.000 Y18.080 F1500 S0
G1 X26.000 Y18.080 F1500 S5000
G1 X31.000 Y18.080 F1500 S0
G0 X31.000 Y18.160 F3000
G1 X26.000 Y18.160 F1500 S0
G1 X21.000 Y18.160 F1500 S5000
G1 X16.000 Y18.160 F1500 S0
G0 X16.000 Y18.240 F3000
G1 X21.000 Y18.240 F1500 S0
G1 X26.000 Y18.240 F1500 S5000
G1 X31.000 Y18.240 F1500 S0
G0 X31.000 Y18.320 F3000
G1 X26.000 Y18.320 F1500 S0
G1 X21.000 Y18.320 F1500 S5000
G1 X16.000 Y18.320 F1500 S0
G0 X16.000 Y18.400 F3000
G1 X21.000 Y18.400 F1500 S0
G1 X26.000 Y18.400 F1500 S5000
G1 X31.000 Y18.400 F1500 S0
G0 X31.000 Y18.480 F3000
G1 X26.000 Y18.480 F1500 S0
G1 X21.000 Y18.480 F1500 S5000
G1 X16.000 Y18.480 F1500 S0
G0 X16.000 Y18.560 F3000
G1 X21.000 Y18.560 F1500 S0
G1 X26.000 Y18.560 F1500 S5000
G1 X31.000 Y18.560 F1500 S0
G0 X31.000 Y18.640 F3000
G1 X26.000 Y18.640 F1500 S0
G1 X21.000 Y18.640 F1500 S5000
G1 X16.000 Y18.640 F1500 S0
G0 X16.000 Y18.720 F3000
G1 X21.000 Y18.720 F1500 S0
G1 X26.000 Y18.720 F1500 S5000
G1 X31.000 Y18.720 F1500 S0
G0 X31.000 Y18.800 F3000
G1 X26.000 Y18.800 F1500 S0
G1 X21.000 Y18.800 F1500 S5000
G1 X16.000 Y18.800 F1500 S0
G0 X16.000 Y18.880 F3000
G1 X21.000 Y18.880 F1500 S0
G1 X26.000 Y18.880 F1500 S5000
G1 X31.000 Y18.880 F1500 S0
G0 X31.000 Y18.960 F3000
G1 X26.000 Y18.960 F1500 S0
G1 X21.000 Y18.960 F1500 S5000
G1 X16.000 Y18.960 F1500 S0
G0 X16.000 Y19.040 F3000
G1 X21.000 Y19.040 F1500 S0
G1 X26.000 Y19.040 F1500 S5000
G1 X31.000 Y19.040 F1500 S0
G0 X31.000 Y19.120 F3000
G1 X26.000 Y19.120 F1500 S0
G1 X21.000 Y19.120 F1500 S5000
G1 X16.000 Y19.120 F1500 S0
G0 X16.000 Y19.200 F3000
G1 X21.000 Y19.200 F1500 S0
G1 X26.000 Y19.200 F1500 S5000
G1 X31.000 Y19.200 F1500 S0
G0 X31.000 Y19.280 F3000
G1 X26.000 Y19.280 F1500 S0
G1 X21.000 Y19.280 F1500 S5000
G1 X16.000 Y19.280 F1500 S0
G0 X16.000 Y19.360 F3000
G1 X21.000 Y19.360 F1500 S0
G1 X26.000 Y19.360 F1500 S5000
G1 X31.000 Y19.360 F1500 S0
G0 X31.000 Y19.440 F3000
G1 X26.000 Y19.440 F1500 S0
G1 X21.000 Y19.440 F1500 S5000
G1 X16.000 Y19.440 F1500 S0
G0 X16.000 Y19.520 F3000
G1 X21.000 Y19.520 F1500 S0
G1 X26.000 Y19.520 F1500 S5000
G1 X31.000 Y19.520 F1500 S0
G0 X31.000 Y19.600 F3000
G1 X26.000 Y19.600 F1500 S0
G1 X21.000 Y19.600 F1500 S5000
G1 X16.000 Y19.600 F1500 S0
G0 X16.000 Y19.680 F3000
G1 X21.000 Y19.680 F1500 S0
G1 X26.000 Y19.680 F1500 S5000
G1 X31.000 Y19.680 F1500 S0
G0 X31.000 Y19.760 F3000
G1 X26.000 Y19.760 F1500 S0
G1 X21.000 Y19.760 F1500 S5000
G1 X16.000 Y19.760 F1500 S0
G0 X16.000 Y19.840 F3000
G1 X21.000 Y19.840 F1500 S0
G1 X26.000 Y19.840 F1500 S5000
G1 X31.000 Y19.840 F1500 S0
G0 X31.000 Y19.920 F3000
G1 X26.000 Y19.920 F1500 S0
G1 X21.000 Y19.920 F1500 S5000
G1 X16.000 Y19.920 F1500 S0
G0 X16.000 Y20.000 F3000
G1 X21.000 Y20.000 F1500 S0
G1 X26.000 Y20.000 F1500 S5000
G1 X31.000 Y20.000 F1500 S0
G0 X31.000 Y20.080 F3000
G1 X26.000 Y20.080 F1500 S0
G1 X21.000 Y20.080 F1500 S5000
G1 X16.000 Y20.080 F1500 S0
G0 X16.000 Y20.160 F3000
G1 X21.000 Y20.160 F1500 S0
G1 X26.000 Y20.160 F1500 S5000
G1 X31.000 Y20.160 F1500 S0
G0 X31.000 Y20.240 F3000
G1 X26.000 Y20.240 F1500 S0
G1 X21.000 Y20.240 F1500 S5000
G1 X16.000 Y20.240 F1500 S0
G0 X16.000 Y20.320 F3000
G1 X21.000 Y20.320 F1500 S0
G1 X26.000 Y20.320 F1500 S5000
G1 X31.000 Y20.320 F1500 S0
G0 X31.000 Y20.400 F3000
G1 X26.000 Y20.400 F1500 S0
G1 X21.000 Y20.400 F1500 S5000
G1 X16.000 Y20.400 F1500 S0
G0 X16.000 Y20.480 F3000
G1 X21.000 Y20.480 F1500 S0
G1 X26.000 Y20.480 F1500 S5000
G1 X31.000 Y20.480 F1500 S0
G0 X31.000 Y20.560 F3000
G1 X26.000 Y20.560 F1500 S0
G1 X21.000 Y20.560 F1500 S5000
G1 X16.000 Y20.560 F1500 S0
G0 X16.000 Y20.640 F3000
G1 X21.000 Y20.640 F1500 S0
G1 X26.000 Y20.640 F1500 S5000
G1 X31.000 Y20.640 F1500 S0
G0 X31.000 Y20.720 F3000
G1 X26.000 Y20.720 F1500 S0
G1 X21.000 Y20.720 F1500 S5000
G1 X16.000 Y20.720 F1500 S0
G0 X16.000 Y20.800 F3000
G1 X21.000 Y20.800 F1500 S0
G1 X26.000 Y20.800 F1500 S5000
G1 X31.000 Y20.800 F1500 S0
G0 X31.000 Y20.880 F3000
G1 X26.000 Y20.880 F1500 S0
G1 X21.000 Y20.880 F1500 S5000
G1 X16.000 Y20.880 F1500 S0
G0 X16.000 Y20.960 F3000
G1 X21.000 Y20.960 F1500 S0
G1 X26.000 Y20.960 F1500 S5000
G1 X31.000 Y20.960 F1500 S0
M5
G0 X21.000 Y23.700 F3000
M4 S2000
G1 X21.648 Y23.700 F1500
M5
G0 X21.000 Y23.700 F3000
M4 S2000
G1 X21.000 Y23.160 F1500
M5
G0 X21.000 Y23.160 F3000
M4 S2000
G1 X21.000 Y22.620 F1500
M5
G0 X21.000 Y22.620 F3000
M4 S2000
G1 X21.648 Y22.620 F1500
M5
G0 X21.648 Y23.160 F3000
M4 S2000
G1 X21.648 Y22.620 F1500
M5
G0 X21.000 Y23.160 F3000
M4 S2000
G1 X21.648 Y23.160 F1500
M5
G0 X21.864 Y23.160 F3000
M4 S2000
G1 X22.512 Y23.160 F1500
M5
G0 X22.728 Y23.700 F3000
M4 S2000
G1 X23.376 Y23.700 F1500
M5
G0 X23.376 Y23.700 F3000
M4 S2000
G1 X23.376 Y23.160 F1500
M5
G0 X23.376 Y23.160 F3000
M4 S2000
G1 X23.376 Y22.620 F1500
M5
G0 X22.728 Y22.620 F3000
M4 S2000
G1 X23.376 Y22.620 F1500
M5
G0 X22.728 Y23.160 F3000
M4 S2000
G1 X22.728 Y22.620 F1500
M5
G0 X22.728 Y23.700 F3000
M4 S2000
G1 X22.728 Y23.160 F1500
M5
G0 X24.240 Y23.700 F3000
M4 S2000
G1 X24.240 Y23.160 F1500
M5
G0 X24.240 Y23.160 F3000
M4 S2000
G1 X24.240 Y22.620 F1500
M5
G0 X24.456 Y23.700 F3000
M4 S2000
G1 X25.104 Y23.700 F1500
M5
G0 X25.104 Y23.700 F3000
M4 S2000
G1 X25.104 Y23.160 F1500
M5
G0 X24.456 Y23.160 F3000
M4 S2000
G1 X25.104 Y23.160 F1500
M5
G0 X25.104 Y23.160 F3000
M4 S2000
G1 X25.104 Y22.620 F1500
M5
G0 X24.456 Y22.620 F3000
M4 S2000
G1 X25.104 Y22.620 F1500
M5
G0 X24.000 Y16.000 F3000
M4 S0
G1 X29.000 Y16.000 F1750 S0
G1 X34.000 Y16.000 F1750 S5000
G1 X39.000 Y16.000 F1750 S0
G0 X39.000 Y16.080 F3000
G1 X34.000 Y16.080 F1750 S0
G1 X29.000 Y16.080 F1750 S5000
G1 X24.000 Y16.080 F1750 S0
G0 X24.000 Y16.160 F3000
G1 X29.000 Y16.160 F1750 S0
G1 X34.000 Y16.160 F1750 S5000
G1 X39.000 Y16.160 F1750 S0
G0 X39.000 Y16.240 F3000
G1 X34.000 Y16.240 F1750 S0
G1 X29.000 Y16.240 F1750 S5000
G1 X24.000 Y16.240 F1750 S0
G0 X24.000 Y16.320 F3000
G1 X29.000 Y16.320 F1750 S0
G1 X34.000 Y16.320 F1750 S5000
G1 X39.000 Y16.320 F1750 S0
G0 X39.000 Y16.400 F3000
G1 X34.000 Y16.400 F1750 S0
G1 X29.000 Y16.400 F1750 S5000
G1 X24.000 Y16.400 F1750 S0
G0 X24.000 Y16.480 F3000
G1 X29.000 Y16.480 F1750 S0
G1 X34.000 Y16.480 F1750 S5000
G1 X39.000 Y16.480 F1750 S0
G0 X39.000 Y16.560 F3000
G1 X34.000 Y16.560 F1750 S0
G1 X29.000 Y16.560 F1750 S5000
G1 X24.000 Y16.560 F1750 S0
G0 X24.000 Y16.640 F3000
G1 X29.000 Y16.640 F1750 S0
G1 X34.000 Y16.640 F1750 S5000
G1 X39.000 Y16.640 F1750 S0
G0 X39.000 Y16.720 F3000
G1 X34.000 Y16.720 F1750 S0
G1 X29.000 Y16.720 F1750 S5000
G1 X24.000 Y16.720 F1750 S0
G0 X24.000 Y16.800 F3000
G1 X29.000 Y16.800 F1750 S0
G1 X34.000 Y16.800 F1750 S5000
G1 X39.000 Y16.800 F1750 S0
G0 X39.000 Y16.880 F3000
G1 X34.000 Y16.880 F1750 S0
G1 X29.000 Y16.880 F1750 S5000
G1 X24.000 Y16.880 F1750 S0
G0 X24.000 Y16.960 F3000
G1 X29.000 Y16.960 F1750 S0
G1 X34.000 Y16.960 F1750 S5000
G1 X39.000 Y16.960 F1750 S0
G0 X39.000 Y17.040 F3000
G1 X34.000 Y17.040 F1750 S0
G1 X29.000 Y17.040 F1750 S5000
G1 X24.000 Y17.040 F1750 S0
G0 X24.000 Y17.120 F3000
G1 X29.000 Y17.120 F1750 S0
G1 X34.000 Y17.120 F1750 S5000
G1 X39.000 Y17.120 F1750 S0
G0 X39.000 Y17.200 F3000
G1 X34.000 Y17.200 F1750 S0
G1 X29.000 Y17.200 F1750 S5000
G1 X24.000 Y17.200 F1750 S0
G0 X24.000 Y17.280 F3000
G1 X29.000 Y17.280 F1750 S0
G1 X34.000 Y17.280 F1750 S5000
G1 X39.000 Y17.280 F1750 S0
G0 X39.000 Y17.360 F3000
G1 X34.000 Y17.360 F1750 S0
G1 X29.000 Y17.360 F1750 S5000
G1 X24.000 Y17.360 F1750 S0
G0 X24.000 Y17.440 F3000
G1 X29.000 Y17.440 F1750 S0
G1 X34.000 Y17.440 F1750 S5000
G1 X39.000 Y17.440 F1750 S0
G0 X39.000 Y17.520 F3000
G1 X34.000 Y17.520 F1750 S0
G1 X29.000 Y17.520 F1750 S5000
G1 X24.000 Y17.520 F1750 S0
G0 X24.000 Y17.600 F3000
G1 X29.000 Y17.600 F1750 S0
G1 X34.000 Y17.600 F1750 S5000
G1 X39.000 Y17.600 F1750 S0
G0 X39.000 Y17.680 F3000
G1 X34.000 Y17.680 F1750 S0
G1 X29.000 Y17.680 F1750 S5000
G1 X24.000 Y17.680 F1750 S0
G0 X24.000 Y17.760 F3000
G1 X29.000 Y17.760 F1750 S0
G1 X34.000 Y17.760 F1750 S5000
G1 X39.000 Y17.760 F1750 S0
G0 X39.000 Y17.840 F3000
G1 X34.000 Y17.840 F1750 S0
G1 X29.000 Y17.840 F1750 S5000
G1 X24.000 Y17.840 F1750 S0
G0 X24.000 Y17.920 F3000
G1 X29.000 Y17.920 F1750 S0
G1 X34.000 Y17.920 F1750 S5000
G1 X39.000 Y17.920 F1750 S0
G0 X39.000 Y18.000 F3000
G1 X34.000 Y18.000 F1750 S0
G1 X29.000 Y18.000 F1750 S5000
G1 X24.000 Y18.000 F1750 S0
G0 X24.000 Y18.080 F3000
G1 X29.000 Y18.080 F1750 S0
G1 X34.000 Y18.080 F1750 S5000
G1 X39.000 Y18.080 F1750 S0
G0 X39.000 Y18.160 F3000
G1 X34.000 Y18.160 F1750 S0
G1 X29.000 Y18.160 F1750 S5000
G1 X24.000 Y18.160 F1750 S0
G0 X24.000 Y18.240 F3000
G1 X29.000 Y18.240 F1750 S0
G1 X34.000 Y18.240 F1750 S5000
G1 X39.000 Y18.240 F1750 S0
G0 X39.000 Y18.320 F3000
G1 X34.000 Y18.320 F1750 S0
G1 X29.000 Y18.320 F1750 S5000
G1 X24.000 Y18.320 F1750 S0
G0 X24.000 Y18.400 F3000
G1 X29.000 Y18.400 F1750 S0
G1 X34.000 Y18.400 F1750 S5000
G1 X39.000 Y18.400 F1750 S0
G0 X39.000 Y18.480 F3000
G1 X34.000 Y18.480 F1750 S0
G1 X29.000 Y18.480 F1750 S5000
G1 X24.000 Y18.480 F1750 S0
G0 X24.000 Y18.560 F3000
G1 X29.000 Y18.560 F1750 S0
G1 X34.000 Y18.560 F1750 S5000
G1 X39.000 Y18.560 F1750 S0
G0 X39.000 Y18.640 F3000
G1 X34.000 Y18.640 F1750 S0
G1 X29.000 Y18.640 F1750 S5000
G1 X24.000 Y18.640 F1750 S0
G0 X24.000 Y18.720 F3000
G1 X29.000 Y18.720 F1750 S0
G1 X34.000 Y18.720 F1750 S5000
G1 X39.000 Y18.720 F1750 S0
G0 X39.000 Y18.800 F3000
G1 X34.000 Y18.800 F1750 S0
G1 X29.000 Y18.800 F1750 S5000
G1 X24.000 Y18.800 F1750 S0
G0 X24.000 Y18.880 F3000
G1 X29.000 Y18.880 F1750 S0
G1 X34.000 Y18.880 F1750 S5000
G1 X39.000 Y18.880 F1750 S0
G0 X39.000 Y18.960 F3000
G1 X34.000 Y18.960 F1750 S0
G1 X29.000 Y18.960 F1750 S5000
G1 X24.000 Y18.960 F1750 S0
G0 X24.000 Y19.040 F3000
G1 X29.000 Y19.040 F1750 S0
G1 X34.000 Y19.040 F1750 S5000
G1 X39.000 Y19.040 F1750 S0
G0 X39.000 Y19.120 F3000
G1 X34.000 Y19.120 F1750 S0
G1 X29.000 Y19.120 F1750 S5000
G1 X24.000 Y19.120 F1750 S0
G0 X24.000 Y19.200 F3000
G1 X29.000 Y19.200 F1750 S0
G1 X34.000 Y19.200 F1750 S5000
G1 X39.000 Y19.200 F1750 S0
G0 X39.000 Y19.280 F3000
G1 X34.000 Y19.280 F1750 S0
G1 X29.000 Y19.280 F1750 S5000
G1 X24.000 Y19.280 F1750 S0
G0 X24.000 Y19.360 F3000
G1 X29.000 Y19.360 F1750 S0
G1 X34.000 Y19.360 F1750 S5000
G1 X39.000 Y19.360 F1750 S0
G0 X39.000 Y19.440 F3000
G1 X34.000 Y19.440 F1750 S0
G1 X29.000 Y19.440 F1750 S5000
G1 X24.000 Y19.440 F1750 S0
G0 X24.000 Y19.520 F3000
G1 X29.000 Y19.520 F1750 S0
G1 X34.000 Y19.520 F1750 S5000
G1 X39.000 Y19.520 F1750 S0
G0 X39.000 Y19.600 F3000
G1 X34.000 Y19.600 F1750 S0
G1 X29.000 Y19.600 F1750 S5000
G1 X24.000 Y19.600 F1750 S0
G0 X24.000 Y19.680 F3000
G1 X29.000 Y19.680 F1750 S0
G1 X34.000 Y19.680 F1750 S5000
G1 X39.000 Y19.680 F1750 S0
G0 X39.000 Y19.760 F3000
G1 X34.000 Y19.760 F1750 S0
G1 X29.000 Y19.760 F1750 S5000
G1 X24.000 Y19.760 F1750 S0
G0 X24.000 Y19.840 F3000
G1 X29.000 Y19.840 F1750 S0
G1 X34.000 Y19.840 F1750 S5000
G1 X39.000 Y19.840 F1750 S0
G0 X39.000 Y19.920 F3000
G1 X34.000 Y19.920 F1750 S0
G1 X29.000 Y19.920 F1750 S5000
G1 X24.000 Y19.920 F1750 S0
G0 X24.000 Y20.000 F3000
G1 X29.000 Y20.000 F1750 S0
G1 X34.000 Y20.000 F1750 S5000
G1 X39.000 Y20.000 F1750 S0
G0 X39.000 Y20.080 F3000
G1 X34.000 Y20.080 F1750 S0
G1 X29.000 Y20.080 F1750 S5000
G1 X24.000 Y20.080 F1750 S0
G0 X24.000 Y20.160 F3000
G1 X29.000 Y20.160 F1750 S0
G1 X34.000 Y20.160 F1750 S5000
G1 X39.000 Y20.160 F1750 S0
G0 X39.000 Y20.240 F3000
G1 X34.000 Y20.240 F1750 S0
G1 X29.000 Y20.240 F1750 S5000
G1 X24.000 Y20.240 F1750 S0
G0 X24.000 Y20.320 F3000
G1 X29.000 Y20.320 F1750 S0
G1 X34.000 Y20.320 F1750 S5000
G1 X39.000 Y20.320 F1750 S0
G0 X39.000 Y20.400 F3000
G1 X34.000 Y20.400 F1750 S0
G1 X29.000 Y20.400 F1750 S5000
G1 X24.000 Y20.400 F1750 S0
G0 X24.000 Y20.480 F3000
G1 X29.000 Y20.480 F1750 S0
G1 X34.000 Y20.480 F1750 S5000
G1 X39.000 Y20.480 F1750 S0
G0 X39.000 Y20.560 F3000
G1 X34.000 Y20.560 F1750 S0
G1 X29.000 Y20.560 F1750 S5000
G1 X24.000 Y20.560 F1750 S0
G0 X24.000 Y20.640 F3000
G1 X29.000 Y20.640 F1750 S0
G1 X34.000 Y20.640 F1750 S5000
G1 X39.000 Y20.640 F1750 S0
G0 X39.000 Y20.720 F3000
G1 X34.000 Y20.720 F1750 S0
G1 X29.000 Y20.720 F1750 S5000
G1 X24.000 Y20.720 F1750 S0
G0 X24.000 Y20.800 F3000
G1 X29.000 Y20.800 F1750 S0
G1 X34.000 Y20.800 F1750 S5000
G1 X39.000 Y20.800 F1750 S0
G0 X39.000 Y20.880 F3000
G1 X34.000 Y20.880 F1750 S0
G1 X29.000 Y20.880 F1750 S5000
G1 X24.000 Y20.880 F1750 S0
G0 X24.000 Y20.960 F3000
G1 X29.000 Y20.960 F1750 S0
G1 X34.000 Y20.960 F1750 S5000
G1 X39.000 Y20.960 F1750 S0
M5
G0 X29.000 Y23.700 F3000
M4 S2000
G1 X29.648 Y23.700 F1500
M5
G0 X29.000 Y23.700 F3000
M4 S2000
G1 X29.000 Y23.160 F1500
M5
G0 X29.000 Y23.160 F3000
M4 S2000
G1 X29.000 Y22.620 F1500
M5
G0 X29.000 Y22.620 F3000
M4 S2000
G1 X29.648 Y22.620 F1500
M5
G0 X29.648 Y23.160 F3000
M4 S2000
G1 X29.648 Y22.620 F1500
M5
G0 X29.000 Y23.160 F3000
M4 S2000
G1 X29.648 Y23.160 F1500
M5
G0 X29.864 Y23.160 F3000
M4 S2000
G1 X30.512 Y23.160 F1500
M5
G0 X30.728 Y23.700 F3000
M4 S2000
G1 X31.376 Y23.700 F1500
M5
G0 X31.376 Y23.700 F3000
M4 S2000
G1 X31.376 Y23.160 F1500
M5
G0 X31.376 Y23.160 F3000
M4 S2000
G1 X31.376 Y22.620 F1500
M5
G0 X30.728 Y22.620 F3000
M4 S2000
G1 X31.376 Y22.620 F1500
M5
G0 X30.728 Y23.160 F3000
M4 S2000
G1 X30.728 Y22.620 F1500
M5
G0 X30.728 Y23.700 F3000
M4 S2000
G1 X30.728 Y23.160 F1500
M5
G0 X32.240 Y23.700 F3000
M4 S2000
G1 X32.240 Y23.160 F1500
M5
G0 X32.240 Y23.160 F3000
M4 S2000
G1 X32.240 Y22.620 F1500
M5
G0 X32.456 Y23.700 F3000
M4 S2000
G1 X32.456 Y23.160 F1500
M5
G0 X32.456 Y23.160 F3000
M4 S2000
G1 X33.104 Y23.160 F1500
M5
G0 X33.104 Y23.700 F3000
M4 S2000
G1 X33.104 Y23.160 F1500
M5
G0 X33.104 Y23.160 F3000
M4 S2000
G1 X33.104 Y22.620 F1500
M5
G0 X32.000 Y16.000 F3000
M4 S0
G1 X37.000 Y16.000 F2000 S0
G1 X42.000 Y16.000 F2000 S5000
G1 X47.000 Y16.000 F2000 S0
G0 X47.000 Y16.080 F3000
G1 X42.000 Y16.080 F2000 S0
G1 X37.000 Y16.080 F2000 S5000
G1 X32.000 Y16.080 F2000 S0
G0 X32.000 Y16.160 F3000
G1 X37.000 Y16.160 F2000 S0
G1 X42.000 Y16.160 F2000 S5000
G1 X47.000 Y16.160 F2000 S0
G0 X47.000 Y16.240 F3000
G1 X42.000 Y16.240 F2000 S0
G1 X37.000 Y16.240 F2000 S5000
G1 X32.000 Y16.240 F2000 S0
G0 X32.000 Y16.320 F3000
G1 X37.000 Y16.320 F2000 S0
G1 X42.000 Y16.320 F2000 S5000
G1 X47.000 Y16.320 F2000 S0
G0 X47.000 Y16.400 F3000
G1 X42.000 Y16.400 F2000 S0
G1 X37.000 Y16.400 F2000 S5000
G1 X32.000 Y16.400 F2000 S0
G0 X32.000 Y16.480 F3000
G1 X37.000 Y16.480 F2000 S0
G1 X42.000 Y16.480 F2000 S5000
G1 X47.000 Y16.480 F2000 S0
G0 X47.000 Y16.560 F3000
G1 X42.000 Y16.560 F2000 S0
G1 X37.000 Y16.560 F2000 S5000
G1 X32.000 Y16.560 F2000 S0
G0 X32.000 Y16.640 F3000
G1 X37.000 Y16.640 F2000 S0
G1 X42.000 Y16.640 F2000 S5000
G1 X47.000 Y16.640 F2000 S0
G0 X47.000 Y16.720 F3000
G1 X42.000 Y16.720 F2000 S0
G1 X37.000 Y16.720 F2000 S5000
G1 X32.000 Y16.720 F2000 S0
G0 X32.000 Y16.800 F3000
G1 X37.000 Y16.800 F2000 S0
G1 X42.000 Y16.800 F2000 S5000
G1 X47.000 Y16.800 F2000 S0
G0 X47.000 Y16.880 F3000
G1 X42.000 Y16.880 F2000 S0
G1 X37.000 Y16.880 F2000 S5000
G1 X32.000 Y16.880 F2000 S0
G0 X32.000 Y16.960 F3000
G1 X37.000 Y16.960 F2000 S0
G1 X42.000 Y16.960 F2000 S5000
G1 X47.000 Y16.960 F2000 S0
G0 X47.000 Y17.040 F3000
G1 X42.000 Y17.040 F2000 S0
G1 X37.000 Y17.040 F2000 S5000
G1 X32.000 Y17.040 F2000 S0
G0 X32.000 Y17.120 F3000
G1 X37.000 Y17.120 F2000 S0
G1 X42.000 Y17.120 F2000 S5000
G1 X47.000 Y17.120 F2000 S0
G0 X47.000 Y17.200 F3000
G1 X42.000 Y17.200 F2000 S0
G1 X37.000 Y17.200 F2000 S5000
G1 X32.000 Y17.200 F2000 S0
G0 X32.000 Y17.280 F3000
G1 X37.000 Y17.280 F2000 S0
G1 X42.000 Y17.280 F2000 S5000
G1 X47.000 Y17.280 F2000 S0
G0 X47.000 Y17.360 F3000
G1 X42.000 Y17.360 F2000 S0
G1 X37.000 Y17.360 F2000 S5000
G1 X32.000 Y17.360 F2000 S0
G0 X32.000 Y17.440 F3000
G1 X37.000 Y17.440 F2000 S0
G1 X42.000 Y17.440 F2000 S5000
G1 X47.000 Y17.440 F2000 S0
G0 X47.000 Y17.520 F3000
G1 X42.000 Y17.520 F2000 S0
G1 X37.000 Y17.520 F2000 S5000
G1 X32.000 Y17.520 F2000 S0
G0 X32.000 Y17.600 F3000
G1 X37.000 Y17.600 F2000 S0
G1 X42.000 Y17.600 F2000 S5000
G1 X47.000 Y17.600 F2000 S0
G0 X47.000 Y17.680 F3000
G1 X42.000 Y17.680 F2000 S0
G1 X37.000 Y17.680 F2000 S5000
G1 X32.000 Y17.680 F2000 S0
G0 X32.000 Y17.760 F3000
G1 X37.000 Y17.760 F2000 S0
G1 X42.000 Y17.760 F2000 S5000
G1 X47.000 Y17.760 F2000 S0
G0 X47.000 Y17.840 F3000
G1 X42.000 Y17.840 F2000 S0
G1 X37.000 Y17.840 F2000 S5000
G1 X32.000 Y17.840 F2000 S0
G0 X32.000 Y17.920 F3000
G1 X37.000 Y17.920 F2000 S0
G1 X42.000 Y17.920 F2000 S5000
G1 X47.000 Y17.920 F2000 S0
G0 X47.000 Y18.000 F3000
G1 X42.000 Y18.000 F2000 S0
G1 X37.000 Y18.000 F2000 S5000
G1 X32.000 Y18.000 F2000 S0
G0 X32.000 Y18.080 F3000
G1 X37.000 Y18.080 F2000 S0
G1 X42.000 Y18.080 F2000 S5000
G1 X47.000 Y18.080 F2000 S0
G0 X47.000 Y18.160 F3000
G1 X42.000 Y18.160 F2000 S0
G1 X37.000 Y18.160 F2000 S5000
G1 X32.000 Y18.160 F2000 S0
G0 X32.000 Y18.240 F3000
G1 X37.000 Y18.240 F2000 S0
G1 X42.000 Y18.240 F2000 S5000
G1 X47.000 Y18.240 F2000 S0
G0 X47.000 Y18.320 F3000
G1 X42.000 Y18.320 F2000 S0
G1 X37.000 Y18.320 F2000 S5000
G1 X32.000 Y18.320 F2000 S0
G0 X32.000 Y18.400 F3000
G1 X37.000 Y18.400 F2000 S0
G1 X42.000 Y18.400 F2000 S5000
G1 X47.000 Y18.400 F2000 S0
G0 X47.000 Y18.480 F3000
G1 X42.000 Y18.480 F2000 S0
G1 X37.000 Y18.480 F2000 S5000
G1 X32.000 Y18.480 F2000 S0
G0 X32.000 Y18.560 F3000
G1 X37.000 Y18.560 F2000 S0
G1 X42.000 Y18.560 F2000 S5000
G1 X47.000 Y18.560 F2000 S0
G0 X47.000 Y18.640 F3000
G1 X42.000 Y18.640 F2000 S0
G1 X37.000 Y18.640 F2000 S5000
G1 X32.000 Y18.640 F2000 S0
G0 X32.000 Y18.720 F3000
G1 X37.000 Y18.720 F2000 S0
G1 X42.000 Y18.720 F2000 S5000
G1 X47.000 Y18.720 F2000 S0
G0 X47.000 Y18.800 F3000
G1 X42.000 Y18.800 F2000 S0
G1 X37.000 Y18.800 F2000 S5000
G1 X32.000 Y18.800 F2000 S0
G0 X32.000 Y18.880 F3000
G1 X37.000 Y18.880 F2000 S0
G1 X42.000 Y18.880 F2000 S5000
G1 X47.000 Y18.880 F2000 S0
G0 X47.000 Y18.960 F3000
G1 X42.000 Y18.960 F2000 S0
G1 X37.000 Y18.960 F2000 S5000
G1 X32.000 Y18.960 F2000 S0
G0 X32.000 Y19.040 F3000
G1 X37.000 Y19.040 F2000 S0
G1 X42.000 Y19.040 F2000 S5000
G1 X47.000 Y19.040 F2000 S0
G0 X47.000 Y19.120 F3000
G1 X42.000 Y19.120 F2000 S0
G1 X37.000 Y19.120 F2000 S5000
G1 X32.000 Y19.120 F2000 S0
G0 X32.000 Y19.200 F3000
G1 X37.000 Y19.200 F2000 S0
G1 X42.000 Y19.200 F2000 S5000
G1 X47.000 Y19.200 F2000 S0
G0 X47.000 Y19.280 F3000
G1 X42.000 Y19.280 F2000 S0
G1 X37.000 Y19.280 F2000 S5000
G1 X32.000 Y19.280 F2000 S0
G0 X32.000 Y19.360 F3000
G1 X37.000 Y19.360 F2000 S0
G1 X42.000 Y19.360 F2000 S5000
G1 X47.000 Y19.360 F2000 S0
G0 X47.000 Y19.440 F3000
G1 X42.000 Y19.440 F2000 S0
G1 X37.000 Y19.440 F2000 S5000
G1 X32.000 Y19.440 F2000 S0
G0 X32.000 Y19.520 F3000
G1 X37.000 Y19.520 F2000 S0
G1 X42.000 Y19.520 F2000 S5000
G1 X47.000 Y19.520 F2000 S0
G0 X47.000 Y19.600 F3000
G1 X42.000 Y19.600 F2000 S0
G1 X37.000 Y19.600 F2000 S5000
G1 X32.000 Y19.600 F2000 S0
G0 X32.000 Y19.680 F3000
G1 X37.000 Y19.680 F2000 S0
G1 X42.000 Y19.680 F2000 S5000
G1 X47.000 Y19.680 F2000 S0
G0 X47.000 Y19.760 F3000
G1 X42.000 Y19.760 F2000 S0
G1 X37.000 Y19.760 F2000 S5000
G1 X32.000 Y19.760 F2000 S0
G0 X32.000 Y19.840 F3000
G1 X37.000 Y19.840 F2000 S0
G1 X42.000 Y19.840 F2000 S5000
G1 X47.000 Y19.840 F2000 S0
G0 X47.000 Y19.920 F3000
G1 X42.000 Y19.920 F2000 S0
G1 X37.000 Y19.920 F2000 S5000
G1 X32.000 Y19.920 F2000 S0
G0 X32.000 Y20.000 F3000
G1 X37.000 Y20.000 F2000 S0
G1 X42.000 Y20.000 F2000 S5000
G1 X47.000 Y20.000 F2000 S0
G0 X47.000 Y20.080 F3000
G1 X42.000 Y20.080 F2000 S0
G1 X37.000 Y20.080 F2000 S5000
G1 X32.000 Y20.080 F2000 S0
G0 X32.000 Y20.160 F3000
G1 X37.000 Y20.160 F2000 S0
G1 X42.000 Y20.160 F2000 S5000
G1 X47.000 Y20.160 F2000 S0
G0 X47.000 Y20.240 F3000
G1 X42.000 Y20.240 F2000 S0
G1 X37.000 Y20.240 F2000 S5000
G1 X32.000 Y20.240 F2000 S0
G0 X32.000 Y20.320 F3000
G1 X37.000 Y20.320 F2000 S0
G1 X42.000 Y20.320 F2000 S5000
G1 X47.000 Y20.320 F2000 S0
G0 X47.000 Y20.400 F3000
G1 X42.000 Y20.400 F2000 S0
G1 X37.000 Y20.400 F2000 S5000
G1 X32.000 Y20.400 F2000 S0
G0 X32.000 Y20.480 F3000
G1 X37.000 Y20.480 F2000 S0
G1 X42.000 Y20.480 F2000 S5000
G1 X47.000 Y20.480 F2000 S0
G0 X47.000 Y20.560 F3000
G1 X42.000 Y20.560 F2000 S0
G1 X37.000 Y20.560 F2000 S5000
G1 X32.000 Y20.560 F2000 S0
G0 X32.000 Y20.640 F3000
G1 X37.000 Y20.640 F2000 S0
G1 X42.000 Y20.640 F2000 S5000
G1 X47.000 Y20.640 F2000 S0
G0 X47.000 Y20.720 F3000
G1 X42.000 Y20.720 F2000 S0
G1 X37.000 Y20.720 F2000 S5000
G1 X32.000 Y20.720 F2000 S0
G0 X32.000 Y20.800 F3000
G1 X37.000 Y20.800 F2000 S0
G1 X42.000 Y20.800 F2000 S5000
G1 X47.000 Y20.800 F2000 S0
G0 X47.000 Y20.880 F3000
G1 X42.000 Y20.880 F2000 S0
G1 X37.000 Y20.880 F2000 S5000
G1 X32.000 Y20.880 F2000 S0
G0 X32.000 Y20.960 F3000
G1 X37.000 Y20.960 F2000 S0
G1 X42.000 Y20.960 F2000 S5000
G1 X47.000 Y20.960 F2000 S0
M5
G0 X37.000 Y23.700 F3000
M4 S2000
G1 X37.648 Y23.700 F1500
M5
G0 X37.000 Y23.700 F3000
M4 S2000
G1 X37.000 Y23.160 F1500
M5
G0 X37.000 Y23.160 F3000
M4 S2000
G1 X37.000 Y22.620 F1500
M5
G0 X37.000 Y22.620 F3000
M4 S2000
G1 X37.648 Y22.620 F1500
M5
G0 X37.648 Y23.160 F3000
M4 S2000
G1 X37.648 Y22.620 F1500
M5
G0 X37.000 Y23.160 F3000
M4 S2000
G1 X37.648 Y23.160 F1500
M5
G0 X37.864 Y23.160 F3000
M4 S2000
G1 X38.512 Y23.160 F1500
M5
G0 X38.728 Y23.700 F3000
M4 S2000
G1 X39.376 Y23.700 F1500
M5
G0 X39.376 Y23.700 F3000
M4 S2000
G1 X39.376 Y23.160 F1500
M5
G0 X39.376 Y23.160 F3000
M4 S2000
G1 X39.376 Y22.620 F1500
M5
G0 X38.728 Y22.620 F3000
M4 S2000
G1 X39.376 Y22.620 F1500
M5
G0 X38.728 Y23.160 F3000
M4 S2000
G1 X38.728 Y22.620 F1500
M5
G0 X38.728 Y23.700 F3000
M4 S2000
G1 X38.728 Y23.160 F1500
M5
G0 X40.240 Y23.700 F3000
M4 S2000
G1 X40.240 Y23.160 F1500
M5
G0 X40.240 Y23.160 F3000
M4 S2000
G1 X40.240 Y22.620 F1500
M5
G0 X40.456 Y23.700 F3000
M4 S2000
G1 X41.104 Y23.700 F1500
M5
G0 X40.456 Y23.700 F3000
M4 S2000
G1 X40.456 Y23.160 F1500
M5
G0 X40.456 Y23.160 F3000
M4 S2000
G1 X41.104 Y23.160 F1500
M5
G0 X41.104 Y23.160 F3000
M4 S2000
G1 X41.104 Y22.620 F1500
M5
G0 X40.456 Y22.620 F3000
M4 S2000
G1 X41.104 Y22.620 F1500
M5
G0 X32.000 Y24.000 F3000
M4 S0
G1 X37.000 Y24.000 F2000 S0
G1 X42.000 Y24.000 F2000 S6500
G1 X47.000 Y24.000 F2000 S0
G0 X47.000 Y24.080 F3000
G1 X42.000 Y24.080 F2000 S0
G1 X37.000 Y24.080 F2000 S6500
G1 X32.000 Y24.080 F2000 S0
G0 X32.000 Y24.160 F3000
G1 X37.000 Y24.160 F2000 S0
G1 X42.000 Y24.160 F2000 S6500
G1 X47.000 Y24.160 F2000 S0
G0 X47.000 Y24.240 F3000
G1 X42.000 Y24.240 F2000 S0
G1 X37.000 Y24.240 F2000 S6500
G1 X32.000 Y24.240 F2000 S0
G0 X32.000 Y24.320 F3000
G1 X37.000 Y24.320 F2000 S0
G1 X42.000 Y24.320 F2000 S6500
G1 X47.000 Y24.320 F2000 S0
G0 X47.000 Y24.400 F3000
G1 X42.000 Y24.400 F2000 S0
G1 X37.000 Y24.400 F2000 S6500
G1 X32.000 Y24.400 F2000 S0
G0 X32.000 Y24.480 F3000
G1 X37.000 Y24.480 F2000 S0
G1 X42.000 Y24.480 F2000 S6500
G1 X47.000 Y24.480 F2000 S0
G0 X47.000 Y24.560 F3000
G1 X42.000 Y24.560 F2000 S0
G1 X37.000 Y24.560 F2000 S6500
G1 X32.000 Y24.560 F2000 S0
G0 X32.000 Y24.640 F3000
G1 X37.000 Y24.640 F2000 S0
G1 X42.000 Y24.640 F2000 S6500
G1 X47.000 Y24.640 F2000 S0
G0 X47.000 Y24.720 F3000
G1 X42.000 Y24.720 F2000 S0
G1 X37.000 Y24.720 F2000 S6500
G1 X32.000 Y24.720 F2000 S0
G0 X32.000 Y24.800 F3000
G1 X37.000 Y24.800 F2000 S0
G1 X42.000 Y24.800 F2000 S6500
G1 X47.000 Y24.800 F2000 S0
G0 X47.000 Y24.880 F3000
G1 X42.000 Y24.880 F2000 S0
G1 X37.000 Y24.880 F2000 S6500
G1 X32.000 Y24.880 F2000 S0
G0 X32.000 Y24.960 F3000
G1 X37.000 Y24.960 F2000 S0
G1 X42.000 Y24.960 F2000 S6500
G1 X47.000 Y24.960 F2000 S0
G0 X47.000 Y25.040 F3000
G1 X42.000 Y25.040 F2000 S0
G1 X37.000 Y25.040 F2000 S6500
G1 X32.000 Y25.040 F2000 S0
G0 X32.000 Y25.120 F3000
G1 X37.000 Y25.120 F2000 S0
G1 X42.000 Y25.120 F2000 S6500
G1 X47.000 Y25.120 F2000 S0
G0 X47.000 Y25.200 F3000
G1 X42.000 Y25.200 F2000 S0
G1 X37.000 Y25.200 F2000 S6500
G1 X32.000 Y25.200 F2000 S0
G0 X32.000 Y25.280 F3000
G1 X37.000 Y25.280 F2000 S0
G1 X42.000 Y25.280 F2000 S6500
G1 X47.000 Y25.280 F2000 S0
G0 X47.000 Y25.360 F3000
G1 X42.000 Y25.360 F2000 S0
G1 X37.000 Y25.360 F2000 S6500
G1 X32.000 Y25.360 F2000 S0
G0 X32.000 Y25.440 F3000
G1 X37.000 Y25.440 F2000 S0
G1 X42.000 Y25.440 F2000 S6500
G1 X47.000 Y25.440 F2000 S0
G0 X47.000 Y25.520 F3000
G1 X42.000 Y25.520 F2000 S0
G1 X37.000 Y25.520 F2000 S6500
G1 X32.000 Y25.520 F2000 S0
G0 X32.000 Y25.600 F3000
G1 X37.000 Y25.600 F2000 S0
G1 X42.000 Y25.600 F2000 S6500
G1 X47.000 Y25.600 F2000 S0
G0 X47.000 Y25.680 F3000
G1 X42.000 Y25.680 F2000 S0
G1 X37.000 Y25.680 F2000 S6500
G1 X32.000 Y25.680 F2000 S0
G0 X32.000 Y25.760 F3000
G1 X37.000 Y25.760 F2000 S0
G1 X42.000 Y25.760 F2000 S6500
G1 X47.000 Y25.760 F2000 S0
G0 X47.000 Y25.840 F3000
G1 X42.000 Y25.840 F2000 S0
G1 X37.000 Y25.840 F2000 S6500
G1 X32.000 Y25.840 F2000 S0
G0 X32.000 Y25.920 F3000
G1 X37.000 Y25.920 F2000 S0
G1 X42.000 Y25.920 F2000 S6500
G1 X47.000 Y25.920 F2000 S0
G0 X47.000 Y26.000 F3000
G1 X42.000 Y26.000 F2000 S0
G1 X37.000 Y26.000 F2000 S6500
G1 X32.000 Y26.000 F2000 S0
G0 X32.000 Y26.080 F3000
G1 X37.000 Y26.080 F2000 S0
G1 X42.000 Y26.080 F2000 S6500
G1 X47.000 Y26.080 F2000 S0
G0 X47.000 Y26.160 F3000
G1 X42.000 Y26.160 F2000 S0
G1 X37.000 Y26.160 F2000 S6500
G1 X32.000 Y26.160 F2000 S0
G0 X32.000 Y26.240 F3000
G1 X37.000 Y26.240 F2000 S0
G1 X42.000 Y26.240 F2000 S6500
G1 X47.000 Y26.240 F2000 S0
G0 X47.000 Y26.320 F3000
G1 X42.000 Y26.320 F2000 S0
G1 X37.000 Y26.320 F2000 S6500
G1 X32.000 Y26.320 F2000 S0
G0 X32.000 Y26.400 F3000
G1 X37.000 Y26.400 F2000 S0
G1 X42.000 Y26.400 F2000 S6500
G1 X47.000 Y26.400 F2000 S0
G0 X47.000 Y26.480 F3000
G1 X42.000 Y26.480 F2000 S0
G1 X37.000 Y26.480 F2000 S6500
G1 X32.000 Y26.480 F2000 S0
G0 X32.000 Y26.560 F3000
G1 X37.000 Y26.560 F2000 S0
G1 X42.000 Y26.560 F2000 S6500
G1 X47.000 Y26.560 F2000 S0
G0 X47.000 Y26.640 F3000
G1 X42.000 Y26.640 F2000 S0
G1 X37.000 Y26.640 F2000 S6500
G1 X32.000 Y26.640 F2000 S0
G0 X32.000 Y26.720 F3000
G1 X37.000 Y26.720 F2000 S0
G1 X42.000 Y26.720 F2000 S6500
G1 X47.000 Y26.720 F2000 S0
G0 X47.000 Y26.800 F3000
G1 X42.000 Y26.800 F2000 S0
G1 X37.000 Y26.800 F2000 S6500
G1 X32.000 Y26.800 F2000 S0
G0 X32.000 Y26.880 F3000
G1 X37.000 Y26.880 F2000 S0
G1 X42.000 Y26.880 F2000 S6500
G1 X47.000 Y26.880 F2000 S0
G0 X47.000 Y26.960 F3000
G1 X42.000 Y26.960 F2000 S0
G1 X37.000 Y26.960 F2000 S6500
G1 X32.000 Y26.960 F2000 S0
G0 X32.000 Y27.040 F3000
G1 X37.000 Y27.040 F2000 S0
G1 X42.000 Y27.040 F2000 S6500
G1 X47.000 Y27.040 F2000 S0
G0 X47.000 Y27.120 F3000
G1 X42.000 Y27.120 F2000 S0
G1 X37.000 Y27.120 F2000 S6500
G1 X32.000 Y27.120 F2000 S0
G0 X32.000 Y27.200 F3000
G1 X37.000 Y27.200 F2000 S0
G1 X42.000 Y27.200 F2000 S6500
G1 X47.000 Y27.200 F2000 S0
G0 X47.000 Y27.280 F3000
G1 X42.000 Y27.280 F2000 S0
G1 X37.000 Y27.280 F2000 S6500
G1 X32.000 Y27.280 F2000 S0
G0 X32.000 Y27.360 F3000
G1 X37.000 Y27.360 F2000 S0
G1 X42.000 Y27.360 F2000 S6500
G1 X47.000 Y27.360 F2000 S0
G0 X47.000 Y27.440 F3000
G1 X42.000 Y27.440 F2000 S0
G1 X37.000 Y27.440 F2000 S6500
G1 X32.000 Y27.440 F2000 S0
G0 X32.000 Y27.520 F3000
G1 X37.000 Y27.520 F2000 S0
G1 X42.000 Y27.520 F2000 S6500
G1 X47.000 Y27.520 F2000 S0
G0 X47.000 Y27.600 F3000
G1 X42.000 Y27.600 F2000 S0
G1 X37.000 Y27.600 F2000 S6500
G1 X32.000 Y27.600 F2000 S0
G0 X32.000 Y27.680 F3000
G1 X37.000 Y27.680 F2000 S0
G1 X42.000 Y27.680 F2000 S6500
G1 X47.000 Y27.680 F2000 S0
G0 X47.000 Y27.760 F3000
G1 X42.000 Y27.760 F2000 S0
G1 X37.000 Y27.760 F2000 S6500
G1 X32.000 Y27.760 F2000 S0
G0 X32.000 Y27.840 F3000
G1 X37.000 Y27.840 F2000 S0
G1 X42.000 Y27.840 F2000 S6500
G1 X47.000 Y27.840 F2000 S0
G0 X47.000 Y27.920 F3000
G1 X42.000 Y27.920 F2000 S0
G1 X37.000 Y27.920 F2000 S6500
G1 X32.000 Y27.920 F2000 S0
G0 X32.000 Y28.000 F3000
G1 X37.000 Y28.000 F2000 S0
G1 X42.000 Y28.000 F2000 S6500
G1 X47.000 Y28.000 F2000 S0
G0 X47.000 Y28.080 F3000
G1 X42.000 Y28.080 F2000 S0
G1 X37.000 Y28.080 F2000 S6500
G1 X32.000 Y28.080 F2000 S0
G0 X32.000 Y28.160 F3000
G1 X37.000 Y28.160 F2000 S0
G1 X42.000 Y28.160 F2000 S6500
G1 X47.000 Y28.160 F2000 S0
G0 X47.000 Y28.240 F3000
G1 X42.000 Y28.240 F2000 S0
G1 X37.000 Y28.240 F2000 S6500
G1 X32.000 Y28.240 F2000 S0
G0 X32.000 Y28.320 F3000
G1 X37.000 Y28.320 F2000 S0
G1 X42.000 Y28.320 F2000 S6500
G1 X47.000 Y28.320 F2000 S0
G0 X47.000 Y28.400 F3000
G1 X42.000 Y28.400 F2000 S0
G1 X37.000 Y28.400 F2000 S6500
G1 X32.000 Y28.400 F2000 S0
G0 X32.000 Y28.480 F3000
G1 X37.000 Y28.480 F2000 S0
G1 X42.000 Y28.480 F2000 S6500
G1 X47.000 Y28.480 F2000 S0
G0 X47.000 Y28.560 F3000
G1 X42.000 Y28.560 F2000 S0
G1 X37.000 Y28.560 F2000 S6500
G1 X32.000 Y28.560 F2000 S0
G0 X32.000 Y28.640 F3000
G1 X37.000 Y28.640 F2000 S0
G1 X42.000 Y28.640 F2000 S6500
G1 X47.000 Y28.640 F2000 S0
G0 X47.000 Y28.720 F3000
G1 X42.000 Y28.720 F2000 S0
G1 X37.000 Y28.720 F2000 S6500
G1 X32.000 Y28.720 F2000 S0
G0 X32.000 Y28.800 F3000
G1 X37.000 Y28.800 F2000 S0
G1 X42.000 Y28.800 F2000 S6500
G1 X47.000 Y28.800 F2000 S0
G0 X47.000 Y28.880 F3000
G1 X42.000 Y28.880 F2000 S0
G1 X37.000 Y28.880 F2000 S6500
G1 X32.000 Y28.880 F2000 S0
G0 X32.000 Y28.960 F3000
G1 X37.000 Y28.960 F2000 S0
G1 X42.000 Y28.960 F2000 S6500
G1 X47.000 Y28.960 F2000 S0
M5
G0 X37.000 Y31.700 F3000
M4 S2000
G1 X37.648 Y31.700 F1500
M5
G0 X37.000 Y31.700 F3000
M4 S2000
G1 X37.000 Y31.160 F1500
M5
G0 X37.000 Y31.160 F3000
M4 S2000
G1 X37.000 Y30.620 F1500
M5
G0 X37.000 Y30.620 F3000
M4 S2000
G1 X37.648 Y30.620 F1500
M5
G0 X37.648 Y31.160 F3000
M4 S2000
G1 X37.648 Y30.620 F1500
M5
G0 X37.000 Y31.160 F3000
M4 S2000
G1 X37.648 Y31.160 F1500
M5
G0 X37.864 Y31.160 F3000
M4 S2000
G1 X38.512 Y31.160 F1500
M5
G0 X38.728 Y31.700 F3000
M4 S2000
G1 X39.376 Y31.700 F1500
M5
G0 X39.376 Y31.700 F3000
M4 S2000
G1 X39.376 Y31.160 F1500
M5
G0 X39.376 Y31.160 F3000
M4 S2000
G1 X39.376 Y30.620 F1500
M5
G0 X38.728 Y30.620 F3000
M4 S2000
G1 X39.376 Y30.620 F1500
M5
G0 X38.728 Y31.160 F3000
M4 S2000
G1 X38.728 Y30.620 F1500
M5
G0 X38.728 Y31.700 F3000
M4 S2000
G1 X38.728 Y31.160 F1500
M5
G0 X40.240 Y31.700 F3000
M4 S2000
G1 X40.240 Y31.160 F1500
M5
G0 X40.240 Y31.160 F3000
M4 S2000
G1 X40.240 Y30.620 F1500
M5
G0 X40.456 Y31.700 F3000
M4 S2000
G1 X41.104 Y31.700 F1500
M5
G0 X40.456 Y31.700 F3000
M4 S2000
G1 X40.456 Y31.160 F1500
M5
G0 X40.456 Y31.160 F3000
M4 S2000
G1 X41.104 Y31.160 F1500
M5
G0 X40.456 Y31.160 F3000
M4 S2000
G1 X40.456 Y30.620 F1500
M5
G0 X41.104 Y31.160 F3000
M4 S2000
G1 X41.104 Y30.620 F1500
M5
G0 X40.456 Y30.620 F3000
M4 S2000
G1 X41.104 Y30.620 F1500
M5
G0 X24.000 Y24.000 F3000
M4 S0
G1 X29.000 Y24.000 F1750 S0
G1 X34.000 Y24.000 F1750 S6500
G1 X39.000 Y24.000 F1750 S0
G0 X39.000 Y24.080 F3000
G1 X34.000 Y24.080 F1750 S0
G1 X29.000 Y24.080 F1750 S6500
G1 X24.000 Y24.080 F1750 S0
G0 X24.000 Y24.160 F3000
G1 X29.000 Y24.160 F1750 S0
G1 X34.000 Y24.160 F1750 S6500
G1 X39.000 Y24.160 F1750 S0
G0 X39.000 Y24.240 F3000
G1 X34.000 Y24.240 F1750 S0
G1 X29.000 Y24.240 F1750 S6500
G1 X24.000 Y24.240 F1750 S0
G0 X24.000 Y24.320 F3000
G1 X29.000 Y24.320 F1750 S0
G1 X34.000 Y24.320 F1750 S6500
G1 X39.000 Y24.320 F1750 S0
G0 X39.000 Y24.400 F3000
G1 X34.000 Y24.400 F1750 S0
G1 X29.000 Y24.400 F1750 S6500
G1 X24.000 Y24.400 F1750 S0
G0 X24.000 Y24.480 F3000
G1 X29.000 Y24.480 F1750 S0
G1 X34.000 Y24.480 F1750 S6500
G1 X39.000 Y24.480 F1750 S0
G0 X39.000 Y24.560 F3000
G1 X34.000 Y24.560 F1750 S0
G1 X29.000 Y24.560 F1750 S6500
G1 X24.000 Y24.560 F1750 S0
G0 X24.000 Y24.640 F3000
G1 X29.000 Y24.640 F1750 S0
G1 X34.000 Y24.640 F1750 S6500
G1 X39.000 Y24.640 F1750 S0
G0 X39.000 Y24.720 F3000
G1 X34.000 Y24.720 F1750 S0
G1 X29.000 Y24.720 F1750 S6500
G1 X24.000 Y24.720 F1750 S0
G0 X24.000 Y24.800 F3000
G1 X29.000 Y24.800 F1750 S0
G1 X34.000 Y24.800 F1750 S6500
G1 X39.000 Y24.800 F1750 S0
G0 X39.000 Y24.880 F3000
G1 X34.000 Y24.880 F1750 S0
G1 X29.000 Y24.880 F1750 S6500
G1 X24.000 Y24.880 F1750 S0
G0 X24.000 Y24.960 F3000
G1 X29.000 Y24.960 F1750 S0
G1 X34.000 Y24.960 F1750 S6500
G1 X39.000 Y24.960 F1750 S0
G0 X39.000 Y25.040 F3000
G1 X34.000 Y25.040 F1750 S0
G1 X29.000 Y25.040 F1750 S6500
G1 X24.000 Y25.040 F1750 S0
G0 X24.000 Y25.120 F3000
G1 X29.000 Y25.120 F1750 S0
G1 X34.000 Y25.120 F1750 S6500
G1 X39.000 Y25.120 F1750 S0
G0 X39.000 Y25.200 F3000
G1 X34.000 Y25.200 F1750 S0
G1 X29.000 Y25.200 F1750 S6500
G1 X24.000 Y25.200 F1750 S0
G0 X24.000 Y25.280 F3000
G1 X29.000 Y25.280 F1750 S0
G1 X34.000 Y25.280 F1750 S6500
G1 X39.000 Y25.280 F1750 S0
G0 X39.000 Y25.360 F3000
G1 X34.000 Y25.360 F1750 S0
G1 X29.000 Y25.360 F1750 S6500
G1 X24.000 Y25.360 F1750 S0
G0 X24.000 Y25.440 F3000
G1 X29.000 Y25.440 F1750 S0
G1 X34.000 Y25.440 F1750 S6500
G1 X39.000 Y25.440 F1750 S0
G0 X39.000 Y25.520 F3000
G1 X34.000 Y25.520 F1750 S0
G1 X29.000 Y25.520 F1750 S6500
G1 X24.000 Y25.520 F1750 S0
G0 X24.000 Y25.600 F3000
G1 X29.000 Y25.600 F1750 S0
G1 X34.000 Y25.600 F1750 S6500
G1 X39.000 Y25.600 F1750 S0
G0 X39.000 Y25.680 F3000
G1 X34.000 Y25.680 F1750 S0
G1 X29.000 Y25.680 F1750 S6500
G1 X24.000 Y25.680 F1750 S0
G0 X24.000 Y25.760 F3000
G1 X29.000 Y25.760 F1750 S0
G1 X34.000 Y25.760 F1750 S6500
G1 X39.000 Y25.760 F1750 S0
G0 X39.000 Y25.840 F3000
G1 X34.000 Y25.840 F1750 S0
G1 X29.000 Y25.840 F1750 S6500
G1 X24.000 Y25.840 F1750 S0
G0 X24.000 Y25.920 F3000
G1 X29.000 Y25.920 F1750 S0
G1 X34.000 Y25.920 F1750 S6500
G1 X39.000 Y25.920 F1750 S0
G0 X39.000 Y26.000 F3000
G1 X34.000 Y26.000 F1750 S0
G1 X29.000 Y26.000 F1750 S6500
G1 X24.000 Y26.000 F1750 S0
G0 X24.000 Y26.080 F3000
G1 X29.000 Y26.080 F1750 S0
G1 X34.000 Y26.080 F1750 S6500
G1 X39.000 Y26.080 F1750 S0
G0 X39.000 Y26.160 F3000
G1 X34.000 Y26.160 F1750 S0
G1 X29.000 Y26.160 F1750 S6500
G1 X24.000 Y26.160 F1750 S0
G0 X24.000 Y26.240 F3000
G1 X29.000 Y26.240 F1750 S0
G1 X34.000 Y26.240 F1750 S6500
G1 X39.000 Y26.240 F1750 S0
G0 X39.000 Y26.320 F3000
G1 X34.000 Y26.320 F1750 S0
G1 X29.000 Y26.320 F1750 S6500
G1 X24.000 Y26.320 F1750 S0
G0 X24.000 Y26.400 F3000
G1 X29.000 Y26.400 F1750 S0
G1 X34.000 Y26.400 F1750 S6500
G1 X39.000 Y26.400 F1750 S0
G0 X39.000 Y26.480 F3000
G1 X34.000 Y26.480 F1750 S0
G1 X29.000 Y26.480 F1750 S6500
G1 X24.000 Y26.480 F1750 S0
G0 X24.000 Y26.560 F3000
G1 X29.000 Y26.560 F1750 S0
G1 X34.000 Y26.560 F1750 S6500
G1 X39.000 Y26.560 F1750 S0
G0 X39.000 Y26.640 F3000
G1 X34.000 Y26.640 F1750 S0
G1 X29.000 Y26.640 F1750 S6500
G1 X24.000 Y26.640 F1750 S0
G0 X24.000 Y26.720 F3000
G1 X29.000 Y26.720 F1750 S0
G1 X34.000 Y26.720 F1750 S6500
G1 X39.000 Y26.720 F1750 S0
G0 X39.000 Y26.800 F3000
G1 X34.000 Y26.800 F1750 S0
G1 X29.000 Y26.800 F1750 S6500
G1 X24.000 Y26.800 F1750 S0
G0 X24.000 Y26.880 F3000
G1 X29.000 Y26.880 F1750 S0
G1 X34.000 Y26.880 F1750 S6500
G1 X39.000 Y26.880 F1750 S0
G0 X39.000 Y26.960 F3000
G1 X34.000 Y26.960 F1750 S0
G1 X29.000 Y26.960 F1750 S6500
G1 X24.000 Y26.960 F1750 S0
G0 X24.000 Y27.040 F3000
G1 X29.000 Y27.040 F1750 S0
G1 X34.000 Y27.040 F1750 S6500
G1 X39.000 Y27.040 F1750 S0
G0 X39.000 Y27.120 F3000
G1 X34.000 Y27.120 F1750 S0
G1 X29.000 Y27.120 F1750 S6500
G1 X24.000 Y27.120 F1750 S0
G0 X24.000 Y27.200 F3000
G1 X29.000 Y27.200 F1750 S0
G1 X34.000 Y27.200 F1750 S6500
G1 X39.000 Y27.200 F1750 S0
G0 X39.000 Y27.280 F3000
G1 X34.000 Y27.280 F1750 S0
G1 X29.000 Y27.280 F1750 S6500
G1 X24.000 Y27.280 F1750 S0
G0 X24.000 Y27.360 F3000
G1 X29.000 Y27.360 F1750 S0
G1 X34.000 Y27.360 F1750 S6500
G1 X39.000 Y27.360 F1750 S0
G0 X39.000 Y27.440 F3000
G1 X34.000 Y27.440 F1750 S0
G1 X29.000 Y27.440 F1750 S6500
G1 X24.000 Y27.440 F1750 S0
G0 X24.000 Y27.520 F3000
G1 X29.000 Y27.520 F1750 S0
G1 X34.000 Y27.520 F1750 S6500
G1 X39.000 Y27.520 F1750 S0
G0 X39.000 Y27.600 F3000
G1 X34.000 Y27.600 F1750 S0
G1 X29.000 Y27.600 F1750 S6500
G1 X24.000 Y27.600 F1750 S0
G0 X24.000 Y27.680 F3000
G1 X29.000 Y27.680 F1750 S0
G1 X34.000 Y27.680 F1750 S6500
G1 X39.000 Y27.680 F1750 S0
G0 X39.000 Y27.760 F3000
G1 X34.000 Y27.760 F1750 S0
G1 X29.000 Y27.760 F1750 S6500
G1 X24.000 Y27.760 F1750 S0
G0 X24.000 Y27.840 F3000
G1 X29.000 Y27.840 F1750 S0
G1 X34.000 Y27.840 F1750 S6500
G1 X39.000 Y27.840 F1750 S0
G0 X39.000 Y27.920 F3000
G1 X34.000 Y27.920 F1750 S0
G1 X29.000 Y27.920 F1750 S6500
G1 X24.000 Y27.920 F1750 S0
G0 X24.000 Y28.000 F3000
G1 X29.000 Y28.000 F1750 S0
G1 X34.000 Y28.000 F1750 S6500
G1 X39.000 Y28.000 F1750 S0
G0 X39.000 Y28.080 F3000
G1 X34.000 Y28.080 F1750 S0
G1 X29.000 Y28.080 F1750 S6500
G1 X24.000 Y28.080 F1750 S0
G0 X24.000 Y28.160 F3000
G1 X29.000 Y28.160 F1750 S0
G1 X34.000 Y28.160 F1750 S6500
G1 X39.000 Y28.160 F1750 S0
G0 X39.000 Y28.240 F3000
G1 X34.000 Y28.240 F1750 S0
G1 X29.000 Y28.240 F1750 S6500
G1 X24.000 Y28.240 F1750 S0
G0 X24.000 Y28.320 F3000
G1 X29.000 Y28.320 F1750 S0
G1 X34.000 Y28.320 F1750 S6500
G1 X39.000 Y28.320 F1750 S0
G0 X39.000 Y28.400 F3000
G1 X34.000 Y28.400 F1750 S0
G1 X29.000 Y28.400 F1750 S6500
G1 X24.000 Y28.400 F1750 S0
G0 X24.000 Y28.480 F3000
G1 X29.000 Y28.480 F1750 S0
G1 X34.000 Y28.480 F1750 S6500
G1 X39.000 Y28.480 F1750 S0
G0 X39.000 Y28.560 F3000
G1 X34.000 Y28.560 F1750 S0
G1 X29.000 Y28.560 F1750 S6500
G1 X24.000 Y28.560 F1750 S0
G0 X24.000 Y28.640 F3000
G1 X29.000 Y28.640 F1750 S0
G1 X34.000 Y28.640 F1750 S6500
G1 X39.000 Y28.640 F1750 S0
G0 X39.000 Y28.720 F3000
G1 X34.000 Y28.720 F1750 S0
G1 X29.000 Y28.720 F1750 S6500
G1 X24.000 Y28.720 F1750 S0
G0 X24.000 Y28.800 F3000
G1 X29.000 Y28.800 F1750 S0
G1 X34.000 Y28.800 F1750 S6500
G1 X39.000 Y28.800 F1750 S0
G0 X39.000 Y28.880 F3000
G1 X34.000 Y28.880 F1750 S0
G1 X29.000 Y28.880 F1750 S6500
G1 X24.000 Y28.880 F1750 S0
G0 X24.000 Y28.960 F3000
G1 X29.000 Y28.960 F1750 S0
G1 X34.000 Y28.960 F1750 S6500
G1 X39.000 Y28.960 F1750 S0
M5
G0 X29.000 Y31.700 F3000
M4 S2000
G1 X29.648 Y31.700 F1500
M5
G0 X29.000 Y31.700 F3000
M4 S2000
G1 X29.000 Y31.160 F1500
M5
G0 X29.000 Y31.160 F3000
M4 S2000
G1 X29.000 Y30.620 F1500
M5
G0 X29.000 Y30.620 F3000
M4 S2000
G1 X29.648 Y30.620 F1500
M5
G0 X29.648 Y31.160 F3000
M4 S2000
G1 X29.648 Y30.620 F1500
M5
G0 X29.000 Y31.160 F3000
M4 S2000
G1 X29.648 Y31.160 F1500
M5
G0 X29.864 Y31.160 F3000
M4 S2000
G1 X30.512 Y31.160 F1500
M5
G0 X30.728 Y31.700 F3000
M4 S2000
G1 X31.376 Y31.700 F1500
M5
G0 X31.376 Y31.700 F3000
M4 S2000
G1 X31.376 Y31.160 F1500
M5
G0 X31.376 Y31.160 F3000
M4 S2000
G1 X31.376 Y30.620 F1500
M5
G0 X30.728 Y30.620 F3000
M4 S2000
G1 X31.376 Y30.620 F1500
M5
G0 X30.728 Y31.160 F3000
M4 S2000
G1 X30.728 Y30.620 F1500
M5
G0 X30.728 Y31.700 F3000
M4 S2000
G1 X30.728 Y31.160 F1500
M5
G0 X32.240 Y31.700 F3000
M4 S2000
G1 X32.240 Y31.160 F1500
M5
G0 X32.240 Y31.160 F3000
M4 S2000
G1 X32.240 Y30.620 F1500
M5
G0 X32.456 Y31.700 F3000
M4 S2000
G1 X33.104 Y31.700 F1500
M5
G0 X33.104 Y31.700 F3000
M4 S2000
G1 X33.104 Y31.160 F1500
M5
G0 X33.104 Y31.160 F3000
M4 S2000
G1 X33.104 Y30.620 F1500
M5
G0 X16.000 Y24.000 F3000
M4 S0
G1 X21.000 Y24.000 F1500 S0
G1 X26.000 Y24.000 F1500 S6500
G1 X31.000 Y24.000 F1500 S0
G0 X31.000 Y24.080 F3000
G1 X26.000 Y24.080 F1500 S0
G1 X21.000 Y24.080 F1500 S6500
G1 X16.000 Y24.080 F1500 S0
G0 X16.000 Y24.160 F3000
G1 X21.000 Y24.160 F1500 S0
G1 X26.000 Y24.160 F1500 S6500
G1 X31.000 Y24.160 F1500 S0
G0 X31.000 Y24.240 F3000
G1 X26.000 Y24.240 F1500 S0
G1 X21.000 Y24.240 F1500 S6500
G1 X16.000 Y24.240 F1500 S0
G0 X16.000 Y24.320 F3000
G1 X21.000 Y24.320 F1500 S0
G1 X26.000 Y24.320 F1500 S6500
G1 X31.000 Y24.320 F1500 S0
G0 X31.000 Y24.400 F3000
G1 X26.000 Y24.400 F1500 S0
G1 X21.000 Y24.400 F1500 S6500
G1 X16.000 Y24.400 F1500 S0
G0 X16.000 Y24.480 F3000
G1 X21.000 Y24.480 F1500 S0
G1 X26.000 Y24.480 F1500 S6500
G1 X31.000 Y24.480 F1500 S0
G0 X31.000 Y24.560 F3000
G1 X26.000 Y24.560 F1500 S0
G1 X21.000 Y24.560 F1500 S6500
G1 X16.000 Y24.560 F1500 S0
G0 X16.000 Y24.640 F3000
G1 X21.000 Y24.640 F1500 S0
G1 X26.000 Y24.640 F1500 S6500
G1 X31.000 Y24.640 F1500 S0
G0 X31.000 Y24.720 F3000
G1 X26.000 Y24.720 F1500 S0
G1 X21.000 Y24.720 F1500 S6500
G1 X16.000 Y24.720 F1500 S0
G0 X16.000 Y24.800 F3000
G1 X21.000 Y24.800 F1500 S0
G1 X26.000 Y24.800 F1500 S6500
G1 X31.000 Y24.800 F1500 S0
G0 X31.000 Y24.880 F3000
G1 X26.000 Y24.880 F1500 S0
G1 X21.000 Y24.880 F1500 S6500
G1 X16.000 Y24.880 F1500 S0
G0 X16.000 Y24.960 F3000
G1 X21.000 Y24.960 F1500 S0
G1 X26.000 Y24.960 F1500 S6500
G1 X31.000 Y24.960 F1500 S0
G0 X31.000 Y25.040 F3000
G1 X26.000 Y25.040 F1500 S0
G1 X21.000 Y25.040 F1500 S6500
G1 X16.000 Y25.040 F1500 S0
G0 X16.000 Y25.120 F3000
G1 X21.000 Y25.120 F1500 S0
G1 X26.000 Y25.120 F1500 S6500
G1 X31.000 Y25.120 F1500 S0
G0 X31.000 Y25.200 F3000
G1 X26.000 Y25.200 F1500 S0
G1 X21.000 Y25.200 F1500 S6500
G1 X16.000 Y25.200 F1500 S0
G0 X16.000 Y25.280 F3000
G1 X21.000 Y25.280 F1500 S0
G1 X26.000 Y25.280 F1500 S6500
G1 X31.000 Y25.280 F1500 S0
G0 X31.000 Y25.360 F3000
G1 X26.000 Y25.360 F1500 S0
G1 X21.000 Y25.360 F1500 S6500
G1 X16.000 Y25.360 F1500 S0
G0 X16.000 Y25.440 F3000
G1 X21.000 Y25.440 F1500 S0
G1 X26.000 Y25.440 F1500 S6500
G1 X31.000 Y25.440 F1500 S0
G0 X31.000 Y25.520 F3000
G1 X26.000 Y25.520 F1500 S0
G1 X21.000 Y25.520 F1500 S6500
G1 X16.000 Y25.520 F1500 S0
G0 X16.000 Y25.600 F3000
G1 X21.000 Y25.600 F1500 S0
G1 X26.000 Y25.600 F1500 S6500
G1 X31.000 Y25.600 F1500 S0
G0 X31.000 Y25.680 F3000
G1 X26.000 Y25.680 F1500 S0
G1 X21.000 Y25.680 F1500 S6500
G1 X16.000 Y25.680 F1500 S0
G0 X16.000 Y25.760 F3000
G1 X21.000 Y25.760 F1500 S0
G1 X26.000 Y25.760 F1500 S6500
G1 X31.000 Y25.760 F1500 S0
G0 X31.000 Y25.840 F3000
G1 X26.000 Y25.840 F1500 S0
G1 X21.000 Y25.840 F1500 S6500
G1 X16.000 Y25.840 F1500 S0
G0 X16.000 Y25.920 F3000
G1 X21.000 Y25.920 F1500 S0
G1 X26.000 Y25.920 F1500 S6500
G1 X31.000 Y25.920 F1500 S0
G0 X31.000 Y26.000 F3000
G1 X26.000 Y26.000 F1500 S0
G1 X21.000 Y26.000 F1500 S6500
G1 X16.000 Y26.000 F1500 S0
G0 X16.000 Y26.080 F3000
G1 X21.000 Y26.080 F1500 S0
G1 X26.000 Y26.080 F1500 S6500
G1 X31.000 Y26.080 F1500 S0
G0 X31.000 Y26.160 F3000
G1 X26.000 Y26.160 F1500 S0
G1 X21.000 Y26.160 F1500 S6500
G1 X16.000 Y26.160 F1500 S0
G0 X16.000 Y26.240 F3000
G1 X21.000 Y26.240 F1500 S0
G1 X26.000 Y26.240 F1500 S6500
G1 X31.000 Y26.240 F1500 S0
G0 X31.000 Y26.320 F3000
G1 X26.000 Y26.320 F1500 S0
G1 X21.000 Y26.320 F1500 S6500
G1 X16.000 Y26.320 F1500 S0
G0 X16.000 Y26.400 F3000
G1 X21.000 Y26.400 F1500 S0
G1 X26.000 Y26.400 F1500 S6500
G1 X31.000 Y26.400 F1500 S0
G0 X31.000 Y26.480 F3000
G1 X26.000 Y26.480 F1500 S0
G1 X21.000 Y26.480 F1500 S6500
G1 X16.000 Y26.480 F1500 S0
G0 X16.000 Y26.560 F3000
G1 X21.000 Y26.560 F1500 S0
G1 X26.000 Y26.560 F1500 S6500
G1 X31.000 Y26.560 F1500 S0
G0 X31.000 Y26.640 F3000
G1 X26.000 Y26.640 F1500 S0
G1 X21.000 Y26.640 F1500 S6500
G1 X16.000 Y26.640 F1500 S0
G0 X16.000 Y26.720 F3000
G1 X21.000 Y26.720 F1500 S0
G1 X26.000 Y26.720 F1500 S6500
G1 X31.000 Y26.720 F1500 S0
G0 X31.000 Y26.800 F3000
G1 X26.000 Y26.800 F1500 S0
G1 X21.000 Y26.800 F1500 S6500
G1 X16.000 Y26.800 F1500 S0
G0 X16.000 Y26.880 F3000
G1 X21.000 Y26.880 F1500 S0
G1 X26.000 Y26.880 F1500 S6500
G1 X31.000 Y26.880 F1500 S0
G0 X31.000 Y26.960 F3000
G1 X26.000 Y26.960 F1500 S0
G1 X21.000 Y26.960 F1500 S6500
G1 X16.000 Y26.960 F1500 S0
G0 X16.000 Y27.040 F3000
G1 X21.000 Y27.040 F1500 S0
G1 X26.000 Y27.040 F1500 S6500
G1 X31.000 Y27.040 F1500 S0
G0 X31.000 Y27.120 F3000
G1 X26.000 Y27.120 F1500 S0
G1 X21.000 Y27.120 F1500 S6500
G1 X16.000 Y27.120 F1500 S0
G0 X16.000 Y27.200 F3000
G1 X21.000 Y27.200 F1500 S0
G1 X26.000 Y27.200 F1500 S6500
G1 X31.000 Y27.200 F1500 S0
G0 X31.000 Y27.280 F3000
G1 X26.000 Y27.280 F1500 S0
G1 X21.000 Y27.280 F1500 S6500
G1 X16.000 Y27.280 F1500 S0
G0 X16.000 Y27.360 F3000
G1 X21.000 Y27.360 F1500 S0
G1 X26.000 Y27.360 F1500 S6500
G1 X31.000 Y27.360 F1500 S0
G0 X31.000 Y27.440 F3000
G1 X26.000 Y27.440 F1500 S0
G1 X21.000 Y27.440 F1500 S6500
G1 X16.000 Y27.440 F1500 S0
G0 X16.000 Y27.520 F3000
G1 X21.000 Y27.520 F1500 S0
G1 X26.000 Y27.520 F1500 S6500
G1 X31.000 Y27.520 F1500 S0
G0 X31.000 Y27.600 F3000
G1 X26.000 Y27.600 F1500 S0
G1 X21.000 Y27.600 F1500 S6500
G1 X16.000 Y27.600 F1500 S0
G0 X16.000 Y27.680 F3000
G1 X21.000 Y27.680 F1500 S0
G1 X26.000 Y27.680 F1500 S6500
G1 X31.000 Y27.680 F1500 S0
G0 X31.000 Y27.760 F3000
G1 X26.000 Y27.760 F1500 S0
G1 X21.000 Y27.760 F1500 S6500
G1 X16.000 Y27.760 F1500 S0
G0 X16.000 Y27.840 F3000
G1 X21.000 Y27.840 F1500 S0
G1 X26.000 Y27.840 F1500 S6500
G1 X31.000 Y27.840 F1500 S0
G0 X31.000 Y27.920 F3000
G1 X26.000 Y27.920 F1500 S0
G1 X21.000 Y27.920 F1500 S6500
G1 X16.000 Y27.920 F1500 S0
G0 X16.000 Y28.000 F3000
G1 X21.000 Y28.000 F1500 S0
G1 X26.000 Y28.000 F1500 S6500
G1 X31.000 Y28.000 F1500 S0
G0 X31.000 Y28.080 F3000
G1 X26.000 Y28.080 F1500 S0
G1 X21.000 Y28.080 F1500 S6500
G1 X16.000 Y28.080 F1500 S0
G0 X16.000 Y28.160 F3000
G1 X21.000 Y28.160 F1500 S0
G1 X26.000 Y28.160 F1500 S6500
G1 X31.000 Y28.160 F1500 S0
G0 X31.000 Y28.240 F3000
G1 X26.000 Y28.240 F1500 S0
G1 X21.000 Y28.240 F1500 S6500
G1 X16.000 Y28.240 F1500 S0
G0 X16.000 Y28.320 F3000
G1 X21.000 Y28.320 F1500 S0
G1 X26.000 Y28.320 F1500 S6500
G1 X31.000 Y28.320 F1500 S0
G0 X31.000 Y28.400 F3000
G1 X26.000 Y28.400 F1500 S0
G1 X21.000 Y28.400 F1500 S6500
G1 X16.000 Y28.400 F1500 S0
G0 X16.000 Y28.480 F3000
G1 X21.000 Y28.480 F1500 S0
G1 X26.000 Y28.480 F1500 S6500
G1 X31.000 Y28.480 F1500 S0
G0 X31.000 Y28.560 F3000
G1 X26.000 Y28.560 F1500 S0
G1 X21.000 Y28.560 F1500 S6500
G1 X16.000 Y28.560 F1500 S0
G0 X16.000 Y28.640 F3000
G1 X21.000 Y28.640 F1500 S0
G1 X26.000 Y28.640 F1500 S6500
G1 X31.000 Y28.640 F1500 S0
G0 X31.000 Y28.720 F3000
G1 X26.000 Y28.720 F1500 S0
G1 X21.000 Y28.720 F1500 S6500
G1 X16.000 Y28.720 F1500 S0
G0 X16.000 Y28.800 F3000
G1 X21.000 Y28.800 F1500 S0
G1 X26.000 Y28.800 F1500 S6500
G1 X31.000 Y28.800 F1500 S0
G0 X31.000 Y28.880 F3000
G1 X26.000 Y28.880 F1500 S0
G1 X21.000 Y28.880 F1500 S6500
G1 X16.000 Y28.880 F1500 S0
G0 X16.000 Y28.960 F3000
G1 X21.000 Y28.960 F1500 S0
G1 X26.000 Y28.960 F1500 S6500
G1 X31.000 Y28.960 F1500 S0
M5
G0 X21.000 Y31.700 F3000
M4 S2000
G1 X21.648 Y31.700 F1500
M5
G0 X21.000 Y31.700 F3000
M4 S2000
G1 X21.000 Y31.160 F1500
M5
G0 X21.000 Y31.160 F3000
M4 S2000
G1 X21.000 Y30.620 F1500
M5
G0 X21.000 Y30.620 F3000
M4 S2000
G1 X21.648 Y30.620 F1500
M5
G0 X21.648 Y31.160 F3000
M4 S2000
G1 X21.648 Y30.620 F1500
M5
G0 X21.000 Y31.160 F3000
M4 S2000
G1 X21.648 Y31.160 F1500
M5
G0 X21.864 Y31.160 F3000
M4 S2000
G1 X22.512 Y31.160 F1500
M5
G0 X22.728 Y31.700 F3000
M4 S2000
G1 X23.376 Y31.700 F1500
M5
G0 X23.376 Y31.700 F3000
M4 S2000
G1 X23.376 Y31.160 F1500
M5
G0 X23.376 Y31.160 F3000
M4 S2000
G1 X23.376 Y30.620 F1500
M5
G0 X22.728 Y30.620 F3000
M4 S2000
G1 X23.376 Y30.620 F1500
M5
G0 X22.728 Y31.160 F3000
M4 S2000
G1 X22.728 Y30.620 F1500
M5
G0 X22.728 Y31.700 F3000
M4 S2000
G1 X22.728 Y31.160 F1500
M5
G0 X24.240 Y31.700 F3000
M4 S2000
G1 X24.240 Y31.160 F1500
M5
G0 X24.240 Y31.160 F3000
M4 S2000
G1 X24.240 Y30.620 F1500
M5
G0 X24.456 Y31.700 F3000
M4 S2000
G1 X25.104 Y31.700 F1500
M5
G0 X25.104 Y31.700 F3000
M4 S2000
G1 X25.104 Y31.160 F1500
M5
G0 X25.104 Y31.160 F3000
M4 S2000
G1 X25.104 Y30.620 F1500
M5
G0 X24.456 Y30.620 F3000
M4 S2000
G1 X25.104 Y30.620 F1500
M5
G0 X24.456 Y31.160 F3000
M4 S2000
G1 X24.456 Y30.620 F1500
M5
G0 X24.456 Y31.700 F3000
M4 S2000
G1 X24.456 Y31.160 F1500
M5
G0 X24.456 Y31.160 F3000
M4 S2000
G1 X25.104 Y31.160 F1500
M5
G0 X8.660 Y24.000 F3000
M4 S0
G1 X13.000 Y24.000 F1250 S0
G1 X18.000 Y24.000 F1250 S6500
G1 X22.340 Y24.000 F1250 S0
G0 X22.340 Y24.080 F3000
G1 X18.000 Y24.080 F1250 S0
G1 X13.000 Y24.080 F1250 S6500
G1 X8.660 Y24.080 F1250 S0
G0 X8.660 Y24.160 F3000
G1 X13.000 Y24.160 F1250 S0
G1 X18.000 Y24.160 F1250 S6500
G1 X22.340 Y24.160 F1250 S0
G0 X22.340 Y24.240 F3000
G1 X18.000 Y24.240 F1250 S0
G1 X13.000 Y24.240 F1250 S6500
G1 X8.660 Y24.240 F1250 S0
G0 X8.660 Y24.320 F3000
G1 X13.000 Y24.320 F1250 S0
G1 X18.000 Y24.320 F1250 S6500
G1 X22.340 Y24.320 F1250 S0
G0 X22.340 Y24.400 F3000
G1 X18.000 Y24.400 F1250 S0
G1 X13.000 Y24.400 F1250 S6500
G1 X8.660 Y24.400 F1250 S0
G0 X8.660 Y24.480 F3000
G1 X13.000 Y24.480 F1250 S0
G1 X18.000 Y24.480 F1250 S6500
G1 X22.340 Y24.480 F1250 S0
G0 X22.340 Y24.560 F3000
G1 X18.000 Y24.560 F1250 S0
G1 X13.000 Y24.560 F1250 S6500
G1 X8.660 Y24.560 F1250 S0
G0 X8.660 Y24.640 F3000
G1 X13.000 Y24.640 F1250 S0
G1 X18.000 Y24.640 F1250 S6500
G1 X22.340 Y24.640 F1250 S0
G0 X22.340 Y24.720 F3000
G1 X18.000 Y24.720 F1250 S0
G1 X13.000 Y24.720 F1250 S6500
G1 X8.660 Y24.720 F1250 S0
G0 X8.660 Y24.800 F3000
G1 X13.000 Y24.800 F1250 S0
G1 X18.000 Y24.800 F1250 S6500
G1 X22.340 Y24.800 F1250 S0
G0 X22.340 Y24.880 F3000
G1 X18.000 Y24.880 F1250 S0
G1 X13.000 Y24.880 F1250 S6500
G1 X8.660 Y24.880 F1250 S0
G0 X8.660 Y24.960 F3000
G1 X13.000 Y24.960 F1250 S0
G1 X18.000 Y24.960 F1250 S6500
G1 X22.340 Y24.960 F1250 S0
G0 X22.340 Y25.040 F3000
G1 X18.000 Y25.040 F1250 S0
G1 X13.000 Y25.040 F1250 S6500
G1 X8.660 Y25.040 F1250 S0
G0 X8.660 Y25.120 F3000
G1 X13.000 Y25.120 F1250 S0
G1 X18.000 Y25.120 F1250 S6500
G1 X22.340 Y25.120 F1250 S0
G0 X22.340 Y25.200 F3000
G1 X18.000 Y25.200 F1250 S0
G1 X13.000 Y25.200 F1250 S6500
G1 X8.660 Y25.200 F1250 S0
G0 X8.660 Y25.280 F3000
G1 X13.000 Y25.280 F1250 S0
G1 X18.000 Y25.280 F1250 S6500
G1 X22.340 Y25.280 F1250 S0
G0 X22.340 Y25.360 F3000
G1 X18.000 Y25.360 F1250 S0
G1 X13.000 Y25.360 F1250 S6500
G1 X8.660 Y25.360 F1250 S0
G0 X8.660 Y25.440 F3000
G1 X13.000 Y25.440 F1250 S0
G1 X18.000 Y25.440 F1250 S6500
G1 X22.340 Y25.440 F1250 S0
G0 X22.340 Y25.520 F3000
G1 X18.000 Y25.520 F1250 S0
G1 X13.000 Y25.520 F1250 S6500
G1 X8.660 Y25.520 F1250 S0
G0 X8.660 Y25.600 F3000
G1 X13.000 Y25.600 F1250 S0
G1 X18.000 Y25.600 F1250 S6500
G1 X22.340 Y25.600 F1250 S0
G0 X22.340 Y25.680 F3000
G1 X18.000 Y25.680 F1250 S0
G1 X13.000 Y25.680 F1250 S6500
G1 X8.660 Y25.680 F1250 S0
G0 X8.660 Y25.760 F3000
G1 X13.000 Y25.760 F1250 S0
G1 X18.000 Y25.760 F1250 S6500
G1 X22.340 Y25.760 F1250 S0
G0 X22.340 Y25.840 F3000
G1 X18.000 Y25.840 F1250 S0
G1 X13.000 Y25.840 F1250 S6500
G1 X8.660 Y25.840 F1250 S0
G0 X8.660 Y25.920 F3000
G1 X13.000 Y25.920 F1250 S0
G1 X18.000 Y25.920 F1250 S6500
G1 X22.340 Y25.920 F1250 S0
G0 X22.340 Y26.000 F3000
G1 X18.000 Y26.000 F1250 S0
G1 X13.000 Y26.000 F1250 S6500
G1 X8.660 Y26.000 F1250 S0
G0 X8.660 Y26.080 F3000
G1 X13.000 Y26.080 F1250 S0
G1 X18.000 Y26.080 F1250 S6500
G1 X22.340 Y26.080 F1250 S0
G0 X22.340 Y26.160 F3000
G1 X18.000 Y26.160 F1250 S0
G1 X13.000 Y26.160 F1250 S6500
G1 X8.660 Y26.160 F1250 S0
G0 X8.660 Y26.240 F3000
G1 X13.000 Y26.240 F1250 S0
G1 X18.000 Y26.240 F1250 S6500
G1 X22.340 Y26.240 F1250 S0
G0 X22.340 Y26.320 F3000
G1 X18.000 Y26.320 F1250 S0
G1 X13.000 Y26.320 F1250 S6500
G1 X8.660 Y26.320 F1250 S0
G0 X8.660 Y26.400 F3000
G1 X13.000 Y26.400 F1250 S0
G1 X18.000 Y26.400 F1250 S6500
G1 X22.340 Y26.400 F1250 S0
G0 X22.340 Y26.480 F3000
G1 X18.000 Y26.480 F1250 S0
G1 X13.000 Y26.480 F1250 S6500
G1 X8.660 Y26.480 F1250 S0
G0 X8.660 Y26.560 F3000
G1 X13.000 Y26.560 F1250 S0
G1 X18.000 Y26.560 F1250 S6500
G1 X22.340 Y26.560 F1250 S0
G0 X22.340 Y26.640 F3000
G1 X18.000 Y26.640 F1250 S0
G1 X13.000 Y26.640 F1250 S6500
G1 X8.660 Y26.640 F1250 S0
G0 X8.660 Y26.720 F3000
G1 X13.000 Y26.720 F1250 S0
G1 X18.000 Y26.720 F1250 S6500
G1 X22.340 Y26.720 F1250 S0
G0 X22.340 Y26.800 F3000
G1 X18.000 Y26.800 F1250 S0
G1 X13.000 Y26.800 F1250 S6500
G1 X8.660 Y26.800 F1250 S0
G0 X8.660 Y26.880 F3000
G1 X13.000 Y26.880 F1250 S0
G1 X18.000 Y26.880 F1250 S6500
G1 X22.340 Y26.880 F1250 S0
G0 X22.340 Y26.960 F3000
G1 X18.000 Y26.960 F1250 S0
G1 X13.000 Y26.960 F1250 S6500
G1 X8.660 Y26.960 F1250 S0
G0 X8.660 Y27.040 F3000
G1 X13.000 Y27.040 F1250 S0
G1 X18.000 Y27.040 F1250 S6500
G1 X22.340 Y27.040 F1250 S0
G0 X22.340 Y27.120 F3000
G1 X18.000 Y27.120 F1250 S0
G1 X13.000 Y27.120 F1250 S6500
G1 X8.660 Y27.120 F1250 S0
G0 X8.660 Y27.200 F3000
G1 X13.000 Y27.200 F1250 S0
G1 X18.000 Y27.200 F1250 S6500
G1 X22.340 Y27.200 F1250 S0
G0 X22.340 Y27.280 F3000
G1 X18.000 Y27.280 F1250 S0
G1 X13.000 Y27.280 F1250 S6500
G1 X8.660 Y27.280 F1250 S0
G0 X8.660 Y27.360 F3000
G1 X13.000 Y27.360 F1250 S0
G1 X18.000 Y27.360 F1250 S6500
G1 X22.340 Y27.360 F1250 S0
G0 X22.340 Y27.440 F3000
G1 X18.000 Y27.440 F1250 S0
G1 X13.000 Y27.440 F1250 S6500
G1 X8.660 Y27.440 F1250 S0
G0 X8.660 Y27.520 F3000
G1 X13.000 Y27.520 F1250 S0
G1 X18.000 Y27.520 F1250 S6500
G1 X22.340 Y27.520 F1250 S0
G0 X22.340 Y27.600 F3000
G1 X18.000 Y27.600 F1250 S0
G1 X13.000 Y27.600 F1250 S6500
G1 X8.660 Y27.600 F1250 S0
G0 X8.660 Y27.680 F3000
G1 X13.000 Y27.680 F1250 S0
G1 X18.000 Y27.680 F1250 S6500
G1 X22.340 Y27.680 F1250 S0
G0 X22.340 Y27.760 F3000
G1 X18.000 Y27.760 F1250 S0
G1 X13.000 Y27.760 F1250 S6500
G1 X8.660 Y27.760 F1250 S0
G0 X8.660 Y27.840 F3000
G1 X13.000 Y27.840 F1250 S0
G1 X18.000 Y27.840 F1250 S6500
G1 X22.340 Y27.840 F1250 S0
G0 X22.340 Y27.920 F3000
G1 X18.000 Y27.920 F1250 S0
G1 X13.000 Y27.920 F1250 S6500
G1 X8.660 Y27.920 F1250 S0
G0 X8.660 Y28.000 F3000
G1 X13.000 Y28.000 F1250 S0
G1 X18.000 Y28.000 F1250 S6500
G1 X22.340 Y28.000 F1250 S0
G0 X22.340 Y28.080 F3000
G1 X18.000 Y28.080 F1250 S0
G1 X13.000 Y28.080 F1250 S6500
G1 X8.660 Y28.080 F1250 S0
G0 X8.660 Y28.160 F3000
G1 X13.000 Y28.160 F1250 S0
G1 X18.000 Y28.160 F1250 S6500
G1 X22.340 Y28.160 F1250 S0
G0 X22.340 Y28.240 F3000
G1 X18.000 Y28.240 F1250 S0
G1 X13.000 Y28.240 F1250 S6500
G1 X8.660 Y28.240 F1250 S0
G0 X8.660 Y28.320 F3000
G1 X13.000 Y28.320 F1250 S0
G1 X18.000 Y28.320 F1250 S6500
G1 X22.340 Y28.320 F1250 S0
G0 X22.340 Y28.400 F3000
G1 X18.000 Y28.400 F1250 S0
G1 X13.000 Y28.400 F1250 S6500
G1 X8.660 Y28.400 F1250 S0
G0 X8.660 Y28.480 F3000
G1 X13.000 Y28.480 F1250 S0
G1 X18.000 Y28.480 F1250 S6500
G1 X22.340 Y28.480 F1250 S0
G0 X22.340 Y28.560 F3000
G1 X18.000 Y28.560 F1250 S0
G1 X13.000 Y28.560 F1250 S6500
G1 X8.660 Y28.560 F1250 S0
G0 X8.660 Y28.640 F3000
G1 X13.000 Y28.640 F1250 S0
G1 X18.000 Y28.640 F1250 S6500
G1 X22.340 Y28.640 F1250 S0
G0 X22.340 Y28.720 F3000
G1 X18.000 Y28.720 F1250 S0
G1 X13.000 Y28.720 F1250 S6500
G1 X8.660 Y28.720 F1250 S0
G0 X8.660 Y28.800 F3000
G1 X13.000 Y28.800 F1250 S0
G1 X18.000 Y28.800 F1250 S6500
G1 X22.340 Y28.800 F1250 S0
G0 X22.340 Y28.880 F3000
G1 X18.000 Y28.880 F1250 S0
G1 X13.000 Y28.880 F1250 S6500
G1 X8.660 Y28.880 F1250 S0
G0 X8.660 Y28.960 F3000
G1 X13.000 Y28.960 F1250 S0
G1 X18.000 Y28.960 F1250 S6500
G1 X22.340 Y28.960 F1250 S0
M5
G0 X13.000 Y31.700 F3000
M4 S2000
G1 X13.648 Y31.700 F1500
M5
G0 X13.000 Y31.700 F3000
M4 S2000
G1 X13.000 Y31.160 F1500
M5
G0 X13.000 Y31.160 F3000
M4 S2000
G1 X13.000 Y30.620 F1500
M5
G0 X13.000 Y30.620 F3000
M4 S2000
G1 X13.648 Y30.620 F1500
M5
G0 X13.648 Y31.160 F3000
M4 S2000
G1 X13.648 Y30.620 F1500
M5
G0 X13.000 Y31.160 F3000
M4 S2000
G1 X13.648 Y31.160 F1500
M5
G0 X13.864 Y31.160 F3000
M4 S2000
G1 X14.512 Y31.160 F1500
M5
G0 X14.728 Y31.700 F3000
M4 S2000
G1 X15.376 Y31.700 F1500
M5
G0 X15.376 Y31.700 F3000
M4 S2000
G1 X15.376 Y31.160 F1500
M5
G0 X15.376 Y31.160 F3000
M4 S2000
G1 X15.376 Y30.620 F1500
M5
G0 X14.728 Y30.620 F3000
M4 S2000
G1 X15.376 Y30.620 F1500
M5
G0 X14.728 Y31.160 F3000
M4 S2000
G1 X14.728 Y30.620 F1500
M5
G0 X14.728 Y31.700 F3000
M4 S2000
G1 X14.728 Y31.160 F1500
M5
G0 X16.240 Y31.700 F3000
M4 S2000
G1 X16.240 Y31.160 F1500
M5
G0 X16.240 Y31.160 F3000
M4 S2000
G1 X16.240 Y30.620 F1500
M5
G0 X16.456 Y31.700 F3000
M4 S2000
G1 X17.104 Y31.700 F1500
M5
G0 X17.104 Y31.700 F3000
M4 S2000
G1 X17.104 Y31.160 F1500
M5
G0 X17.104 Y31.160 F3000
M4 S2000
G1 X17.104 Y30.620 F1500
M5
G0 X16.456 Y30.620 F3000
M4 S2000
G1 X17.104 Y30.620 F1500
M5
G0 X16.456 Y31.700 F3000
M4 S2000
G1 X16.456 Y31.160 F1500
M5
G0 X16.456 Y31.160 F3000
M4 S2000
G1 X17.104 Y31.160 F1500
M5
G0 X2.222 Y24.000 F3000
M4 S0
G1 X5.000 Y24.000 F1000 S0
G1 X10.000 Y24.000 F1000 S6500
G1 X12.778 Y24.000 F1000 S0
G0 X12.778 Y24.080 F3000
G1 X10.000 Y24.080 F1000 S0
G1 X5.000 Y24.080 F1000 S6500
G1 X2.222 Y24.080 F1000 S0
G0 X2.222 Y24.160 F3000
G1 X5.000 Y24.160 F1000 S0
G1 X10.000 Y24.160 F1000 S6500
G1 X12.778 Y24.160 F1000 S0
G0 X12.778 Y24.240 F3000
G1 X10.000 Y24.240 F1000 S0
G1 X5.000 Y24.240 F1000 S6500
G1 X2.222 Y24.240 F1000 S0
G0 X2.222 Y24.320 F3000
G1 X5.000 Y24.320 F1000 S0
G1 X10.000 Y24.320 F1000 S6500
G1 X12.778 Y24.320 F1000 S0
G0 X12.778 Y24.400 F3000
G1 X10.000 Y24.400 F1000 S0
G1 X5.000 Y24.400 F1000 S6500
G1 X2.222 Y24.400 F1000 S0
G0 X2.222 Y24.480 F3000
G1 X5.000 Y24.480 F1000 S0
G1 X10.000 Y24.480 F1000 S6500
G1 X12.778 Y24.480 F1000 S0
G0 X12.778 Y24.560 F3000
G1 X10.000 Y24.560 F1000 S0
G1 X5.000 Y24.560 F1000 S6500
G1 X2.222 Y24.560 F1000 S0
G0 X2.222 Y24.640 F3000
G1 X5.000 Y24.640 F1000 S0
G1 X10.000 Y24.640 F1000 S6500
G1 X12.778 Y24.640 F1000 S0
G0 X12.778 Y24.720 F3000
G1 X10.000 Y24.720 F1000 S0
G1 X5.000 Y24.720 F1000 S6500
G1 X2.222 Y24.720 F1000 S0
G0 X2.222 Y24.800 F3000
G1 X5.000 Y24.800 F1000 S0
G1 X10.000 Y24.800 F1000 S6500
G1 X12.778 Y24.800 F1000 S0
G0 X12.778 Y24.880 F3000
G1 X10.000 Y24.880 F1000 S0
G1 X5.000 Y24.880 F1000 S6500
G1 X2.222 Y24.880 F1000 S0
G0 X2.222 Y24.960 F3000
G1 X5.000 Y24.960 F1000 S0
G1 X10.000 Y24.960 F1000 S6500
G1 X12.778 Y24.960 F1000 S0
G0 X12.778 Y25.040 F3000
G1 X10.000 Y25.040 F1000 S0
G1 X5.000 Y25.040 F1000 S6500
G1 X2.222 Y25.040 F1000 S0
G0 X2.222 Y25.120 F3000
G1 X5.000 Y25.120 F1000 S0
G1 X10.000 Y25.120 F1000 S6500
G1 X12.778 Y25.120 F1000 S0
G0 X12.778 Y25.200 F3000
G1 X10.000 Y25.200 F1000 S0
G1 X5.000 Y25.200 F1000 S6500
G1 X2.222 Y25.200 F1000 S0
G0 X2.222 Y25.280 F3000
G1 X5.000 Y25.280 F1000 S0
G1 X10.000 Y25.280 F1000 S6500
G1 X12.778 Y25.280 F1000 S0
G0 X12.778 Y25.360 F3000
G1 X10.000 Y25.360 F1000 S0
G1 X5.000 Y25.360 F1000 S6500
G1 X2.222 Y25.360 F1000 S0
G0 X2.222 Y25.440 F3000
G1 X5.000 Y25.440 F1000 S0
G1 X10.000 Y25.440 F1000 S6500
G1 X12.778 Y25.440 F1000 S0
G0 X12.778 Y25.520 F3000
G1 X10.000 Y25.520 F1000 S0
G1 X5.000 Y25.520 F1000 S6500
G1 X2.222 Y25.520 F1000 S0
G0 X2.222 Y25.600 F3000
G1 X5.000 Y25.600 F1000 S0
G1 X10.000 Y25.600 F1000 S6500
G1 X12.778 Y25.600 F1000 S0
G0 X12.778 Y25.680 F3000
G1 X10.000 Y25.680 F1000 S0
G1 X5.000 Y25.680 F1000 S6500
G1 X2.222 Y25.680 F1000 S0
G0 X2.222 Y25.760 F3000
G1 X5.000 Y25.760 F1000 S0
G1 X10.000 Y25.760 F1000 S6500
G1 X12.778 Y25.760 F1000 S0
G0 X12.778 Y25.840 F3000
G1 X10.000 Y25.840 F1000 S0
G1 X5.000 Y25.840 F1000 S6500
G1 X2.222 Y25.840 F1000 S0
G0 X2.222 Y25.920 F3000
G1 X5.000 Y25.920 F1000 S0
G1 X10.000 Y25.920 F1000 S6500
G1 X12.778 Y25.920 F1000 S0
G0 X12.778 Y26.000 F3000
G1 X10.000 Y26.000 F1000 S0
G1 X5.000 Y26.000 F1000 S6500
G1 X2.222 Y26.000 F1000 S0
G0 X2.222 Y26.080 F3000
G1 X5.000 Y26.080 F1000 S0
G1 X10.000 Y26.080 F1000 S6500
G1 X12.778 Y26.080 F1000 S0
G0 X12.778 Y26.160 F3000
G1 X10.000 Y26.160 F1000 S0
G1 X5.000 Y26.160 F1000 S6500
G1 X2.222 Y26.160 F1000 S0
G0 X2.222 Y26.240 F3000
G1 X5.000 Y26.240 F1000 S0
G1 X10.000 Y26.240 F1000 S6500
G1 X12.778 Y26.240 F1000 S0
G0 X12.778 Y26.320 F3000
G1 X10.000 Y26.320 F1000 S0
G1 X5.000 Y26.320 F1000 S6500
G1 X2.222 Y26.320 F1000 S0
G0 X2.222 Y26.400 F3000
G1 X5.000 Y26.400 F1000 S0
G1 X10.000 Y26.400 F1000 S6500
G1 X12.778 Y26.400 F1000 S0
G0 X12.778 Y26.480 F3000
G1 X10.000 Y26.480 F1000 S0
G1 X5.000 Y26.480 F1000 S6500
G1 X2.222 Y26.480 F1000 S0
G0 X2.222 Y26.560 F3000
G1 X5.000 Y26.560 F1000 S0
G1 X10.000 Y26.560 F1000 S6500
G1 X12.778 Y26.560 F1000 S0
G0 X12.778 Y26.640 F3000
G1 X10.000 Y26.640 F1000 S0
G1 X5.000 Y26.640 F1000 S6500
G1 X2.222 Y26.640 F1000 S0
G0 X2.222 Y26.720 F3000
G1 X5.000 Y26.720 F1000 S0
G1 X10.000 Y26.720 F1000 S6500
G1 X12.778 Y26.720 F1000 S0
G0 X12.778 Y26.800 F3000
G1 X10.000 Y26.800 F1000 S0
G1 X5.000 Y26.800 F1000 S6500
G1 X2.222 Y26.800 F1000 S0
G0 X2.222 Y26.880 F3000
G1 X5.000 Y26.880 F1000 S0
G1 X10.000 Y26.880 F1000 S6500
G1 X12.778 Y26.880 F1000 S0
G0 X12.778 Y26.960 F3000
G1 X10.000 Y26.960 F1000 S0
G1 X5.000 Y26.960 F1000 S6500
G1 X2.222 Y26.960 F1000 S0
G0 X2.222 Y27.040 F3000
G1 X5.000 Y27.040 F1000 S0
G1 X10.000 Y27.040 F1000 S6500
G1 X12.778 Y27.040 F1000 S0
G0 X12.778 Y27.120 F3000
G1 X10.000 Y27.120 F1000 S0
G1 X5.000 Y27.120 F1000 S6500
G1 X2.222 Y27.120 F1000 S0
G0 X2.222 Y27.200 F3000
G1 X5.000 Y27.200 F1000 S0
G1 X10.000 Y27.200 F1000 S6500
G1 X12.778 Y27.200 F1000 S0
G0 X12.778 Y27.280 F3000
G1 X10.000 Y27.280 F1000 S0
G1 X5.000 Y27.280 F1000 S6500
G1 X2.222 Y27.280 F1000 S0
G0 X2.222 Y27.360 F3000
G1 X5.000 Y27.360 F1000 S0
G1 X10.000 Y27.360 F1000 S6500
G1 X12.778 Y27.360 F1000 S0
G0 X12.778 Y27.440 F3000
G1 X10.000 Y27.440 F1000 S0
G1 X5.000 Y27.440 F1000 S6500
G1 X2.222 Y27.440 F1000 S0
G0 X2.222 Y27.520 F3000
G1 X5.000 Y27.520 F1000 S0
G1 X10.000 Y27.520 F1000 S6500
G1 X12.778 Y27.520 F1000 S0
G0 X12.778 Y27.600 F3000
G1 X10.000 Y27.600 F1000 S0
G1 X5.000 Y27.600 F1000 S6500
G1 X2.222 Y27.600 F1000 S0
G0 X2.222 Y27.680 F3000
G1 X5.000 Y27.680 F1000 S0
G1 X10.000 Y27.680 F1000 S6500
G1 X12.778 Y27.680 F1000 S0
G0 X12.778 Y27.760 F3000
G1 X10.000 Y27.760 F1000 S0
G1 X5.000 Y27.760 F1000 S6500
G1 X2.222 Y27.760 F1000 S0
G0 X2.222 Y27.840 F3000
G1 X5.000 Y27.840 F1000 S0
G1 X10.000 Y27.840 F1000 S6500
G1 X12.778 Y27.840 F1000 S0
G0 X12.778 Y27.920 F3000
G1 X10.000 Y27.920 F1000 S0
G1 X5.000 Y27.920 F1000 S6500
G1 X2.222 Y27.920 F1000 S0
G0 X2.222 Y28.000 F3000
G1 X5.000 Y28.000 F1000 S0
G1 X10.000 Y28.000 F1000 S6500
G1 X12.778 Y28.000 F1000 S0
G0 X12.778 Y28.080 F3000
G1 X10.000 Y28.080 F1000 S0
G1 X5.000 Y28.080 F1000 S6500
G1 X2.222 Y28.080 F1000 S0
G0 X2.222 Y28.160 F3000
G1 X5.000 Y28.160 F1000 S0
G1 X10.000 Y28.160 F1000 S6500
G1 X12.778 Y28.160 F1000 S0
G0 X12.778 Y28.240 F3000
G1 X10.000 Y28.240 F1000 S0
G1 X5.000 Y28.240 F1000 S6500
G1 X2.222 Y28.240 F1000 S0
G0 X2.222 Y28.320 F3000
G1 X5.000 Y28.320 F1000 S0
G1 X10.000 Y28.320 F1000 S6500
G1 X12.778 Y28.320 F1000 S0
G0 X12.778 Y28.400 F3000
G1 X10.000 Y28.400 F1000 S0
G1 X5.000 Y28.400 F1000 S6500
G1 X2.222 Y28.400 F1000 S0
G0 X2.222 Y28.480 F3000
G1 X5.000 Y28.480 F1000 S0
G1 X10.000 Y28.480 F1000 S6500
G1 X12.778 Y28.480 F1000 S0
G0 X12.778 Y28.560 F3000
G1 X10.000 Y28.560 F1000 S0
G1 X5.000 Y28.560 F1000 S6500
G1 X2.222 Y28.560 F1000 S0
G0 X2.222 Y28.640 F3000
G1 X5.000 Y28.640 F1000 S0
G1 X10.000 Y28.640 F1000 S6500
G1 X12.778 Y28.640 F1000 S0
G0 X12.778 Y28.720 F3000
G1 X10.000 Y28.720 F1000 S0
G1 X5.000 Y28.720 F1000 S6500
G1 X2.222 Y28.720 F1000 S0
G0 X2.222 Y28.800 F3000
G1 X5.000 Y28.800 F1000 S0
G1 X10.000 Y28.800 F1000 S6500
G1 X12.778 Y28.800 F1000 S0
G0 X12.778 Y28.880 F3000
G1 X10.000 Y28.880 F1000 S0
G1 X5.000 Y28.880 F1000 S6500
G1 X2.222 Y28.880 F1000 S0
G0 X2.222 Y28.960 F3000
G1 X5.000 Y28.960 F1000 S0
G1 X10.000 Y28.960 F1000 S6500
G1 X12.778 Y28.960 F1000 S0
M5
G0 X5.000 Y31.700 F3000
M4 S2000
G1 X5.648 Y31.700 F1500
M5
G0 X5.000 Y31.700 F3000
M4 S2000
G1 X5.000 Y31.160 F1500
M5
G0 X5.000 Y31.160 F3000
M4 S2000
G1 X5.000 Y30.620 F1500
M5
G0 X5.000 Y30.620 F3000
M4 S2000
G1 X5.648 Y30.620 F1500
M5
G0 X5.648 Y31.160 F3000
M4 S2000
G1 X5.648 Y30.620 F1500
M5
G0 X5.000 Y31.160 F3000
M4 S2000
G1 X5.648 Y31.160 F1500
M5
G0 X5.864 Y31.160 F3000
M4 S2000
G1 X6.512 Y31.160 F1500
M5
G0 X6.728 Y31.700 F3000
M4 S2000
G1 X7.376 Y31.700 F1500
M5
G0 X7.376 Y31.700 F3000
M4 S2000
G1 X7.376 Y31.160 F1500
M5
G0 X7.376 Y31.160 F3000
M4 S2000
G1 X7.376 Y30.620 F1500
M5
G0 X6.728 Y30.620 F3000
M4 S2000
G1 X7.376 Y30.620 F1500
M5
G0 X6.728 Y31.160 F3000
M4 S2000
G1 X6.728 Y30.620 F1500
M5
G0 X6.728 Y31.700 F3000
M4 S2000
G1 X6.728 Y31.160 F1500
M5
G0 X7.592 Y31.700 F3000
M4 S2000
G1 X8.240 Y31.700 F1500
M5
G0 X8.240 Y31.700 F3000
M4 S2000
G1 X8.240 Y31.160 F1500
M5
G0 X7.592 Y31.160 F3000
M4 S2000
G1 X8.240 Y31.160 F1500
M5
G0 X7.592 Y31.160 F3000
M4 S2000
G1 X7.592 Y30.620 F1500
M5
G0 X7.592 Y30.620 F3000
M4 S2000
G1 X8.240 Y30.620 F1500
M5
G0 X8.456 Y31.700 F3000
M4 S2000
G1 X9.104 Y31.700 F1500
M5
G0 X9.104 Y31.700 F3000
M4 S2000
G1 X9.104 Y31.160 F1500
M5
G0 X9.104 Y31.160 F3000
M4 S2000
G1 X9.104 Y30.620 F1500
M5
G0 X8.456 Y30.620 F3000
M4 S2000
G1 X9.104 Y30.620 F1500
M5
G0 X8.456 Y31.160 F3000
M4 S2000
G1 X8.456 Y30.620 F1500
M5
G0 X8.456 Y31.700 F3000
M4 S2000
G1 X8.456 Y31.160 F1500
M5
G0 X2.222 Y32.000 F3000
M4 S0
G1 X5.000 Y32.000 F1000 S0
G1 X10.000 Y32.000 F1000 S8000
G1 X12.778 Y32.000 F1000 S0
G0 X12.778 Y32.080 F3000
G1 X10.000 Y32.080 F1000 S0
G1 X5.000 Y32.080 F1000 S8000
G1 X2.222 Y32.080 F1000 S0
G0 X2.222 Y32.160 F3000
G1 X5.000 Y32.160 F1000 S0
G1 X10.000 Y32.160 F1000 S8000
G1 X12.778 Y32.160 F1000 S0
G0 X12.778 Y32.240 F3000
G1 X10.000 Y32.240 F1000 S0
G1 X5.000 Y32.240 F1000 S8000
G1 X2.222 Y32.240 F1000 S0
G0 X2.222 Y32.320 F3000
G1 X5.000 Y32.320 F1000 S0
G1 X10.000 Y32.320 F1000 S8000
G1 X12.778 Y32.320 F1000 S0
G0 X12.778 Y32.400 F3000
G1 X10.000 Y32.400 F1000 S0
G1 X5.000 Y32.400 F1000 S8000
G1 X2.222 Y32.400 F1000 S0
G0 X2.222 Y32.480 F3000
G1 X5.000 Y32.480 F1000 S0
G1 X10.000 Y32.480 F1000 S8000
G1 X12.778 Y32.480 F1000 S0
G0 X12.778 Y32.560 F3000
G1 X10.000 Y32.560 F1000 S0
G1 X5.000 Y32.560 F1000 S8000
G1 X2.222 Y32.560 F1000 S0
G0 X2.222 Y32.640 F3000
G1 X5.000 Y32.640 F1000 S0
G1 X10.000 Y32.640 F1000 S8000
G1 X12.778 Y32.640 F1000 S0
G0 X12.778 Y32.720 F3000
G1 X10.000 Y32.720 F1000 S0
G1 X5.000 Y32.720 F1000 S8000
G1 X2.222 Y32.720 F1000 S0
G0 X2.222 Y32.800 F3000
G1 X5.000 Y32.800 F1000 S0
G1 X10.000 Y32.800 F1000 S8000
G1 X12.778 Y32.800 F1000 S0
G0 X12.778 Y32.880 F3000
G1 X10.000 Y32.880 F1000 S0
G1 X5.000 Y32.880 F1000 S8000
G1 X2.222 Y32.880 F1000 S0
G0 X2.222 Y32.960 F3000
G1 X5.000 Y32.960 F1000 S0
G1 X10.000 Y32.960 F1000 S8000
G1 X12.778 Y32.960 F1000 S0
G0 X12.778 Y33.040 F3000
G1 X10.000 Y33.040 F1000 S0
G1 X5.000 Y33.040 F1000 S8000
G1 X2.222 Y33.040 F1000 S0
G0 X2.222 Y33.120 F3000
G1 X5.000 Y33.120 F1000 S0
G1 X10.000 Y33.120 F1000 S8000
G1 X12.778 Y33.120 F1000 S0
G0 X12.778 Y33.200 F3000
G1 X10.000 Y33.200 F1000 S0
G1 X5.000 Y33.200 F1000 S8000
G1 X2.222 Y33.200 F1000 S0
G0 X2.222 Y33.280 F3000
G1 X5.000 Y33.280 F1000 S0
G1 X10.000 Y33.280 F1000 S8000
G1 X12.778 Y33.280 F1000 S0
G0 X12.778 Y33.360 F3000
G1 X10.000 Y33.360 F1000 S0
G1 X5.000 Y33.360 F1000 S8000
G1 X2.222 Y33.360 F1000 S0
G0 X2.222 Y33.440 F3000
G1 X5.000 Y33.440 F1000 S0
G1 X10.000 Y33.440 F1000 S8000
G1 X12.778 Y33.440 F1000 S0
G0 X12.778 Y33.520 F3000
G1 X10.000 Y33.520 F1000 S0
G1 X5.000 Y33.520 F1000 S8000
G1 X2.222 Y33.520 F1000 S0
G0 X2.222 Y33.600 F3000
G1 X5.000 Y33.600 F1000 S0
G1 X10.000 Y33.600 F1000 S8000
G1 X12.778 Y33.600 F1000 S0
G0 X12.778 Y33.680 F3000
G1 X10.000 Y33.680 F1000 S0
G1 X5.000 Y33.680 F1000 S8000
G1 X2.222 Y33.680 F1000 S0
G0 X2.222 Y33.760 F3000
G1 X5.000 Y33.760 F1000 S0
G1 X10.000 Y33.760 F1000 S8000
G1 X12.778 Y33.760 F1000 S0
G0 X12.778 Y33.840 F3000
G1 X10.000 Y33.840 F1000 S0
G1 X5.000 Y33.840 F1000 S8000
G1 X2.222 Y33.840 F1000 S0
G0 X2.222 Y33.920 F3000
G1 X5.000 Y33.920 F1000 S0
G1 X10.000 Y33.920 F1000 S8000
G1 X12.778 Y33.920 F1000 S0
G0 X12.778 Y34.000 F3000
G1 X10.000 Y34.000 F1000 S0
G1 X5.000 Y34.000 F1000 S8000
G1 X2.222 Y34.000 F1000 S0
G0 X2.222 Y34.080 F3000
G1 X5.000 Y34.080 F1000 S0
G1 X10.000 Y34.080 F1000 S8000
G1 X12.778 Y34.080 F1000 S0
G0 X12.778 Y34.160 F3000
G1 X10.000 Y34.160 F1000 S0
G1 X5.000 Y34.160 F1000 S8000
G1 X2.222 Y34.160 F1000 S0
G0 X2.222 Y34.240 F3000
G1 X5.000 Y34.240 F1000 S0
G1 X10.000 Y34.240 F1000 S8000
G1 X12.778 Y34.240 F1000 S0
G0 X12.778 Y34.320 F3000
G1 X10.000 Y34.320 F1000 S0
G1 X5.000 Y34.320 F1000 S8000
G1 X2.222 Y34.320 F1000 S0
G0 X2.222 Y34.400 F3000
G1 X5.000 Y34.400 F1000 S0
G1 X10.000 Y34.400 F1000 S8000
G1 X12.778 Y34.400 F1000 S0
G0 X12.778 Y34.480 F3000
G1 X10.000 Y34.480 F1000 S0
G1 X5.000 Y34.480 F1000 S8000
G1 X2.222 Y34.480 F1000 S0
G0 X2.222 Y34.560 F3000
G1 X5.000 Y34.560 F1000 S0
G1 X10.000 Y34.560 F1000 S8000
G1 X12.778 Y34.560 F1000 S0
G0 X12.778 Y34.640 F3000
G1 X10.000 Y34.640 F1000 S0
G1 X5.000 Y34.640 F1000 S8000
G1 X2.222 Y34.640 F1000 S0
G0 X2.222 Y34.720 F3000
G1 X5.000 Y34.720 F1000 S0
G1 X10.000 Y34.720 F1000 S8000
G1 X12.778 Y34.720 F1000 S0
G0 X12.778 Y34.800 F3000
G1 X10.000 Y34.800 F1000 S0
G1 X5.000 Y34.800 F1000 S8000
G1 X2.222 Y34.800 F1000 S0
G0 X2.222 Y34.880 F3000
G1 X5.000 Y34.880 F1000 S0
G1 X10.000 Y34.880 F1000 S8000
G1 X12.778 Y34.880 F1000 S0
G0 X12.778 Y34.960 F3000
G1 X10.000 Y34.960 F1000 S0
G1 X5.000 Y34.960 F1000 S8000
G1 X2.222 Y34.960 F1000 S0
G0 X2.222 Y35.040 F3000
G1 X5.000 Y35.040 F1000 S0
G1 X10.000 Y35.040 F1000 S8000
G1 X12.778 Y35.040 F1000 S0
G0 X12.778 Y35.120 F3000
G1 X10.000 Y35.120 F1000 S0
G1 X5.000 Y35.120 F1000 S8000
G1 X2.222 Y35.120 F1000 S0
G0 X2.222 Y35.200 F3000
G1 X5.000 Y35.200 F1000 S0
G1 X10.000 Y35.200 F1000 S8000
G1 X12.778 Y35.200 F1000 S0
G0 X12.778 Y35.280 F3000
G1 X10.000 Y35.280 F1000 S0
G1 X5.000 Y35.280 F1000 S8000
G1 X2.222 Y35.280 F1000 S0
G0 X2.222 Y35.360 F3000
G1 X5.000 Y35.360 F1000 S0
G1 X10.000 Y35.360 F1000 S8000
G1 X12.778 Y35.360 F1000 S0
G0 X12.778 Y35.440 F3000
G1 X10.000 Y35.440 F1000 S0
G1 X5.000 Y35.440 F1000 S8000
G1 X2.222 Y35.440 F1000 S0
G0 X2.222 Y35.520 F3000
G1 X5.000 Y35.520 F1000 S0
G1 X10.000 Y35.520 F1000 S8000
G1 X12.778 Y35.520 F1000 S0
G0 X12.778 Y35.600 F3000
G1 X10.000 Y35.600 F1000 S0
G1 X5.000 Y35.600 F1000 S8000
G1 X2.222 Y35.600 F1000 S0
G0 X2.222 Y35.680 F3000
G1 X5.000 Y35.680 F1000 S0
G1 X10.000 Y35.680 F1000 S8000
G1 X12.778 Y35.680 F1000 S0
G0 X12.778 Y35.760 F3000
G1 X10.000 Y35.760 F1000 S0
G1 X5.000 Y35.760 F1000 S8000
G1 X2.222 Y35.760 F1000 S0
G0 X2.222 Y35.840 F3000
G1 X5.000 Y35.840 F1000 S0
G1 X10.000 Y35.840 F1000 S8000
G1 X12.778 Y35.840 F1000 S0
G0 X12.778 Y35.920 F3000
G1 X10.000 Y35.920 F1000 S0
G1 X5.000 Y35.920 F1000 S8000
G1 X2.222 Y35.920 F1000 S0
G0 X2.222 Y36.000 F3000
G1 X5.000 Y36.000 F1000 S0
G1 X10.000 Y36.000 F1000 S8000
G1 X12.778 Y36.000 F1000 S0
G0 X12.778 Y36.080 F3000
G1 X10.000 Y36.080 F1000 S0
G1 X5.000 Y36.080 F1000 S8000
G1 X2.222 Y36.080 F1000 S0
G0 X2.222 Y36.160 F3000
G1 X5.000 Y36.160 F1000 S0
G1 X10.000 Y36.160 F1000 S8000
G1 X12.778 Y36.160 F1000 S0
G0 X12.778 Y36.240 F3000
G1 X10.000 Y36.240 F1000 S0
G1 X5.000 Y36.240 F1000 S8000
G1 X2.222 Y36.240 F1000 S0
G0 X2.222 Y36.320 F3000
G1 X5.000 Y36.320 F1000 S0
G1 X10.000 Y36.320 F1000 S8000
G1 X12.778 Y36.320 F1000 S0
G0 X12.778 Y36.400 F3000
G1 X10.000 Y36.400 F1000 S0
G1 X5.000 Y36.400 F1000 S8000
G1 X2.222 Y36.400 F1000 S0
G0 X2.222 Y36.480 F3000
G1 X5.000 Y36.480 F1000 S0
G1 X10.000 Y36.480 F1000 S8000
G1 X12.778 Y36.480 F1000 S0
G0 X12.778 Y36.560 F3000
G1 X10.000 Y36.560 F1000 S0
G1 X5.000 Y36.560 F1000 S8000
G1 X2.222 Y36.560 F1000 S0
G0 X2.222 Y36.640 F3000
G1 X5.000 Y36.640 F1000 S0
G1 X10.000 Y36.640 F1000 S8000
G1 X12.778 Y36.640 F1000 S0
G0 X12.778 Y36.720 F3000
G1 X10.000 Y36.720 F1000 S0
G1 X5.000 Y36.720 F1000 S8000
G1 X2.222 Y36.720 F1000 S0
G0 X2.222 Y36.800 F3000
G1 X5.000 Y36.800 F1000 S0
G1 X10.000 Y36.800 F1000 S8000
G1 X12.778 Y36.800 F1000 S0
G0 X12.778 Y36.880 F3000
G1 X10.000 Y36.880 F1000 S0
G1 X5.000 Y36.880 F1000 S8000
G1 X2.222 Y36.880 F1000 S0
G0 X2.222 Y36.960 F3000
G1 X5.000 Y36.960 F1000 S0
G1 X10.000 Y36.960 F1000 S8000
G1 X12.778 Y36.960 F1000 S0
M5
G0 X5.000 Y39.700 F3000
M4 S2000
G1 X5.648 Y39.700 F1500
M5
G0 X5.000 Y39.700 F3000
M4 S2000
G1 X5.000 Y39.160 F1500
M5
G0 X5.000 Y39.160 F3000
M4 S2000
G1 X5.000 Y38.620 F1500
M5
G0 X5.000 Y38.620 F3000
M4 S2000
G1 X5.648 Y38.620 F1500
M5
G0 X5.648 Y39.160 F3000
M4 S2000
G1 X5.648 Y38.620 F1500
M5
G0 X5.000 Y39.160 F3000
M4 S2000
G1 X5.648 Y39.160 F1500
M5
G0 X5.864 Y39.160 F3000
M4 S2000
G1 X6.512 Y39.160 F1500
M5
G0 X6.728 Y39.700 F3000
M4 S2000
G1 X7.376 Y39.700 F1500
M5
G0 X7.376 Y39.700 F3000
M4 S2000
G1 X7.376 Y39.160 F1500
M5
G0 X7.376 Y39.160 F3000
M4 S2000
G1 X7.376 Y38.620 F1500
M5
G0 X6.728 Y38.620 F3000
M4 S2000
G1 X7.376 Y38.620 F1500
M5
G0 X6.728 Y39.160 F3000
M4 S2000
G1 X6.728 Y38.620 F1500
M5
G0 X6.728 Y39.700 F3000
M4 S2000
G1 X6.728 Y39.160 F1500
M5
G0 X7.592 Y39.700 F3000
M4 S2000
G1 X8.240 Y39.700 F1500
M5
G0 X8.240 Y39.700 F3000
M4 S2000
G1 X8.240 Y39.160 F1500
M5
G0 X7.592 Y39.160 F3000
M4 S2000
G1 X8.240 Y39.160 F1500
M5
G0 X7.592 Y39.160 F3000
M4 S2000
G1 X7.592 Y38.620 F1500
M5
G0 X7.592 Y38.620 F3000
M4 S2000
G1 X8.240 Y38.620 F1500
M5
G0 X9.104 Y39.700 F3000
M4 S2000
G1 X9.104 Y39.160 F1500
M5
G0 X9.104 Y39.160 F3000
M4 S2000
G1 X9.104 Y38.620 F1500
M5
G0 X8.660 Y32.000 F3000
M4 S0
G1 X13.000 Y32.000 F1250 S0
G1 X18.000 Y32.000 F1250 S8000
G1 X22.340 Y32.000 F1250 S0
G0 X22.340 Y32.080 F3000
G1 X18.000 Y32.080 F1250 S0
G1 X13.000 Y32.080 F1250 S8000
G1 X8.660 Y32.080 F1250 S0
G0 X8.660 Y32.160 F3000
G1 X13.000 Y32.160 F1250 S0
G1 X18.000 Y32.160 F1250 S8000
G1 X22.340 Y32.160 F1250 S0
G0 X22.340 Y32.240 F3000
G1 X18.000 Y32.240 F1250 S0
G1 X13.000 Y32.240 F1250 S8000
G1 X8.660 Y32.240 F1250 S0
G0 X8.660 Y32.320 F3000
G1 X13.000 Y32.320 F1250 S0
G1 X18.000 Y32.320 F1250 S8000
G1 X22.340 Y32.320 F1250 S0
G0 X22.340 Y32.400 F3000
G1 X18.000 Y32.400 F1250 S0
G1 X13.000 Y32.400 F1250 S8000
G1 X8.660 Y32.400 F1250 S0
G0 X8.660 Y32.480 F3000
G1 X13.000 Y32.480 F1250 S0
G1 X18.000 Y32.480 F1250 S8000
G1 X22.340 Y32.480 F1250 S0
G0 X22.340 Y32.560 F3000
G1 X18.000 Y32.560 F1250 S0
G1 X13.000 Y32.560 F1250 S8000
G1 X8.660 Y32.560 F1250 S0
G0 X8.660 Y32.640 F3000
G1 X13.000 Y32.640 F1250 S0
G1 X18.000 Y32.640 F1250 S8000
G1 X22.340 Y32.640 F1250 S0
G0 X22.340 Y32.720 F3000
G1 X18.000 Y32.720 F1250 S0
G1 X13.000 Y32.720 F1250 S8000
G1 X8.660 Y32.720 F1250 S0
G0 X8.660 Y32.800 F3000
G1 X13.000 Y32.800 F1250 S0
G1 X18.000 Y32.800 F1250 S8000
G1 X22.340 Y32.800 F1250 S0
G0 X22.340 Y32.880 F3000
G1 X18.000 Y32.880 F1250 S0
G1 X13.000 Y32.880 F1250 S8000
G1 X8.660 Y32.880 F1250 S0
G0 X8.660 Y32.960 F3000
G1 X13.000 Y32.960 F1250 S0
G1 X18.000 Y32.960 F1250 S8000
G1 X22.340 Y32.960 F1250 S0
G0 X22.340 Y33.040 F3000
G1 X18.000 Y33.040 F1250 S0
G1 X13.000 Y33.040 F1250 S8000
G1 X8.660 Y33.040 F1250 S0
G0 X8.660 Y33.120 F3000
G1 X13.000 Y33.120 F1250 S0
G1 X18.000 Y33.120 F1250 S8000
G1 X22.340 Y33.120 F1250 S0
G0 X22.340 Y33.200 F3000
G1 X18.000 Y33.200 F1250 S0
G1 X13.000 Y33.200 F1250 S8000
G1 X8.660 Y33.200 F1250 S0
G0 X8.660 Y33.280 F3000
G1 X13.000 Y33.280 F1250 S0
G1 X18.000 Y33.280 F1250 S8000
G1 X22.340 Y33.280 F1250 S0
G0 X22.340 Y33.360 F3000
G1 X18.000 Y33.360 F1250 S0
G1 X13.000 Y33.360 F1250 S8000
G1 X8.660 Y33.360 F1250 S0
G0 X8.660 Y33.440 F3000
G1 X13.000 Y33.440 F1250 S0
G1 X18.000 Y33.440 F1250 S8000
G1 X22.340 Y33.440 F1250 S0
G0 X22.340 Y33.520 F3000
G1 X18.000 Y33.520 F1250 S0
G1 X13.000 Y33.520 F1250 S8000
G1 X8.660 Y33.520 F1250 S0
G0 X8.660 Y33.600 F3000
G1 X13.000 Y33.600 F1250 S0
G1 X18.000 Y33.600 F1250 S8000
G1 X22.340 Y33.600 F1250 S0
G0 X22.340 Y33.680 F3000
G1 X18.000 Y33.680 F1250 S0
G1 X13.000 Y33.680 F1250 S8000
G1 X8.660 Y33.680 F1250 S0
G0 X8.660 Y33.760 F3000
G1 X13.000 Y33.760 F1250 S0
G1 X18.000 Y33.760 F1250 S8000
G1 X22.340 Y33.760 F1250 S0
G0 X22.340 Y33.840 F3000
G1 X18.000 Y33.840 F1250 S0
G1 X13.000 Y33.840 F1250 S8000
G1 X8.660 Y33.840 F1250 S0
G0 X8.660 Y33.920 F3000
G1 X13.000 Y33.920 F1250 S0
G1 X18.000 Y33.920 F1250 S8000
G1 X22.340 Y33.920 F1250 S0
G0 X22.340 Y34.000 F3000
G1 X18.000 Y34.000 F1250 S0
G1 X13.000 Y34.000 F1250 S8000
G1 X8.660 Y34.000 F1250 S0
G0 X8.660 Y34.080 F3000
G1 X13.000 Y34.080 F1250 S0
G1 X18.000 Y34.080 F1250 S8000
G1 X22.340 Y34.080 F1250 S0
G0 X22.340 Y34.160 F3000
G1 X18.000 Y34.160 F1250 S0
G1 X13.000 Y34.160 F1250 S8000
G1 X8.660 Y34.160 F1250 S0
G0 X8.660 Y34.240 F3000
G1 X13.000 Y34.240 F1250 S0
G1 X18.000 Y34.240 F1250 S8000
G1 X22.340 Y34.240 F1250 S0
G0 X22.340 Y34.320 F3000
G1 X18.000 Y34.320 F1250 S0
G1 X13.000 Y34.320 F1250 S8000
G1 X8.660 Y34.320 F1250 S0
G0 X8.660 Y34.400 F3000
G1 X13.000 Y34.400 F1250 S0
G1 X18.000 Y34.400 F1250 S8000
G1 X22.340 Y34.400 F1250 S0
G0 X22.340 Y34.480 F3000
G1 X18.000 Y34.480 F1250 S0
G1 X13.000 Y34.480 F1250 S8000
G1 X8.660 Y34.480 F1250 S0
G0 X8.660 Y34.560 F3000
G1 X13.000 Y34.560 F1250 S0
G1 X18.000 Y34.560 F1250 S8000
G1 X22.340 Y34.560 F1250 S0
G0 X22.340 Y34.640 F3000
G1 X18.000 Y34.640 F1250 S0
G1 X13.000 Y34.640 F1250 S8000
G1 X8.660 Y34.640 F1250 S0
G0 X8.660 Y34.720 F3000
G1 X13.000 Y34.720 F1250 S0
G1 X18.000 Y34.720 F1250 S8000
G1 X22.340 Y34.720 F1250 S0
G0 X22.340 Y34.800 F3000
G1 X18.000 Y34.800 F1250 S0
G1 X13.000 Y34.800 F1250 S8000
G1 X8.660 Y34.800 F1250 S0
G0 X8.660 Y34.880 F3000
G1 X13.000 Y34.880 F1250 S0
G1 X18.000 Y34.880 F1250 S8000
G1 X22.340 Y34.880 F1250 S0
G0 X22.340 Y34.960 F3000
G1 X18.000 Y34.960 F1250 S0
G1 X13.000 Y34.960 F1250 S8000
G1 X8.660 Y34.960 F1250 S0
G0 X8.660 Y35.040 F3000
G1 X13.000 Y35.040 F1250 S0
G1 X18.000 Y35.040 F1250 S8000
G1 X22.340 Y35.040 F1250 S0
G0 X22.340 Y35.120 F3000
G1 X18.000 Y35.120 F1250 S0
G1 X13.000 Y35.120 F1250 S8000
G1 X8.660 Y35.120 F1250 S0
G0 X8.660 Y35.200 F3000
G1 X13.000 Y35.200 F1250 S0
G1 X18.000 Y35.200 F1250 S8000
G1 X22.340 Y35.200 F1250 S0
G0 X22.340 Y35.280 F3000
G1 X18.000 Y35.280 F1250 S0
G1 X13.000 Y35.280 F1250 S8000
G1 X8.660 Y35.280 F1250 S0
G0 X8.660 Y35.360 F3000
G1 X13.000 Y35.360 F1250 S0
G1 X18.000 Y35.360 F1250 S8000
G1 X22.340 Y35.360 F1250 S0
G0 X22.340 Y35.440 F3000
G1 X18.000 Y35.440 F1250 S0
G1 X13.000 Y35.440 F1250 S8000
G1 X8.660 Y35.440 F1250 S0
G0 X8.660 Y35.520 F3000
G1 X13.000 Y35.520 F1250 S0
G1 X18.000 Y35.520 F1250 S8000
G1 X22.340 Y35.520 F1250 S0
G0 X22.340 Y35.600 F3000
G1 X18.000 Y35.600 F1250 S0
G1 X13.000 Y35.600 F1250 S8000
G1 X8.660 Y35.600 F1250 S0
G0 X8.660 Y35.680 F3000
G1 X13.000 Y35.680 F1250 S0
G1 X18.000 Y35.680 F1250 S8000
G1 X22.340 Y35.680 F1250 S0
G0 X22.340 Y35.760 F3000
G1 X18.000 Y35.760 F1250 S0
G1 X13.000 Y35.760 F1250 S8000
G1 X8.660 Y35.760 F1250 S0
G0 X8.660 Y35.840 F3000
G1 X13.000 Y35.840 F1250 S0
G1 X18.000 Y35.840 F1250 S8000
G1 X22.340 Y35.840 F1250 S0
G0 X22.340 Y35.920 F3000
G1 X18.000 Y35.920 F1250 S0
G1 X13.000 Y35.920 F1250 S8000
G1 X8.660 Y35.920 F1250 S0
G0 X8.660 Y36.000 F3000
G1 X13.000 Y36.000 F1250 S0
G1 X18.000 Y36.000 F1250 S8000
G1 X22.340 Y36.000 F1250 S0
G0 X22.340 Y36.080 F3000
G1 X18.000 Y36.080 F1250 S0
G1 X13.000 Y36.080 F1250 S8000
G1 X8.660 Y36.080 F1250 S0
G0 X8.660 Y36.160 F3000
G1 X13.000 Y36.160 F1250 S0
G1 X18.000 Y36.160 F1250 S8000
G1 X22.340 Y36.160 F1250 S0
G0 X22.340 Y36.240 F3000
G1 X18.000 Y36.240 F1250 S0
G1 X13.000 Y36.240 F1250 S8000
G1 X8.660 Y36.240 F1250 S0
G0 X8.660 Y36.320 F3000
G1 X13.000 Y36.320 F1250 S0
G1 X18.000 Y36.320 F1250 S8000
G1 X22.340 Y36.320 F1250 S0
G0 X22.340 Y36.400 F3000
G1 X18.000 Y36.400 F1250 S0
G1 X13.000 Y36.400 F1250 S8000
G1 X8.660 Y36.400 F1250 S0
G0 X8.660 Y36.480 F3000
G1 X13.000 Y36.480 F1250 S0
G1 X18.000 Y36.480 F1250 S8000
G1 X22.340 Y36.480 F1250 S0
G0 X22.340 Y36.560 F3000
G1 X18.000 Y36.560 F1250 S0
G1 X13.000 Y36.560 F1250 S8000
G1 X8.660 Y36.560 F1250 S0
G0 X8.660 Y36.640 F3000
G1 X13.000 Y36.640 F1250 S0
G1 X18.000 Y36.640 F1250 S8000
G1 X22.340 Y36.640 F1250 S0
G0 X22.340 Y36.720 F3000
G1 X18.000 Y36.720 F1250 S0
G1 X13.000 Y36.720 F1250 S8000
G1 X8.660 Y36.720 F1250 S0
G0 X8.660 Y36.800 F3000
G1 X13.000 Y36.800 F1250 S0
G1 X18.000 Y36.800 F1250 S8000
G1 X22.340 Y36.800 F1250 S0
G0 X22.340 Y36.880 F3000
G1 X18.000 Y36.880 F1250 S0
G1 X13.000 Y36.880 F1250 S8000
G1 X8.660 Y36.880 F1250 S0
G0 X8.660 Y36.960 F3000
G1 X13.000 Y36.960 F1250 S0
G1 X18.000 Y36.960 F1250 S8000
G1 X22.340 Y36.960 F1250 S0
M5
G0 X13.000 Y39.700 F3000
M4 S2000
G1 X13.648 Y39.700 F1500
M5
G0 X13.000 Y39.700 F3000
M4 S2000
G1 X13.000 Y39.160 F1500
M5
G0 X13.000 Y39.160 F3000
M4 S2000
G1 X13.000 Y38.620 F1500
M5
G0 X13.000 Y38.620 F3000
M4 S2000
G1 X13.648 Y38.620 F1500
M5
G0 X13.648 Y39.160 F3000
M4 S2000
G1 X13.648 Y38.620 F1500
M5
G0 X13.000 Y39.160 F3000
M4 S2000
G1 X13.648 Y39.160 F1500
M5
G0 X13.864 Y39.160 F3000
M4 S2000
G1 X14.512 Y39.160 F1500
M5
G0 X14.728 Y39.700 F3000
M4 S2000
G1 X15.376 Y39.700 F1500
M5
G0 X15.376 Y39.700 F3000
M4 S2000
G1 X15.376 Y39.160 F1500
M5
G0 X15.376 Y39.160 F3000
M4 S2000
G1 X15.376 Y38.620 F1500
M5
G0 X14.728 Y38.620 F3000
M4 S2000
G1 X15.376 Y38.620 F1500
M5
G0 X14.728 Y39.160 F3000
M4 S2000
G1 X14.728 Y38.620 F1500
M5
G0 X14.728 Y39.700 F3000
M4 S2000
G1 X14.728 Y39.160 F1500
M5
G0 X15.592 Y39.700 F3000
M4 S2000
G1 X16.240 Y39.700 F1500
M5
G0 X16.240 Y39.700 F3000
M4 S2000
G1 X16.240 Y39.160 F1500
M5
G0 X15.592 Y39.160 F3000
M4 S2000
G1 X16.240 Y39.160 F1500
M5
G0 X15.592 Y39.160 F3000
M4 S2000
G1 X15.592 Y38.620 F1500
M5
G0 X15.592 Y38.620 F3000
M4 S2000
G1 X16.240 Y38.620 F1500
M5
G0 X16.456 Y39.700 F3000
M4 S2000
G1 X17.104 Y39.700 F1500
M5
G0 X17.104 Y39.700 F3000
M4 S2000
G1 X17.104 Y39.160 F1500
M5
G0 X16.456 Y39.160 F3000
M4 S2000
G1 X17.104 Y39.160 F1500
M5
G0 X16.456 Y39.160 F3000
M4 S2000
G1 X16.456 Y38.620 F1500
M5
G0 X16.456 Y38.620 F3000
M4 S2000
G1 X17.104 Y38.620 F1500
M5
G0 X16.000 Y32.000 F3000
M4 S0
G1 X21.000 Y32.000 F1500 S0
G1 X26.000 Y32.000 F1500 S8000
G1 X31.000 Y32.000 F1500 S0
G0 X31.000 Y32.080 F3000
G1 X26.000 Y32.080 F1500 S0
G1 X21.000 Y32.080 F1500 S8000
G1 X16.000 Y32.080 F1500 S0
G0 X16.000 Y32.160 F3000
G1 X21.000 Y32.160 F1500 S0
G1 X26.000 Y32.160 F1500 S8000
G1 X31.000 Y32.160 F1500 S0
G0 X31.000 Y32.240 F3000
G1 X26.000 Y32.240 F1500 S0
G1 X21.000 Y32.240 F1500 S8000
G1 X16.000 Y32.240 F1500 S0
G0 X16.000 Y32.320 F3000
G1 X21.000 Y32.320 F1500 S0
G1 X26.000 Y32.320 F1500 S8000
G1 X31.000 Y32.320 F1500 S0
G0 X31.000 Y32.400 F3000
G1 X26.000 Y32.400 F1500 S0
G1 X21.000 Y32.400 F1500 S8000
G1 X16.000 Y32.400 F1500 S0
G0 X16.000 Y32.480 F3000
G1 X21.000 Y32.480 F1500 S0
G1 X26.000 Y32.480 F1500 S8000
G1 X31.000 Y32.480 F1500 S0
G0 X31.000 Y32.560 F3000
G1 X26.000 Y32.560 F1500 S0
G1 X21.000 Y32.560 F1500 S8000
G1 X16.000 Y32.560 F1500 S0
G0 X16.000 Y32.640 F3000
G1 X21.000 Y32.640 F1500 S0
G1 X26.000 Y32.640 F1500 S8000
G1 X31.000 Y32.640 F1500 S0
G0 X31.000 Y32.720 F3000
G1 X26.000 Y32.720 F1500 S0
G1 X21.000 Y32.720 F1500 S8000
G1 X16.000 Y32.720 F1500 S0
G0 X16.000 Y32.800 F3000
G1 X21.000 Y32.800 F1500 S0
G1 X26.000 Y32.800 F1500 S8000
G1 X31.000 Y32.800 F1500 S0
G0 X31.000 Y32.880 F3000
G1 X26.000 Y32.880 F1500 S0
G1 X21.000 Y32.880 F1500 S8000
G1 X16.000 Y32.880 F1500 S0
G0 X16.000 Y32.960 F3000
G1 X21.000 Y32.960 F1500 S0
G1 X26.000 Y32.960 F1500 S8000
G1 X31.000 Y32.960 F1500 S0
G0 X31.000 Y33.040 F3000
G1 X26.000 Y33.040 F1500 S0
G1 X21.000 Y33.040 F1500 S8000
G1 X16.000 Y33.040 F1500 S0
G0 X16.000 Y33.120 F3000
G1 X21.000 Y33.120 F1500 S0
G1 X26.000 Y33.120 F1500 S8000
G1 X31.000 Y33.120 F1500 S0
G0 X31.000 Y33.200 F3000
G1 X26.000 Y33.200 F1500 S0
G1 X21.000 Y33.200 F1500 S8000
G1 X16.000 Y33.200 F1500 S0
G0 X16.000 Y33.280 F3000
G1 X21.000 Y33.280 F1500 S0
G1 X26.000 Y33.280 F1500 S8000
G1 X31.000 Y33.280 F1500 S0
G0 X31.000 Y33.360 F3000
G1 X26.000 Y33.360 F1500 S0
G1 X21.000 Y33.360 F1500 S8000
G1 X16.000 Y33.360 F1500 S0
G0 X16.000 Y33.440 F3000
G1 X21.000 Y33.440 F1500 S0
G1 X26.000 Y33.440 F1500 S8000
G1 X31.000 Y33.440 F1500 S0
G0 X31.000 Y33.520 F3000
G1 X26.000 Y33.520 F1500 S0
G1 X21.000 Y33.520 F1500 S8000
G1 X16.000 Y33.520 F1500 S0
G0 X16.000 Y33.600 F3000
G1 X21.000 Y33.600 F1500 S0
G1 X26.000 Y33.600 F1500 S8000
G1 X31.000 Y33.600 F1500 S0
G0 X31.000 Y33.680 F3000
G1 X26.000 Y33.680 F1500 S0
G1 X21.000 Y33.680 F1500 S8000
G1 X16.000 Y33.680 F1500 S0
G0 X16.000 Y33.760 F3000
G1 X21.000 Y33.760 F1500 S0
G1 X26.000 Y33.760 F1500 S8000
G1 X31.000 Y33.760 F1500 S0
G0 X31.000 Y33.840 F3000
G1 X26.000 Y33.840 F1500 S0
G1 X21.000 Y33.840 F1500 S8000
G1 X16.000 Y33.840 F1500 S0
G0 X16.000 Y33.920 F3000
G1 X21.000 Y33.920 F1500 S0
G1 X26.000 Y33.920 F1500 S8000
G1 X31.000 Y33.920 F1500 S0
G0 X31.000 Y34.000 F3000
G1 X26.000 Y34.000 F1500 S0
G1 X21.000 Y34.000 F1500 S8000
G1 X16.000 Y34.000 F1500 S0
G0 X16.000 Y34.080 F3000
G1 X21.000 Y34.080 F1500 S0
G1 X26.000 Y34.080 F1500 S8000
G1 X31.000 Y34.080 F1500 S0
G0 X31.000 Y34.160 F3000
G1 X26.000 Y34.160 F1500 S0
G1 X21.000 Y34.160 F1500 S8000
G1 X16.000 Y34.160 F1500 S0
G0 X16.000 Y34.240 F3000
G1 X21.000 Y34.240 F1500 S0
G1 X26.000 Y34.240 F1500 S8000
G1 X31.000 Y34.240 F1500 S0
G0 X31.000 Y34.320 F3000
G1 X26.000 Y34.320 F1500 S0
G1 X21.000 Y34.320 F1500 S8000
G1 X16.000 Y34.320 F1500 S0
G0 X16.000 Y34.400 F3000
G1 X21.000 Y34.400 F1500 S0
G1 X26.000 Y34.400 F1500 S8000
G1 X31.000 Y34.400 F1500 S0
G0 X31.000 Y34.480 F3000
G1 X26.000 Y34.480 F1500 S0
G1 X21.000 Y34.480 F1500 S8000
G1 X16.000 Y34.480 F1500 S0
G0 X16.000 Y34.560 F3000
G1 X21.000 Y34.560 F1500 S0
G1 X26.000 Y34.560 F1500 S8000
G1 X31.000 Y34.560 F1500 S0
G0 X31.000 Y34.640 F3000
G1 X26.000 Y34.640 F1500 S0
G1 X21.000 Y34.640 F1500 S8000
G1 X16.000 Y34.640 F1500 S0
G0 X16.000 Y34.720 F3000
G1 X21.000 Y34.720 F1500 S0
G1 X26.000 Y34.720 F1500 S8000
G1 X31.000 Y34.720 F1500 S0
G0 X31.000 Y34.800 F3000
G1 X26.000 Y34.800 F1500 S0
G1 X21.000 Y34.800 F1500 S8000
G1 X16.000 Y34.800 F1500 S0
G0 X16.000 Y34.880 F3000
G1 X21.000 Y34.880 F1500 S0
G1 X26.000 Y34.880 F1500 S8000
G1 X31.000 Y34.880 F1500 S0
G0 X31.000 Y34.960 F3000
G1 X26.000 Y34.960 F1500 S0
G1 X21.000 Y34.960 F1500 S8000
G1 X16.000 Y34.960 F1500 S0
G0 X16.000 Y35.040 F3000
G1 X21.000 Y35.040 F1500 S0
G1 X26.000 Y35.040 F1500 S8000
G1 X31.000 Y35.040 F1500 S0
G0 X31.000 Y35.120 F3000
G1 X26.000 Y35.120 F1500 S0
G1 X21.000 Y35.120 F1500 S8000
G1 X16.000 Y35.120 F1500 S0
G0 X16.000 Y35.200 F3000
G1 X21.000 Y35.200 F1500 S0
G1 X26.000 Y35.200 F1500 S8000
G1 X31.000 Y35.200 F1500 S0
G0 X31.000 Y35.280 F3000
G1 X26.000 Y35.280 F1500 S0
G1 X21.000 Y35.280 F1500 S8000
G1 X16.000 Y35.280 F1500 S0
G0 X16.000 Y35.360 F3000
G1 X21.000 Y35.360 F1500 S0
G1 X26.000 Y35.360 F1500 S8000
G1 X31.000 Y35.360 F1500 S0
G0 X31.000 Y35.440 F3000
G1 X26.000 Y35.440 F1500 S0
G1 X21.000 Y35.440 F1500 S8000
G1 X16.000 Y35.440 F1500 S0
G0 X16.000 Y35.520 F3000
G1 X21.000 Y35.520 F1500 S0
G1 X26.000 Y35.520 F1500 S8000
G1 X31.000 Y35.520 F1500 S0
G0 X31.000 Y35.600 F3000
G1 X26.000 Y35.600 F1500 S0
G1 X21.000 Y35.600 F1500 S8000
G1 X16.000 Y35.600 F1500 S0
G0 X16.000 Y35.680 F3000
G1 X21.000 Y35.680 F1500 S0
G1 X26.000 Y35.680 F1500 S8000
G1 X31.000 Y35.680 F1500 S0
G0 X31.000 Y35.760 F3000
G1 X26.000 Y35.760 F1500 S0
G1 X21.000 Y35.760 F1500 S8000
G1 X16.000 Y35.760 F1500 S0
G0 X16.000 Y35.840 F3000
G1 X21.000 Y35.840 F1500 S0
G1 X26.000 Y35.840 F1500 S8000
G1 X31.000 Y35.840 F1500 S0
G0 X31.000 Y35.920 F3000
G1 X26.000 Y35.920 F1500 S0
G1 X21.000 Y35.920 F1500 S8000
G1 X16.000 Y35.920 F1500 S0
G0 X16.000 Y36.000 F3000
G1 X21.000 Y36.000 F1500 S0
G1 X26.000 Y36.000 F1500 S8000
G1 X31.000 Y36.000 F1500 S0
G0 X31.000 Y36.080 F3000
G1 X26.000 Y36.080 F1500 S0
G1 X21.000 Y36.080 F1500 S8000
G1 X16.000 Y36.080 F1500 S0
G0 X16.000 Y36.160 F3000
G1 X21.000 Y36.160 F1500 S0
G1 X26.000 Y36.160 F1500 S8000
G1 X31.000 Y36.160 F1500 S0
G0 X31.000 Y36.240 F3000
G1 X26.000 Y36.240 F1500 S0
G1 X21.000 Y36.240 F1500 S8000
G1 X16.000 Y36.240 F1500 S0
G0 X16.000 Y36.320 F3000
G1 X21.000 Y36.320 F1500 S0
G1 X26.000 Y36.320 F1500 S8000
G1 X31.000 Y36.320 F1500 S0
G0 X31.000 Y36.400 F3000
G1 X26.000 Y36.400 F1500 S0
G1 X21.000 Y36.400 F1500 S8000
G1 X16.000 Y36.400 F1500 S0
G0 X16.000 Y36.480 F3000
G1 X21.000 Y36.480 F1500 S0
G1 X26.000 Y36.480 F1500 S8000
G1 X31.000 Y36.480 F1500 S0
G0 X31.000 Y36.560 F3000
G1 X26.000 Y36.560 F1500 S0
G1 X21.000 Y36.560 F1500 S8000
G1 X16.000 Y36.560 F1500 S0
G0 X16.000 Y36.640 F3000
G1 X21.000 Y36.640 F1500 S0
G1 X26.000 Y36.640 F1500 S8000
G1 X31.000 Y36.640 F1500 S0
G0 X31.000 Y36.720 F3000
G1 X26.000 Y36.720 F1500 S0
G1 X21.000 Y36.720 F1500 S8000
G1 X16.000 Y36.720 F1500 S0
G0 X16.000 Y36.800 F3000
G1 X21.000 Y36.800 F1500 S0
G1 X26.000 Y36.800 F1500 S8000
G1 X31.000 Y36.800 F1500 S0
G0 X31.000 Y36.880 F3000
G1 X26.000 Y36.880 F1500 S0
G1 X21.000 Y36.880 F1500 S8000
G1 X16.000 Y36.880 F1500 S0
G0 X16.000 Y36.960 F3000
G1 X21.000 Y36.960 F1500 S0
G1 X26.000 Y36.960 F1500 S8000
G1 X31.000 Y36.960 F1500 S0
M5
G0 X21.000 Y39.700 F3000
M4 S2000
G1 X21.648 Y39.700 F1500
M5
G0 X21.000 Y39.700 F3000
M4 S2000
G1 X21.000 Y39.160 F1500
M5
G0 X21.000 Y39.160 F3000
M4 S2000
G1 X21.000 Y38.620 F1500
M5
G0 X21.000 Y38.620 F3000
M4 S2000
G1 X21.648 Y38.620 F1500
M5
G0 X21.648 Y39.160 F3000
M4 S2000
G1 X21.648 Y38.620 F1500
M5
G0 X21.000 Y39.160 F3000
M4 S2000
G1 X21.648 Y39.160 F1500
M5
G0 X21.864 Y39.160 F3000
M4 S2000
G1 X22.512 Y39.160 F1500
M5
G0 X22.728 Y39.700 F3000
M4 S2000
G1 X23.376 Y39.700 F1500
M5
G0 X23.376 Y39.700 F3000
M4 S2000
G1 X23.376 Y39.160 F1500
M5
G0 X23.376 Y39.160 F3000
M4 S2000
G1 X23.376 Y38.620 F1500
M5
G0 X22.728 Y38.620 F3000
M4 S2000
G1 X23.376 Y38.620 F1500
M5
G0 X22.728 Y39.160 F3000
M4 S2000
G1 X22.728 Y38.620 F1500
M5
G0 X22.728 Y39.700 F3000
M4 S2000
G1 X22.728 Y39.160 F1500
M5
G0 X23.592 Y39.700 F3000
M4 S2000
G1 X24.240 Y39.700 F1500
M5
G0 X24.240 Y39.700 F3000
M4 S2000
G1 X24.240 Y39.160 F1500
M5
G0 X23.592 Y39.160 F3000
M4 S2000
G1 X24.240 Y39.160 F1500
M5
G0 X23.592 Y39.160 F3000
M4 S2000
G1 X23.592 Y38.620 F1500
M5
G0 X23.592 Y38.620 F3000
M4 S2000
G1 X24.240 Y38.620 F1500
M5
G0 X24.456 Y39.700 F3000
M4 S2000
G1 X25.104 Y39.700 F1500
M5
G0 X25.104 Y39.700 F3000
M4 S2000
G1 X25.104 Y39.160 F1500
M5
G0 X24.456 Y39.160 F3000
M4 S2000
G1 X25.104 Y39.160 F1500
M5
G0 X25.104 Y39.160 F3000
M4 S2000
G1 X25.104 Y38.620 F1500
M5
G0 X24.456 Y38.620 F3000
M4 S2000
G1 X25.104 Y38.620 F1500
M5
G0 X24.000 Y32.000 F3000
M4 S0
G1 X29.000 Y32.000 F1750 S0
G1 X34.000 Y32.000 F1750 S8000
G1 X39.000 Y32.000 F1750 S0
G0 X39.000 Y32.080 F3000
G1 X34.000 Y32.080 F1750 S0
G1 X29.000 Y32.080 F1750 S8000
G1 X24.000 Y32.080 F1750 S0
G0 X24.000 Y32.160 F3000
G1 X29.000 Y32.160 F1750 S0
G1 X34.000 Y32.160 F1750 S8000
G1 X39.000 Y32.160 F1750 S0
G0 X39.000 Y32.240 F3000
G1 X34.000 Y32.240 F1750 S0
G1 X29.000 Y32.240 F1750 S8000
G1 X24.000 Y32.240 F1750 S0
G0 X24.000 Y32.320 F3000
G1 X29.000 Y32.320 F1750 S0
G1 X34.000 Y32.320 F1750 S8000
G1 X39.000 Y32.320 F1750 S0
G0 X39.000 Y32.400 F3000
G1 X34.000 Y32.400 F1750 S0
G1 X29.000 Y32.400 F1750 S8000
G1 X24.000 Y32.400 F1750 S0
G0 X24.000 Y32.480 F3000
G1 X29.000 Y32.480 F1750 S0
G1 X34.000 Y32.480 F1750 S8000
G1 X39.000 Y32.480 F1750 S0
G0 X39.000 Y32.560 F3000
G1 X34.000 Y32.560 F1750 S0
G1 X29.000 Y32.560 F1750 S8000
G1 X24.000 Y32.560 F1750 S0
G0 X24.000 Y32.640 F3000
G1 X29.000 Y32.640 F1750 S0
G1 X34.000 Y32.640 F1750 S8000
G1 X39.000 Y32.640 F1750 S0
G0 X39.000 Y32.720 F3000
G1 X34.000 Y32.720 F1750 S0
G1 X29.000 Y32.720 F1750 S8000
G1 X24.000 Y32.720 F1750 S0
G0 X24.000 Y32.800 F3000
G1 X29.000 Y32.800 F1750 S0
G1 X34.000 Y32.800 F1750 S8000
G1 X39.000 Y32.800 F1750 S0
G0 X39.000 Y32.880 F3000
G1 X34.000 Y32.880 F1750 S0
G1 X29.000 Y32.880 F1750 S8000
G1 X24.000 Y32.880 F1750 S0
G0 X24.000 Y32.960 F3000
G1 X29.000 Y32.960 F1750 S0
G1 X34.000 Y32.960 F1750 S8000
G1 X39.000 Y32.960 F1750 S0
G0 X39.000 Y33.040 F3000
G1 X34.000 Y33.040 F1750 S0
G1 X29.000 Y33.040 F1750 S8000
G1 X24.000 Y33.040 F1750 S0
G0 X24.000 Y33.120 F3000
G1 X29.000 Y33.120 F1750 S0
G1 X34.000 Y33.120 F1750 S8000
G1 X39.000 Y33.120 F1750 S0
G0 X39.000 Y33.200 F3000
G1 X34.000 Y33.200 F1750 S0
G1 X29.000 Y33.200 F1750 S8000
G1 X24.000 Y33.200 F1750 S0
G0 X24.000 Y33.280 F3000
G1 X29.000 Y33.280 F1750 S0
G1 X34.000 Y33.280 F1750 S8000
G1 X39.000 Y33.280 F1750 S0
G0 X39.000 Y33.360 F3000
G1 X34.000 Y33.360 F1750 S0
G1 X29.000 Y33.360 F1750 S8000
G1 X24.000 Y33.360 F1750 S0
G0 X24.000 Y33.440 F3000
G1 X29.000 Y33.440 F1750 S0
G1 X34.000 Y33.440 F1750 S8000
G1 X39.000 Y33.440 F1750 S0
G0 X39.000 Y33.520 F3000
G1 X34.000 Y33.520 F1750 S0
G1 X29.000 Y33.520 F1750 S8000
G1 X24.000 Y33.520 F1750 S0
G0 X24.000 Y33.600 F3000
G1 X29.000 Y33.600 F1750 S0
G1 X34.000 Y33.600 F1750 S8000
G1 X39.000 Y33.600 F1750 S0
G0 X39.000 Y33.680 F3000
G1 X34.000 Y33.680 F1750 S0
G1 X29.000 Y33.680 F1750 S8000
G1 X24.000 Y33.680 F1750 S0
G0 X24.000 Y33.760 F3000
G1 X29.000 Y33.760 F1750 S0
G1 X34.000 Y33.760 F1750 S8000
G1 X39.000 Y33.760 F1750 S0
G0 X39.000 Y33.840 F3000
G1 X34.000 Y33.840 F1750 S0
G1 X29.000 Y33.840 F1750 S8000
G1 X24.000 Y33.840 F1750 S0
G0 X24.000 Y33.920 F3000
G1 X29.000 Y33.920 F1750 S0
G1 X34.000 Y33.920 F1750 S8000
G1 X39.000 Y33.920 F1750 S0
G0 X39.000 Y34.000 F3000
G1 X34.000 Y34.000 F1750 S0
G1 X29.000 Y34.000 F1750 S8000
G1 X24.000 Y34.000 F1750 S0
G0 X24.000 Y34.080 F3000
G1 X29.000 Y34.080 F1750 S0
G1 X34.000 Y34.080 F1750 S8000
G1 X39.000 Y34.080 F1750 S0
G0 X39.000 Y34.160 F3000
G1 X34.000 Y34.160 F1750 S0
G1 X29.000 Y34.160 F1750 S8000
G1 X24.000 Y34.160 F1750 S0
G0 X24.000 Y34.240 F3000
G1 X29.000 Y34.240 F1750 S0
G1 X34.000 Y34.240 F1750 S8000
G1 X39.000 Y34.240 F1750 S0
G0 X39.000 Y34.320 F3000
G1 X34.000 Y34.320 F1750 S0
G1 X29.000 Y34.320 F1750 S8000
G1 X24.000 Y34.320 F1750 S0
G0 X24.000 Y34.400 F3000
G1 X29.000 Y34.400 F1750 S0
G1 X34.000 Y34.400 F1750 S8000
G1 X39.000 Y34.400 F1750 S0
G0 X39.000 Y34.480 F3000
G1 X34.000 Y34.480 F1750 S0
G1 X29.000 Y34.480 F1750 S8000
G1 X24.000 Y34.480 F1750 S0
G0 X24.000 Y34.560 F3000
G1 X29.000 Y34.560 F1750 S0
G1 X34.000 Y34.560 F1750 S8000
G1 X39.000 Y34.560 F1750 S0
G0 X39.000 Y34.640 F3000
G1 X34.000 Y34.640 F1750 S0
G1 X29.000 Y34.640 F1750 S8000
G1 X24.000 Y34.640 F1750 S0
G0 X24.000 Y34.720 F3000
G1 X29.000 Y34.720 F1750 S0
G1 X34.000 Y34.720 F1750 S8000
G1 X39.000 Y34.720 F1750 S0
G0 X39.000 Y34.800 F3000
G1 X34.000 Y34.800 F1750 S0
G1 X29.000 Y34.800 F1750 S8000
G1 X24.000 Y34.800 F1750 S0
G0 X24.000 Y34.880 F3000
G1 X29.000 Y34.880 F1750 S0
G1 X34.000 Y34.880 F1750 S8000
G1 X39.000 Y34.880 F1750 S0
G0 X39.000 Y34.960 F3000
G1 X34.000 Y34.960 F1750 S0
G1 X29.000 Y34.960 F1750 S8000
G1 X24.000 Y34.960 F1750 S0
G0 X24.000 Y35.040 F3000
G1 X29.000 Y35.040 F1750 S0
G1 X34.000 Y35.040 F1750 S8000
G1 X39.000 Y35.040 F1750 S0
G0 X39.000 Y35.120 F3000
G1 X34.000 Y35.120 F1750 S0
G1 X29.000 Y35.120 F1750 S8000
G1 X24.000 Y35.120 F1750 S0
G0 X24.000 Y35.200 F3000
G1 X29.000 Y35.200 F1750 S0
G1 X34.000 Y35.200 F1750 S8000
G1 X39.000 Y35.200 F1750 S0
G0 X39.000 Y35.280 F3000
G1 X34.000 Y35.280 F1750 S0
G1 X29.000 Y35.280 F1750 S8000
G1 X24.000 Y35.280 F1750 S0
G0 X24.000 Y35.360 F3000
G1 X29.000 Y35.360 F1750 S0
G1 X34.000 Y35.360 F1750 S8000
G1 X39.000 Y35.360 F1750 S0
G0 X39.000 Y35.440 F3000
G1 X34.000 Y35.440 F1750 S0
G1 X29.000 Y35.440 F1750 S8000
G1 X24.000 Y35.440 F1750 S0
G0 X24.000 Y35.520 F3000
G1 X29.000 Y35.520 F1750 S0
G1 X34.000 Y35.520 F1750 S8000
G1 X39.000 Y35.520 F1750 S0
G0 X39.000 Y35.600 F3000
G1 X34.000 Y35.600 F1750 S0
G1 X29.000 Y35.600 F1750 S8000
G1 X24.000 Y35.600 F1750 S0
G0 X24.000 Y35.680 F3000
G1 X29.000 Y35.680 F1750 S0
G1 X34.000 Y35.680 F1750 S8000
G1 X39.000 Y35.680 F1750 S0
G0 X39.000 Y35.760 F3000
G1 X34.000 Y35.760 F1750 S0
G1 X29.000 Y35.760 F1750 S8000
G1 X24.000 Y35.760 F1750 S0
G0 X24.000 Y35.840 F3000
G1 X29.000 Y35.840 F1750 S0
G1 X34.000 Y35.840 F1750 S8000
G1 X39.000 Y35.840 F1750 S0
G0 X39.000 Y35.920 F3000
G1 X34.000 Y35.920 F1750 S0
G1 X29.000 Y35.920 F1750 S8000
G1 X24.000 Y35.920 F1750 S0
G0 X24.000 Y36.000 F3000
G1 X29.000 Y36.000 F1750 S0
G1 X34.000 Y36.000 F1750 S8000
G1 X39.000 Y36.000 F1750 S0
G0 X39.000 Y36.080 F3000
G1 X34.000 Y36.080 F1750 S0
G1 X29.000 Y36.080 F1750 S8000
G1 X24.000 Y36.080 F1750 S0
G0 X24.000 Y36.160 F3000
G1 X29.000 Y36.160 F1750 S0
G1 X34.000 Y36.160 F1750 S8000
G1 X39.000 Y36.160 F1750 S0
G0 X39.000 Y36.240 F3000
G1 X34.000 Y36.240 F1750 S0
G1 X29.000 Y36.240 F1750 S8000
G1 X24.000 Y36.240 F1750 S0
G0 X24.000 Y36.320 F3000
G1 X29.000 Y36.320 F1750 S0
G1 X34.000 Y36.320 F1750 S8000
G1 X39.000 Y36.320 F1750 S0
G0 X39.000 Y36.400 F3000
G1 X34.000 Y36.400 F1750 S0
G1 X29.000 Y36.400 F1750 S8000
G1 X24.000 Y36.400 F1750 S0
G0 X24.000 Y36.480 F3000
G1 X29.000 Y36.480 F1750 S0
G1 X34.000 Y36.480 F1750 S8000
G1 X39.000 Y36.480 F1750 S0
G0 X39.000 Y36.560 F3000
G1 X34.000 Y36.560 F1750 S0
G1 X29.000 Y36.560 F1750 S8000
G1 X24.000 Y36.560 F1750 S0
G0 X24.000 Y36.640 F3000
G1 X29.000 Y36.640 F1750 S0
G1 X34.000 Y36.640 F1750 S8000
G1 X39.000 Y36.640 F1750 S0
G0 X39.000 Y36.720 F3000
G1 X34.000 Y36.720 F1750 S0
G1 X29.000 Y36.720 F1750 S8000
G1 X24.000 Y36.720 F1750 S0
G0 X24.000 Y36.800 F3000
G1 X29.000 Y36.800 F1750 S0
G1 X34.000 Y36.800 F1750 S8000
G1 X39.000 Y36.800 F1750 S0
G0 X39.000 Y36.880 F3000
G1 X34.000 Y36.880 F1750 S0
G1 X29.000 Y36.880 F1750 S8000
G1 X24.000 Y36.880 F1750 S0
G0 X24.000 Y36.960 F3000
G1 X29.000 Y36.960 F1750 S0
G1 X34.000 Y36.960 F1750 S8000
G1 X39.000 Y36.960 F1750 S0
M5
G0 X29.000 Y39.700 F3000
M4 S2000
G1 X29.648 Y39.700 F1500
M5
G0 X29.000 Y39.700 F3000
M4 S2000
G1 X29.000 Y39.160 F1500
M5
G0 X29.000 Y39.160 F3000
M4 S2000
G1 X29.000 Y38.620 F1500
M5
G0 X29.000 Y38.620 F3000
M4 S2000
G1 X29.648 Y38.620 F1500
M5
G0 X29.648 Y39.160 F3000
M4 S2000
G1 X29.648 Y38.620 F1500
M5
G0 X29.000 Y39.160 F3000
M4 S2000
G1 X29.648 Y39.160 F1500
M5
G0 X29.864 Y39.160 F3000
M4 S2000
G1 X30.512 Y39.160 F1500
M5
G0 X30.728 Y39.700 F3000
M4 S2000
G1 X31.376 Y39.700 F1500
M5
G0 X31.376 Y39.700 F3000
M4 S2000
G1 X31.376 Y39.160 F1500
M5
G0 X31.376 Y39.160 F3000
M4 S2000
G1 X31.376 Y38.620 F1500
M5
G0 X30.728 Y38.620 F3000
M4 S2000
G1 X31.376 Y38.620 F1500
M5
G0 X30.728 Y39.160 F3000
M4 S2000
G1 X30.728 Y38.620 F1500
M5
G0 X30.728 Y39.700 F3000
M4 S2000
G1 X30.728 Y39.160 F1500
M5
G0 X31.592 Y39.700 F3000
M4 S2000
G1 X32.240 Y39.700 F1500
M5
G0 X32.240 Y39.700 F3000
M4 S2000
G1 X32.240 Y39.160 F1500
M5
G0 X31.592 Y39.160 F3000
M4 S2000
G1 X32.240 Y39.160 F1500
M5
G0 X31.592 Y39.160 F3000
M4 S2000
G1 X31.592 Y38.620 F1500
M5
G0 X31.592 Y38.620 F3000
M4 S2000
G1 X32.240 Y38.620 F1500
M5
G0 X32.456 Y39.700 F3000
M4 S2000
G1 X32.456 Y39.160 F1500
M5
G0 X32.456 Y39.160 F3000
M4 S2000
G1 X33.104 Y39.160 F1500
M5
G0 X33.104 Y39.700 F3000
M4 S2000
G1 X33.104 Y39.160 F1500
M5
G0 X33.104 Y39.160 F3000
M4 S2000
G1 X33.104 Y38.620 F1500
M5
G0 X32.000 Y32.000 F3000
M4 S0
G1 X37.000 Y32.000 F2000 S0
G1 X42.000 Y32.000 F2000 S8000
G1 X47.000 Y32.000 F2000 S0
G0 X47.000 Y32.080 F3000
G1 X42.000 Y32.080 F2000 S0
G1 X37.000 Y32.080 F2000 S8000
G1 X32.000 Y32.080 F2000 S0
G0 X32.000 Y32.160 F3000
G1 X37.000 Y32.160 F2000 S0
G1 X42.000 Y32.160 F2000 S8000
G1 X47.000 Y32.160 F2000 S0
G0 X47.000 Y32.240 F3000
G1 X42.000 Y32.240 F2000 S0
G1 X37.000 Y32.240 F2000 S8000
G1 X32.000 Y32.240 F2000 S0
G0 X32.000 Y32.320 F3000
G1 X37.000 Y32.320 F2000 S0
G1 X42.000 Y32.320 F2000 S8000
G1 X47.000 Y32.320 F2000 S0
G0 X47.000 Y32.400 F3000
G1 X42.000 Y32.400 F2000 S0
G1 X37.000 Y32.400 F2000 S8000
G1 X32.000 Y32.400 F2000 S0
G0 X32.000 Y32.480 F3000
G1 X37.000 Y32.480 F2000 S0
G1 X42.000 Y32.480 F2000 S8000
G1 X47.000 Y32.480 F2000 S0
G0 X47.000 Y32.560 F3000
G1 X42.000 Y32.560 F2000 S0
G1 X37.000 Y32.560 F2000 S8000
G1 X32.000 Y32.560 F2000 S0
G0 X32.000 Y32.640 F3000
G1 X37.000 Y32.640 F2000 S0
G1 X42.000 Y32.640 F2000 S8000
G1 X47.000 Y32.640 F2000 S0
G0 X47.000 Y32.720 F3000
G1 X42.000 Y32.720 F2000 S0
G1 X37.000 Y32.720 F2000 S8000
G1 X32.000 Y32.720 F2000 S0
G0 X32.000 Y32.800 F3000
G1 X37.000 Y32.800 F2000 S0
G1 X42.000 Y32.800 F2000 S8000
G1 X47.000 Y32.800 F2000 S0
G0 X47.000 Y32.880 F3000
G1 X42.000 Y32.880 F2000 S0
G1 X37.000 Y32.880 F2000 S8000
G1 X32.000 Y32.880 F2000 S0
G0 X32.000 Y32.960 F3000
G1 X37.000 Y32.960 F2000 S0
G1 X42.000 Y32.960 F2000 S8000
G1 X47.000 Y32.960 F2000 S0
G0 X47.000 Y33.040 F3000
G1 X42.000 Y33.040 F2000 S0
G1 X37.000 Y33.040 F2000 S8000
G1 X32.000 Y33.040 F2000 S0
G0 X32.000 Y33.120 F3000
G1 X37.000 Y33.120 F2000 S0
G1 X42.000 Y33.120 F2000 S8000
G1 X47.000 Y33.120 F2000 S0
G0 X47.000 Y33.200 F3000
G1 X42.000 Y33.200 F2000 S0
G1 X37.000 Y33.200 F2000 S8000
G1 X32.000 Y33.200 F2000 S0
G0 X32.000 Y33.280 F3000
G1 X37.000 Y33.280 F2000 S0
G1 X42.000 Y33.280 F2000 S8000
G1 X47.000 Y33.280 F2000 S0
G0 X47.000 Y33.360 F3000
G1 X42.000 Y33.360 F2000 S0
G1 X37.000 Y33.360 F2000 S8000
G1 X32.000 Y33.360 F2000 S0
G0 X32.000 Y33.440 F3000
G1 X37.000 Y33.440 F2000 S0
G1 X42.000 Y33.440 F2000 S8000
G1 X47.000 Y33.440 F2000 S0
G0 X47.000 Y33.520 F3000
G1 X42.000 Y33.520 F2000 S0
G1 X37.000 Y33.520 F2000 S8000
G1 X32.000 Y33.520 F2000 S0
G0 X32.000 Y33.600 F3000
G1 X37.000 Y33.600 F2000 S0
G1 X42.000 Y33.600 F2000 S8000
G1 X47.000 Y33.600 F2000 S0
G0 X47.000 Y33.680 F3000
G1 X42.000 Y33.680 F2000 S0
G1 X37.000 Y33.680 F2000 S8000
G1 X32.000 Y33.680 F2000 S0
G0 X32.000 Y33.760 F3000
G1 X37.000 Y33.760 F2000 S0
G1 X42.000 Y33.760 F2000 S8000
G1 X47.000 Y33.760 F2000 S0
G0 X47.000 Y33.840 F3000
G1 X42.000 Y33.840 F2000 S0
G1 X37.000 Y33.840 F2000 S8000
G1 X32.000 Y33.840 F2000 S0
G0 X32.000 Y33.920 F3000
G1 X37.000 Y33.920 F2000 S0
G1 X42.000 Y33.920 F2000 S8000
G1 X47.000 Y33.920 F2000 S0
G0 X47.000 Y34.000 F3000
G1 X42.000 Y34.000 F2000 S0
G1 X37.000 Y34.000 F2000 S8000
G1 X32.000 Y34.000 F2000 S0
G0 X32.000 Y34.080 F3000
G1 X37.000 Y34.080 F2000 S0
G1 X42.000 Y34.080 F2000 S8000
G1 X47.000 Y34.080 F2000 S0
G0 X47.000 Y34.160 F3000
G1 X42.000 Y34.160 F2000 S0
G1 X37.000 Y34.160 F2000 S8000
G1 X32.000 Y34.160 F2000 S0
G0 X32.000 Y34.240 F3000
G1 X37.000 Y34.240 F2000 S0
G1 X42.000 Y34.240 F2000 S8000
G1 X47.000 Y34.240 F2000 S0
G0 X47.000 Y34.320 F3000
G1 X42.000 Y34.320 F2000 S0
G1 X37.000 Y34.320 F2000 S8000
G1 X32.000 Y34.320 F2000 S0
G0 X32.000 Y34.400 F3000
G1 X37.000 Y34.400 F2000 S0
G1 X42.000 Y34.400 F2000 S8000
G1 X47.000 Y34.400 F2000 S0
G0 X47.000 Y34.480 F3000
G1 X42.000 Y34.480 F2000 S0
G1 X37.000 Y34.480 F2000 S8000
G1 X32.000 Y34.480 F2000 S0
G0 X32.000 Y34.560 F3000
G1 X37.000 Y34.560 F2000 S0
G1 X42.000 Y34.560 F2000 S8000
G1 X47.000 Y34.560 F2000 S0
G0 X47.000 Y34.640 F3000
G1 X42.000 Y34.640 F2000 S0
G1 X37.000 Y34.640 F2000 S8000
G1 X32.000 Y34.640 F2000 S0
G0 X32.000 Y34.720 F3000
G1 X37.000 Y34.720 F2000 S0
G1 X42.000 Y34.720 F2000 S8000
G1 X47.000 Y34.720 F2000 S0
G0 X47.000 Y34.800 F3000
G1 X42.000 Y34.800 F2000 S0
G1 X37.000 Y34.800 F2000 S8000
G1 X32.000 Y34.800 F2000 S0
G0 X32.000 Y34.880 F3000
G1 X37.000 Y34.880 F2000 S0
G1 X42.000 Y34.880 F2000 S8000
G1 X47.000 Y34.880 F2000 S0
G0 X47.000 Y34.960 F3000
G1 X42.000 Y34.960 F2000 S0
G1 X37.000 Y34.960 F2000 S8000
G1 X32.000 Y34.960 F2000 S0
G0 X32.000 Y35.040 F3000
G1 X37.000 Y35.040 F2000 S0
G1 X42.000 Y35.040 F2000 S8000
G1 X47.000 Y35.040 F2000 S0
G0 X47.000 Y35.120 F3000
G1 X42.000 Y35.120 F2000 S0
G1 X37.000 Y35.120 F2000 S8000
G1 X32.000 Y35.120 F2000 S0
G0 X32.000 Y35.200 F3000
G1 X37.000 Y35.200 F2000 S0
G1 X42.000 Y35.200 F2000 S8000
G1 X47.000 Y35.200 F2000 S0
G0 X47.000 Y35.280 F3000
G1 X42.000 Y35.280 F2000 S0
G1 X37.000 Y35.280 F2000 S8000
G1 X32.000 Y35.280 F2000 S0
G0 X32.000 Y35.360 F3000
G1 X37.000 Y35.360 F2000 S0
G1 X42.000 Y35.360 F2000 S8000
G1 X47.000 Y35.360 F2000 S0
G0 X47.000 Y35.440 F3000
G1 X42.000 Y35.440 F2000 S0
G1 X37.000 Y35.440 F2000 S8000
G1 X32.000 Y35.440 F2000 S0
G0 X32.000 Y35.520 F3000
G1 X37.000 Y35.520 F2000 S0
G1 X42.000 Y35.520 F2000 S8000
G1 X47.000 Y35.520 F2000 S0
G0 X47.000 Y35.600 F3000
G1 X42.000 Y35.600 F2000 S0
G1 X37.000 Y35.600 F2000 S8000
G1 X32.000 Y35.600 F2000 S0
G0 X32.000 Y35.680 F3000
G1 X37.000 Y35.680 F2000 S0
G1 X42.000 Y35.680 F2000 S8000
G1 X47.000 Y35.680 F2000 S0
G0 X47.000 Y35.760 F3000
G1 X42.000 Y35.760 F2000 S0
G1 X37.000 Y35.760 F2000 S8000
G1 X32.000 Y35.760 F2000 S0
G0 X32.000 Y35.840 F3000
G1 X37.000 Y35.840 F2000 S0
G1 X42.000 Y35.840 F2000 S8000
G1 X47.000 Y35.840 F2000 S0
G0 X47.000 Y35.920 F3000
G1 X42.000 Y35.920 F2000 S0
G1 X37.000 Y35.920 F2000 S8000
G1 X32.000 Y35.920 F2000 S0
G0 X32.000 Y36.000 F3000
G1 X37.000 Y36.000 F2000 S0
G1 X42.000 Y36.000 F2000 S8000
G1 X47.000 Y36.000 F2000 S0
G0 X47.000 Y36.080 F3000
G1 X42.000 Y36.080 F2000 S0
G1 X37.000 Y36.080 F2000 S8000
G1 X32.000 Y36.080 F2000 S0
G0 X32.000 Y36.160 F3000
G1 X37.000 Y36.160 F2000 S0
G1 X42.000 Y36.160 F2000 S8000
G1 X47.000 Y36.160 F2000 S0
G0 X47.000 Y36.240 F3000
G1 X42.000 Y36.240 F2000 S0
G1 X37.000 Y36.240 F2000 S8000
G1 X32.000 Y36.240 F2000 S0
G0 X32.000 Y36.320 F3000
G1 X37.000 Y36.320 F2000 S0
G1 X42.000 Y36.320 F2000 S8000
G1 X47.000 Y36.320 F2000 S0
G0 X47.000 Y36.400 F3000
G1 X42.000 Y36.400 F2000 S0
G1 X37.000 Y36.400 F2000 S8000
G1 X32.000 Y36.400 F2000 S0
G0 X32.000 Y36.480 F3000
G1 X37.000 Y36.480 F2000 S0
G1 X42.000 Y36.480 F2000 S8000
G1 X47.000 Y36.480 F2000 S0
G0 X47.000 Y36.560 F3000
G1 X42.000 Y36.560 F2000 S0
G1 X37.000 Y36.560 F2000 S8000
G1 X32.000 Y36.560 F2000 S0
G0 X32.000 Y36.640 F3000
G1 X37.000 Y36.640 F2000 S0
G1 X42.000 Y36.640 F2000 S8000
G1 X47.000 Y36.640 F2000 S0
G0 X47.000 Y36.720 F3000
G1 X42.000 Y36.720 F2000 S0
G1 X37.000 Y36.720 F2000 S8000
G1 X32.000 Y36.720 F2000 S0
G0 X32.000 Y36.800 F3000
G1 X37.000 Y36.800 F2000 S0
G1 X42.000 Y36.800 F2000 S8000
G1 X47.000 Y36.800 F2000 S0
G0 X47.000 Y36.880 F3000
G1 X42.000 Y36.880 F2000 S0
G1 X37.000 Y36.880 F2000 S8000
G1 X32.000 Y36.880 F2000 S0
G0 X32.000 Y36.960 F3000
G1 X37.000 Y36.960 F2000 S0
G1 X42.000 Y36.960 F2000 S8000
G1 X47.000 Y36.960 F2000 S0
M5
G0 X37.000 Y39.700 F3000
M4 S2000
G1 X37.648 Y39.700 F1500
M5
G0 X37.000 Y39.700 F3000
M4 S2000
G1 X37.000 Y39.160 F1500
M5
G0 X37.000 Y39.160 F3000
M4 S2000
G1 X37.000 Y38.620 F1500
M5
G0 X37.000 Y38.620 F3000
M4 S2000
G1 X37.648 Y38.620 F1500
M5
G0 X37.648 Y39.160 F3000
M4 S2000
G1 X37.648 Y38.620 F1500
M5
G0 X37.000 Y39.160 F3000
M4 S2000
G1 X37.648 Y39.160 F1500
M5
G0 X37.864 Y39.160 F3000
M4 S2000
G1 X38.512 Y39.160 F1500
M5
G0 X38.728 Y39.700 F3000
M4 S2000
G1 X39.376 Y39.700 F1500
M5
G0 X39.376 Y39.700 F3000
M4 S2000
G1 X39.376 Y39.160 F1500
M5
G0 X39.376 Y39.160 F3000
M4 S2000
G1 X39.376 Y38.620 F1500
M5
G0 X38.728 Y38.620 F3000
M4 S2000
G1 X39.376 Y38.620 F1500
M5
G0 X38.728 Y39.160 F3000
M4 S2000
G1 X38.728 Y38.620 F1500
M5
G0 X38.728 Y39.700 F3000
M4 S2000
G1 X38.728 Y39.160 F1500
M5
G0 X39.592 Y39.700 F3000
M4 S2000
G1 X40.240 Y39.700 F1500
M5
G0 X40.240 Y39.700 F3000
M4 S2000
G1 X40.240 Y39.160 F1500
M5
G0 X39.592 Y39.160 F3000
M4 S2000
G1 X40.240 Y39.160 F1500
M5
G0 X39.592 Y39.160 F3000
M4 S2000
G1 X39.592 Y38.620 F1500
M5
G0 X39.592 Y38.620 F3000
M4 S2000
G1 X40.240 Y38.620 F1500
M5
G0 X40.456 Y39.700 F3000
M4 S2000
G1 X41.104 Y39.700 F1500
M5
G0 X40.456 Y39.700 F3000
M4 S2000
G1 X40.456 Y39.160 F1500
M5
G0 X40.456 Y39.160 F3000
M4 S2000
G1 X41.104 Y39.160 F1500
M5
G0 X41.104 Y39.160 F3000
M4 S2000
G1 X41.104 Y38.620 F1500
M5
G0 X40.456 Y38.620 F3000
M4 S2000
G1 X41.104 Y38.620 F1500
M5
G0 X32.000 Y40.000 F3000
M4 S0
G1 X37.000 Y40.000 F2000 S0
G1 X42.000 Y40.000 F2000 S10000
G1 X47.000 Y40.000 F2000 S0
G0 X47.000 Y40.080 F3000
G1 X42.000 Y40.080 F2000 S0
G1 X37.000 Y40.080 F2000 S10000
G1 X32.000 Y40.080 F2000 S0
G0 X32.000 Y40.160 F3000
G1 X37.000 Y40.160 F2000 S0
G1 X42.000 Y40.160 F2000 S10000
G1 X47.000 Y40.160 F2000 S0
G0 X47.000 Y40.240 F3000
G1 X42.000 Y40.240 F2000 S0
G1 X37.000 Y40.240 F2000 S10000
G1 X32.000 Y40.240 F2000 S0
G0 X32.000 Y40.320 F3000
G1 X37.000 Y40.320 F2000 S0
G1 X42.000 Y40.320 F2000 S10000
G1 X47.000 Y40.320 F2000 S0
G0 X47.000 Y40.400 F3000
G1 X42.000 Y40.400 F2000 S0
G1 X37.000 Y40.400 F2000 S10000
G1 X32.000 Y40.400 F2000 S0
G0 X32.000 Y40.480 F3000
G1 X37.000 Y40.480 F2000 S0
G1 X42.000 Y40.480 F2000 S10000
G1 X47.000 Y40.480 F2000 S0
G0 X47.000 Y40.560 F3000
G1 X42.000 Y40.560 F2000 S0
G1 X37.000 Y40.560 F2000 S10000
G1 X32.000 Y40.560 F2000 S0
G0 X32.000 Y40.640 F3000
G1 X37.000 Y40.640 F2000 S0
G1 X42.000 Y40.640 F2000 S10000
G1 X47.000 Y40.640 F2000 S0
G0 X47.000 Y40.720 F3000
G1 X42.000 Y40.720 F2000 S0
G1 X37.000 Y40.720 F2000 S10000
G1 X32.000 Y40.720 F2000 S0
G0 X32.000 Y40.800 F3000
G1 X37.000 Y40.800 F2000 S0
G1 X42.000 Y40.800 F2000 S10000
G1 X47.000 Y40.800 F2000 S0
G0 X47.000 Y40.880 F3000
G1 X42.000 Y40.880 F2000 S0
G1 X37.000 Y40.880 F2000 S10000
G1 X32.000 Y40.880 F2000 S0
G0 X32.000 Y40.960 F3000
G1 X37.000 Y40.960 F2000 S0
G1 X42.000 Y40.960 F2000 S10000
G1 X47.000 Y40.960 F2000 S0
G0 X47.000 Y41.040 F3000
G1 X42.000 Y41.040 F2000 S0
G1 X37.000 Y41.040 F2000 S10000
G1 X32.000 Y41.040 F2000 S0
G0 X32.000 Y41.120 F3000
G1 X37.000 Y41.120 F2000 S0
G1 X42.000 Y41.120 F2000 S10000
G1 X47.000 Y41.120 F2000 S0
G0 X47.000 Y41.200 F3000
G1 X42.000 Y41.200 F2000 S0
G1 X37.000 Y41.200 F2000 S10000
G1 X32.000 Y41.200 F2000 S0
G0 X32.000 Y41.280 F3000
G1 X37.000 Y41.280 F2000 S0
G1 X42.000 Y41.280 F2000 S10000
G1 X47.000 Y41.280 F2000 S0
G0 X47.000 Y41.360 F3000
G1 X42.000 Y41.360 F2000 S0
G1 X37.000 Y41.360 F2000 S10000
G1 X32.000 Y41.360 F2000 S0
G0 X32.000 Y41.440 F3000
G1 X37.000 Y41.440 F2000 S0
G1 X42.000 Y41.440 F2000 S10000
G1 X47.000 Y41.440 F2000 S0
G0 X47.000 Y41.520 F3000
G1 X42.000 Y41.520 F2000 S0
G1 X37.000 Y41.520 F2000 S10000
G1 X32.000 Y41.520 F2000 S0
G0 X32.000 Y41.600 F3000
G1 X37.000 Y41.600 F2000 S0
G1 X42.000 Y41.600 F2000 S10000
G1 X47.000 Y41.600 F2000 S0
G0 X47.000 Y41.680 F3000
G1 X42.000 Y41.680 F2000 S0
G1 X37.000 Y41.680 F2000 S10000
G1 X32.000 Y41.680 F2000 S0
G0 X32.000 Y41.760 F3000
G1 X37.000 Y41.760 F2000 S0
G1 X42.000 Y41.760 F2000 S10000
G1 X47.000 Y41.760 F2000 S0
G0 X47.000 Y41.840 F3000
G1 X42.000 Y41.840 F2000 S0
G1 X37.000 Y41.840 F2000 S10000
G1 X32.000 Y41.840 F2000 S0
G0 X32.000 Y41.920 F3000
G1 X37.000 Y41.920 F2000 S0
G1 X42.000 Y41.920 F2000 S10000
G1 X47.000 Y41.920 F2000 S0
G0 X47.000 Y42.000 F3000
G1 X42.000 Y42.000 F2000 S0
G1 X37.000 Y42.000 F2000 S10000
G1 X32.000 Y42.000 F2000 S0
G0 X32.000 Y42.080 F3000
G1 X37.000 Y42.080 F2000 S0
G1 X42.000 Y42.080 F2000 S10000
G1 X47.000 Y42.080 F2000 S0
G0 X47.000 Y42.160 F3000
G1 X42.000 Y42.160 F2000 S0
G1 X37.000 Y42.160 F2000 S10000
G1 X32.000 Y42.160 F2000 S0
G0 X32.000 Y42.240 F3000
G1 X37.000 Y42.240 F2000 S0
G1 X42.000 Y42.240 F2000 S10000
G1 X47.000 Y42.240 F2000 S0
G0 X47.000 Y42.320 F3000
G1 X42.000 Y42.320 F2000 S0
G1 X37.000 Y42.320 F2000 S10000
G1 X32.000 Y42.320 F2000 S0
G0 X32.000 Y42.400 F3000
G1 X37.000 Y42.400 F2000 S0
G1 X42.000 Y42.400 F2000 S10000
G1 X47.000 Y42.400 F2000 S0
G0 X47.000 Y42.480 F3000
G1 X42.000 Y42.480 F2000 S0
G1 X37.000 Y42.480 F2000 S10000
G1 X32.000 Y42.480 F2000 S0
G0 X32.000 Y42.560 F3000
G1 X37.000 Y42.560 F2000 S0
G1 X42.000 Y42.560 F2000 S10000
G1 X47.000 Y42.560 F2000 S0
G0 X47.000 Y42.640 F3000
G1 X42.000 Y42.640 F2000 S0
G1 X37.000 Y42.640 F2000 S10000
G1 X32.000 Y42.640 F2000 S0
G0 X32.000 Y42.720 F3000
G1 X37.000 Y42.720 F2000 S0
G1 X42.000 Y42.720 F2000 S10000
G1 X47.000 Y42.720 F2000 S0
G0 X47.000 Y42.800 F3000
G1 X42.000 Y42.800 F2000 S0
G1 X37.000 Y42.800 F2000 S10000
G1 X32.000 Y42.800 F2000 S0
G0 X32.000 Y42.880 F3000
G1 X37.000 Y42.880 F2000 S0
G1 X42.000 Y42.880 F2000 S10000
G1 X47.000 Y42.880 F2000 S0
G0 X47.000 Y42.960 F3000
G1 X42.000 Y42.960 F2000 S0
G1 X37.000 Y42.960 F2000 S10000
G1 X32.000 Y42.960 F2000 S0
G0 X32.000 Y43.040 F3000
G1 X37.000 Y43.040 F2000 S0
G1 X42.000 Y43.040 F2000 S10000
G1 X47.000 Y43.040 F2000 S0
G0 X47.000 Y43.120 F3000
G1 X42.000 Y43.120 F2000 S0
G1 X37.000 Y43.120 F2000 S10000
G1 X32.000 Y43.120 F2000 S0
G0 X32.000 Y43.200 F3000
G1 X37.000 Y43.200 F2000 S0
G1 X42.000 Y43.200 F2000 S10000
G1 X47.000 Y43.200 F2000 S0
G0 X47.000 Y43.280 F3000
G1 X42.000 Y43.280 F2000 S0
G1 X37.000 Y43.280 F2000 S10000
G1 X32.000 Y43.280 F2000 S0
G0 X32.000 Y43.360 F3000
G1 X37.000 Y43.360 F2000 S0
G1 X42.000 Y43.360 F2000 S10000
G1 X47.000 Y43.360 F2000 S0
G0 X47.000 Y43.440 F3000
G1 X42.000 Y43.440 F2000 S0
G1 X37.000 Y43.440 F2000 S10000
G1 X32.000 Y43.440 F2000 S0
G0 X32.000 Y43.520 F3000
G1 X37.000 Y43.520 F2000 S0
G1 X42.000 Y43.520 F2000 S10000
G1 X47.000 Y43.520 F2000 S0
G0 X47.000 Y43.600 F3000
G1 X42.000 Y43.600 F2000 S0
G1 X37.000 Y43.600 F2000 S10000
G1 X32.000 Y43.600 F2000 S0
G0 X32.000 Y43.680 F3000
G1 X37.000 Y43.680 F2000 S0
G1 X42.000 Y43.680 F2000 S10000
G1 X47.000 Y43.680 F2000 S0
G0 X47.000 Y43.760 F3000
G1 X42.000 Y43.760 F2000 S0
G1 X37.000 Y43.760 F2000 S10000
G1 X32.000 Y43.760 F2000 S0
G0 X32.000 Y43.840 F3000
G1 X37.000 Y43.840 F2000 S0
G1 X42.000 Y43.840 F2000 S10000
G1 X47.000 Y43.840 F2000 S0
G0 X47.000 Y43.920 F3000
G1 X42.000 Y43.920 F2000 S0
G1 X37.000 Y43.920 F2000 S10000
G1 X32.000 Y43.920 F2000 S0
G0 X32.000 Y44.000 F3000
G1 X37.000 Y44.000 F2000 S0
G1 X42.000 Y44.000 F2000 S10000
G1 X47.000 Y44.000 F2000 S0
G0 X47.000 Y44.080 F3000
G1 X42.000 Y44.080 F2000 S0
G1 X37.000 Y44.080 F2000 S10000
G1 X32.000 Y44.080 F2000 S0
G0 X32.000 Y44.160 F3000
G1 X37.000 Y44.160 F2000 S0
G1 X42.000 Y44.160 F2000 S10000
G1 X47.000 Y44.160 F2000 S0
G0 X47.000 Y44.240 F3000
G1 X42.000 Y44.240 F2000 S0
G1 X37.000 Y44.240 F2000 S10000
G1 X32.000 Y44.240 F2000 S0
G0 X32.000 Y44.320 F3000
G1 X37.000 Y44.320 F2000 S0
G1 X42.000 Y44.320 F2000 S10000
G1 X47.000 Y44.320 F2000 S0
G0 X47.000 Y44.400 F3000
G1 X42.000 Y44.400 F2000 S0
G1 X37.000 Y44.400 F2000 S10000
G1 X32.000 Y44.400 F2000 S0
G0 X32.000 Y44.480 F3000
G1 X37.000 Y44.480 F2000 S0
G1 X42.000 Y44.480 F2000 S10000
G1 X47.000 Y44.480 F2000 S0
G0 X47.000 Y44.560 F3000
G1 X42.000 Y44.560 F2000 S0
G1 X37.000 Y44.560 F2000 S10000
G1 X32.000 Y44.560 F2000 S0
G0 X32.000 Y44.640 F3000
G1 X37.000 Y44.640 F2000 S0
G1 X42.000 Y44.640 F2000 S10000
G1 X47.000 Y44.640 F2000 S0
G0 X47.000 Y44.720 F3000
G1 X42.000 Y44.720 F2000 S0
G1 X37.000 Y44.720 F2000 S10000
G1 X32.000 Y44.720 F2000 S0
G0 X32.000 Y44.800 F3000
G1 X37.000 Y44.800 F2000 S0
G1 X42.000 Y44.800 F2000 S10000
G1 X47.000 Y44.800 F2000 S0
G0 X47.000 Y44.880 F3000
G1 X42.000 Y44.880 F2000 S0
G1 X37.000 Y44.880 F2000 S10000
G1 X32.000 Y44.880 F2000 S0
G0 X32.000 Y44.960 F3000
G1 X37.000 Y44.960 F2000 S0
G1 X42.000 Y44.960 F2000 S10000
G1 X47.000 Y44.960 F2000 S0
M5
G0 X37.000 Y47.700 F3000
M4 S2000
G1 X37.648 Y47.700 F1500
M5
G0 X37.000 Y47.700 F3000
M4 S2000
G1 X37.000 Y47.160 F1500
M5
G0 X37.000 Y47.160 F3000
M4 S2000
G1 X37.000 Y46.620 F1500
M5
G0 X37.000 Y46.620 F3000
M4 S2000
G1 X37.648 Y46.620 F1500
M5
G0 X37.648 Y47.160 F3000
M4 S2000
G1 X37.648 Y46.620 F1500
M5
G0 X37.000 Y47.160 F3000
M4 S2000
G1 X37.648 Y47.160 F1500
M5
G0 X37.864 Y47.160 F3000
M4 S2000
G1 X38.512 Y47.160 F1500
M5
G0 X38.728 Y47.700 F3000
M4 S2000
G1 X39.376 Y47.700 F1500
M5
G0 X39.376 Y47.700 F3000
M4 S2000
G1 X39.376 Y47.160 F1500
M5
G0 X39.376 Y47.160 F3000
M4 S2000
G1 X39.376 Y46.620 F1500
M5
G0 X38.728 Y46.620 F3000
M4 S2000
G1 X39.376 Y46.620 F1500
M5
G0 X38.728 Y47.160 F3000
M4 S2000
G1 X38.728 Y46.620 F1500
M5
G0 X38.728 Y47.700 F3000
M4 S2000
G1 X38.728 Y47.160 F1500
M5
G0 X39.592 Y47.700 F3000
M4 S2000
G1 X40.240 Y47.700 F1500
M5
G0 X40.240 Y47.700 F3000
M4 S2000
G1 X40.240 Y47.160 F1500
M5
G0 X39.592 Y47.160 F3000
M4 S2000
G1 X40.240 Y47.160 F1500
M5
G0 X39.592 Y47.160 F3000
M4 S2000
G1 X39.592 Y46.620 F1500
M5
G0 X39.592 Y46.620 F3000
M4 S2000
G1 X40.240 Y46.620 F1500
M5
G0 X40.456 Y47.700 F3000
M4 S2000
G1 X41.104 Y47.700 F1500
M5
G0 X40.456 Y47.700 F3000
M4 S2000
G1 X40.456 Y47.160 F1500
M5
G0 X40.456 Y47.160 F3000
M4 S2000
G1 X41.104 Y47.160 F1500
M5
G0 X40.456 Y47.160 F3000
M4 S2000
G1 X40.456 Y46.620 F1500
M5
G0 X41.104 Y47.160 F3000
M4 S2000
G1 X41.104 Y46.620 F1500
M5
G0 X40.456 Y46.620 F3000
M4 S2000
G1 X41.104 Y46.620 F1500
M5
G0 X24.000 Y40.000 F3000
M4 S0
G1 X29.000 Y40.000 F1750 S0
G1 X34.000 Y40.000 F1750 S10000
G1 X39.000 Y40.000 F1750 S0
G0 X39.000 Y40.080 F3000
G1 X34.000 Y40.080 F1750 S0
G1 X29.000 Y40.080 F1750 S10000
G1 X24.000 Y40.080 F1750 S0
G0 X24.000 Y40.160 F3000
G1 X29.000 Y40.160 F1750 S0
G1 X34.000 Y40.160 F1750 S10000
G1 X39.000 Y40.160 F1750 S0
G0 X39.000 Y40.240 F3000
G1 X34.000 Y40.240 F1750 S0
G1 X29.000 Y40.240 F1750 S10000
G1 X24.000 Y40.240 F1750 S0
G0 X24.000 Y40.320 F3000
G1 X29.000 Y40.320 F1750 S0
G1 X34.000 Y40.320 F1750 S10000
G1 X39.000 Y40.320 F1750 S0
G0 X39.000 Y40.400 F3000
G1 X34.000 Y40.400 F1750 S0
G1 X29.000 Y40.400 F1750 S10000
G1 X24.000 Y40.400 F1750 S0
G0 X24.000 Y40.480 F3000
G1 X29.000 Y40.480 F1750 S0
G1 X34.000 Y40.480 F1750 S10000
G1 X39.000 Y40.480 F1750 S0
G0 X39.000 Y40.560 F3000
G1 X34.000 Y40.560 F1750 S0
G1 X29.000 Y40.560 F1750 S10000
G1 X24.000 Y40.560 F1750 S0
G0 X24.000 Y40.640 F3000
G1 X29.000 Y40.640 F1750 S0
G1 X34.000 Y40.640 F1750 S10000
G1 X39.000 Y40.640 F1750 S0
G0 X39.000 Y40.720 F3000
G1 X34.000 Y40.720 F1750 S0
G1 X29.000 Y40.720 F1750 S10000
G1 X24.000 Y40.720 F1750 S0
G0 X24.000 Y40.800 F3000
G1 X29.000 Y40.800 F1750 S0
G1 X34.000 Y40.800 F1750 S10000
G1 X39.000 Y40.800 F1750 S0
G0 X39.000 Y40.880 F3000
G1 X34.000 Y40.880 F1750 S0
G1 X29.000 Y40.880 F1750 S10000
G1 X24.000 Y40.880 F1750 S0
G0 X24.000 Y40.960 F3000
G1 X29.000 Y40.960 F1750 S0
G1 X34.000 Y40.960 F1750 S10000
G1 X39.000 Y40.960 F1750 S0
G0 X39.000 Y41.040 F3000
G1 X34.000 Y41.040 F1750 S0
G1 X29.000 Y41.040 F1750 S10000
G1 X24.000 Y41.040 F1750 S0
G0 X24.000 Y41.120 F3000
G1 X29.000 Y41.120 F1750 S0
G1 X34.000 Y41.120 F1750 S10000
G1 X39.000 Y41.120 F1750 S0
G0 X39.000 Y41.200 F3000
G1 X34.000 Y41.200 F1750 S0
G1 X29.000 Y41.200 F1750 S10000
G1 X24.000 Y41.200 F1750 S0
G0 X24.000 Y41.280 F3000
G1 X29.000 Y41.280 F1750 S0
G1 X34.000 Y41.280 F1750 S10000
G1 X39.000 Y41.280 F1750 S0
G0 X39.000 Y41.360 F3000
G1 X34.000 Y41.360 F1750 S0
G1 X29.000 Y41.360 F1750 S10000
G1 X24.000 Y41.360 F1750 S0
G0 X24.000 Y41.440 F3000
G1 X29.000 Y41.440 F1750 S0
G1 X34.000 Y41.440 F1750 S10000
G1 X39.000 Y41.440 F1750 S0
G0 X39.000 Y41.520 F3000
G1 X34.000 Y41.520 F1750 S0
G1 X29.000 Y41.520 F1750 S10000
G1 X24.000 Y41.520 F1750 S0
G0 X24.000 Y41.600 F3000
G1 X29.000 Y41.600 F1750 S0
G1 X34.000 Y41.600 F1750 S10000
G1 X39.000 Y41.600 F1750 S0
G0 X39.000 Y41.680 F3000
G1 X34.000 Y41.680 F1750 S0
G1 X29.000 Y41.680 F1750 S10000
G1 X24.000 Y41.680 F1750 S0
G0 X24.000 Y41.760 F3000
G1 X29.000 Y41.760 F1750 S0
G1 X34.000 Y41.760 F1750 S10000
G1 X39.000 Y41.760 F1750 S0
G0 X39.000 Y41.840 F3000
G1 X34.000 Y41.840 F1750 S0
G1 X29.000 Y41.840 F1750 S10000
G1 X24.000 Y41.840 F1750 S0
G0 X24.000 Y41.920 F3000
G1 X29.000 Y41.920 F1750 S0
G1 X34.000 Y41.920 F1750 S10000
G1 X39.000 Y41.920 F1750 S0
G0 X39.000 Y42.000 F3000
G1 X34.000 Y42.000 F1750 S0
G1 X29.000 Y42.000 F1750 S10000
G1 X24.000 Y42.000 F1750 S0
G0 X24.000 Y42.080 F3000
G1 X29.000 Y42.080 F1750 S0
G1 X34.000 Y42.080 F1750 S10000
G1 X39.000 Y42.080 F1750 S0
G0 X39.000 Y42.160 F3000
G1 X34.000 Y42.160 F1750 S0
G1 X29.000 Y42.160 F1750 S10000
G1 X24.000 Y42.160 F1750 S0
G0 X24.000 Y42.240 F3000
G1 X29.000 Y42.240 F1750 S0
G1 X34.000 Y42.240 F1750 S10000
G1 X39.000 Y42.240 F1750 S0
G0 X39.000 Y42.320 F3000
G1 X34.000 Y42.320 F1750 S0
G1 X29.000 Y42.320 F1750 S10000
G1 X24.000 Y42.320 F1750 S0
G0 X24.000 Y42.400 F3000
G1 X29.000 Y42.400 F1750 S0
G1 X34.000 Y42.400 F1750 S10000
G1 X39.000 Y42.400 F1750 S0
G0 X39.000 Y42.480 F3000
G1 X34.000 Y42.480 F1750 S0
G1 X29.000 Y42.480 F1750 S10000
G1 X24.000 Y42.480 F1750 S0
G0 X24.000 Y42.560 F3000
G1 X29.000 Y42.560 F1750 S0
G1 X34.000 Y42.560 F1750 S10000
G1 X39.000 Y42.560 F1750 S0
G0 X39.000 Y42.640 F3000
G1 X34.000 Y42.640 F1750 S0
G1 X29.000 Y42.640 F1750 S10000
G1 X24.000 Y42.640 F1750 S0
G0 X24.000 Y42.720 F3000
G1 X29.000 Y42.720 F1750 S0
G1 X34.000 Y42.720 F1750 S10000
G1 X39.000 Y42.720 F1750 S0
G0 X39.000 Y42.800 F3000
G1 X34.000 Y42.800 F1750 S0
G1 X29.000 Y42.800 F1750 S10000
G1 X24.000 Y42.800 F1750 S0
G0 X24.000 Y42.880 F3000
G1 X29.000 Y42.880 F1750 S0
G1 X34.000 Y42.880 F1750 S10000
G1 X39.000 Y42.880 F1750 S0
G0 X39.000 Y42.960 F3000
G1 X34.000 Y42.960 F1750 S0
G1 X29.000 Y42.960 F1750 S10000
G1 X24.000 Y42.960 F1750 S0
G0 X24.000 Y43.040 F3000
G1 X29.000 Y43.040 F1750 S0
G1 X34.000 Y43.040 F1750 S10000
G1 X39.000 Y43.040 F1750 S0
G0 X39.000 Y43.120 F3000
G1 X34.000 Y43.120 F1750 S0
G1 X29.000 Y43.120 F1750 S10000
G1 X24.000 Y43.120 F1750 S0
G0 X24.000 Y43.200 F3000
G1 X29.000 Y43.200 F1750 S0
G1 X34.000 Y43.200 F1750 S10000
G1 X39.000 Y43.200 F1750 S0
G0 X39.000 Y43.280 F3000
G1 X34.000 Y43.280 F1750 S0
G1 X29.000 Y43.280 F1750 S10000
G1 X24.000 Y43.280 F1750 S0
G0 X24.000 Y43.360 F3000
G1 X29.000 Y43.360 F1750 S0
G1 X34.000 Y43.360 F1750 S10000
G1 X39.000 Y43.360 F1750 S0
G0 X39.000 Y43.440 F3000
G1 X34.000 Y43.440 F1750 S0
G1 X29.000 Y43.440 F1750 S10000
G1 X24.000 Y43.440 F1750 S0
G0 X24.000 Y43.520 F3000
G1 X29.000 Y43.520 F1750 S0
G1 X34.000 Y43.520 F1750 S10000
G1 X39.000 Y43.520 F1750 S0
G0 X39.000 Y43.600 F3000
G1 X34.000 Y43.600 F1750 S0
G1 X29.000 Y43.600 F1750 S10000
G1 X24.000 Y43.600 F1750 S0
G0 X24.000 Y43.680 F3000
G1 X29.000 Y43.680 F1750 S0
G1 X34.000 Y43.680 F1750 S10000
G1 X39.000 Y43.680 F1750 S0
G0 X39.000 Y43.760 F3000
G1 X34.000 Y43.760 F1750 S0
G1 X29.000 Y43.760 F1750 S10000
G1 X24.000 Y43.760 F1750 S0
G0 X24.000 Y43.840 F3000
G1 X29.000 Y43.840 F1750 S0
G1 X34.000 Y43.840 F1750 S10000
G1 X39.000 Y43.840 F1750 S0
G0 X39.000 Y43.920 F3000
G1 X34.000 Y43.920 F1750 S0
G1 X29.000 Y43.920 F1750 S10000
G1 X24.000 Y43.920 F1750 S0
G0 X24.000 Y44.000 F3000
G1 X29.000 Y44.000 F1750 S0
G1 X34.000 Y44.000 F1750 S10000
G1 X39.000 Y44.000 F1750 S0
G0 X39.000 Y44.080 F3000
G1 X34.000 Y44.080 F1750 S0
G1 X29.000 Y44.080 F1750 S10000
G1 X24.000 Y44.080 F1750 S0
G0 X24.000 Y44.160 F3000
G1 X29.000 Y44.160 F1750 S0
G1 X34.000 Y44.160 F1750 S10000
G1 X39.000 Y44.160 F1750 S0
G0 X39.000 Y44.240 F3000
G1 X34.000 Y44.240 F1750 S0
G1 X29.000 Y44.240 F1750 S10000
G1 X24.000 Y44.240 F1750 S0
G0 X24.000 Y44.320 F3000
G1 X29.000 Y44.320 F1750 S0
G1 X34.000 Y44.320 F1750 S10000
G1 X39.000 Y44.320 F1750 S0
G0 X39.000 Y44.400 F3000
G1 X34.000 Y44.400 F1750 S0
G1 X29.000 Y44.400 F1750 S10000
G1 X24.000 Y44.400 F1750 S0
G0 X24.000 Y44.480 F3000
G1 X29.000 Y44.480 F1750 S0
G1 X34.000 Y44.480 F1750 S10000
G1 X39.000 Y44.480 F1750 S0
G0 X39.000 Y44.560 F3000
G1 X34.000 Y44.560 F1750 S0
G1 X29.000 Y44.560 F1750 S10000
G1 X24.000 Y44.560 F1750 S0
G0 X24.000 Y44.640 F3000
G1 X29.000 Y44.640 F1750 S0
G1 X34.000 Y44.640 F1750 S10000
G1 X39.000 Y44.640 F1750 S0
G0 X39.000 Y44.720 F3000
G1 X34.000 Y44.720 F1750 S0
G1 X29.000 Y44.720 F1750 S10000
G1 X24.000 Y44.720 F1750 S0
G0 X24.000 Y44.800 F3000
G1 X29.000 Y44.800 F1750 S0
G1 X34.000 Y44.800 F1750 S10000
G1 X39.000 Y44.800 F1750 S0
G0 X39.000 Y44.880 F3000
G1 X34.000 Y44.880 F1750 S0
G1 X29.000 Y44.880 F1750 S10000
G1 X24.000 Y44.880 F1750 S0
G0 X24.000 Y44.960 F3000
G1 X29.000 Y44.960 F1750 S0
G1 X34.000 Y44.960 F1750 S10000
G1 X39.000 Y44.960 F1750 S0
M5
G0 X29.000 Y47.700 F3000
M4 S2000
G1 X29.648 Y47.700 F1500
M5
G0 X29.000 Y47.700 F3000
M4 S2000
G1 X29.000 Y47.160 F1500
M5
G0 X29.000 Y47.160 F3000
M4 S2000
G1 X29.000 Y46.620 F1500
M5
G0 X29.000 Y46.620 F3000
M4 S2000
G1 X29.648 Y46.620 F1500
M5
G0 X29.648 Y47.160 F3000
M4 S2000
G1 X29.648 Y46.620 F1500
M5
G0 X29.000 Y47.160 F3000
M4 S2000
G1 X29.648 Y47.160 F1500
M5
G0 X29.864 Y47.160 F3000
M4 S2000
G1 X30.512 Y47.160 F1500
M5
G0 X30.728 Y47.700 F3000
M4 S2000
G1 X31.376 Y47.700 F1500
M5
G0 X31.376 Y47.700 F3000
M4 S2000
G1 X31.376 Y47.160 F1500
M5
G0 X31.376 Y47.160 F3000
M4 S2000
G1 X31.376 Y46.620 F1500
M5
G0 X30.728 Y46.620 F3000
M4 S2000
G1 X31.376 Y46.620 F1500
M5
G0 X30.728 Y47.160 F3000
M4 S2000
G1 X30.728 Y46.620 F1500
M5
G0 X30.728 Y47.700 F3000
M4 S2000
G1 X30.728 Y47.160 F1500
M5
G0 X31.592 Y47.700 F3000
M4 S2000
G1 X32.240 Y47.700 F1500
M5
G0 X32.240 Y47.700 F3000
M4 S2000
G1 X32.240 Y47.160 F1500
M5
G0 X31.592 Y47.160 F3000
M4 S2000
G1 X32.240 Y47.160 F1500
M5
G0 X31.592 Y47.160 F3000
M4 S2000
G1 X31.592 Y46.620 F1500
M5
G0 X31.592 Y46.620 F3000
M4 S2000
G1 X32.240 Y46.620 F1500
M5
G0 X32.456 Y47.700 F3000
M4 S2000
G1 X33.104 Y47.700 F1500
M5
G0 X33.104 Y47.700 F3000
M4 S2000
G1 X33.104 Y47.160 F1500
M5
G0 X33.104 Y47.160 F3000
M4 S2000
G1 X33.104 Y46.620 F1500
M5
G0 X16.000 Y40.000 F3000
M4 S0
G1 X21.000 Y40.000 F1500 S0
G1 X26.000 Y40.000 F1500 S10000
G1 X31.000 Y40.000 F1500 S0
G0 X31.000 Y40.080 F3000
G1 X26.000 Y40.080 F1500 S0
G1 X21.000 Y40.080 F1500 S10000
G1 X16.000 Y40.080 F1500 S0
G0 X16.000 Y40.160 F3000
G1 X21.000 Y40.160 F1500 S0
G1 X26.000 Y40.160 F1500 S10000
G1 X31.000 Y40.160 F1500 S0
G0 X31.000 Y40.240 F3000
G1 X26.000 Y40.240 F1500 S0
G1 X21.000 Y40.240 F1500 S10000
G1 X16.000 Y40.240 F1500 S0
G0 X16.000 Y40.320 F3000
G1 X21.000 Y40.320 F1500 S0
G1 X26.000 Y40.320 F1500 S10000
G1 X31.000 Y40.320 F1500 S0
G0 X31.000 Y40.400 F3000
G1 X26.000 Y40.400 F1500 S0
G1 X21.000 Y40.400 F1500 S10000
G1 X16.000 Y40.400 F1500 S0
G0 X16.000 Y40.480 F3000
G1 X21.000 Y40.480 F1500 S0
G1 X26.000 Y40.480 F1500 S10000
G1 X31.000 Y40.480 F1500 S0
G0 X31.000 Y40.560 F3000
G1 X26.000 Y40.560 F1500 S0
G1 X21.000 Y40.560 F1500 S10000
G1 X16.000 Y40.560 F1500 S0
G0 X16.000 Y40.640 F3000
G1 X21.000 Y40.640 F1500 S0
G1 X26.000 Y40.640 F1500 S10000
G1 X31.000 Y40.640 F1500 S0
G0 X31.000 Y40.720 F3000
G1 X26.000 Y40.720 F1500 S0
G1 X21.000 Y40.720 F1500 S10000
G1 X16.000 Y40.720 F1500 S0
G0 X16.000 Y40.800 F3000
G1 X21.000 Y40.800 F1500 S0
G1 X26.000 Y40.800 F1500 S10000
G1 X31.000 Y40.800 F1500 S0
G0 X31.000 Y40.880 F3000
G1 X26.000 Y40.880 F1500 S0
G1 X21.000 Y40.880 F1500 S10000
G1 X16.000 Y40.880 F1500 S0
G0 X16.000 Y40.960 F3000
G1 X21.000 Y40.960 F1500 S0
G1 X26.000 Y40.960 F1500 S10000
G1 X31.000 Y40.960 F1500 S0
G0 X31.000 Y41.040 F3000
G1 X26.000 Y41.040 F1500 S0
G1 X21.000 Y41.040 F1500 S10000
G1 X16.000 Y41.040 F1500 S0
G0 X16.000 Y41.120 F3000
G1 X21.000 Y41.120 F1500 S0
G1 X26.000 Y41.120 F1500 S10000
G1 X31.000 Y41.120 F1500 S0
G0 X31.000 Y41.200 F3000
G1 X26.000 Y41.200 F1500 S0
G1 X21.000 Y41.200 F1500 S10000
G1 X16.000 Y41.200 F1500 S0
G0 X16.000 Y41.280 F3000
G1 X21.000 Y41.280 F1500 S0
G1 X26.000 Y41.280 F1500 S10000
G1 X31.000 Y41.280 F1500 S0
G0 X31.000 Y41.360 F3000
G1 X26.000 Y41.360 F1500 S0
G1 X21.000 Y41.360 F1500 S10000
G1 X16.000 Y41.360 F1500 S0
G0 X16.000 Y41.440 F3000
G1 X21.000 Y41.440 F1500 S0
G1 X26.000 Y41.440 F1500 S10000
G1 X31.000 Y41.440 F1500 S0
G0 X31.000 Y41.520 F3000
G1 X26.000 Y41.520 F1500 S0
G1 X21.000 Y41.520 F1500 S10000
G1 X16.000 Y41.520 F1500 S0
G0 X16.000 Y41.600 F3000
G1 X21.000 Y41.600 F1500 S0
G1 X26.000 Y41.600 F1500 S10000
G1 X31.000 Y41.600 F1500 S0
G0 X31.000 Y41.680 F3000
G1 X26.000 Y41.680 F1500 S0
G1 X21.000 Y41.680 F1500 S10000
G1 X16.000 Y41.680 F1500 S0
G0 X16.000 Y41.760 F3000
G1 X21.000 Y41.760 F1500 S0
G1 X26.000 Y41.760 F1500 S10000
G1 X31.000 Y41.760 F1500 S0
G0 X31.000 Y41.840 F3000
G1 X26.000 Y41.840 F1500 S0
G1 X21.000 Y41.840 F1500 S10000
G1 X16.000 Y41.840 F1500 S0
G0 X16.000 Y41.920 F3000
G1 X21.000 Y41.920 F1500 S0
G1 X26.000 Y41.920 F1500 S10000
G1 X31.000 Y41.920 F1500 S0
G0 X31.000 Y42.000 F3000
G1 X26.000 Y42.000 F1500 S0
G1 X21.000 Y42.000 F1500 S10000
G1 X16.000 Y42.000 F1500 S0
G0 X16.000 Y42.080 F3000
G1 X21.000 Y42.080 F1500 S0
G1 X26.000 Y42.080 F1500 S10000
G1 X31.000 Y42.080 F1500 S0
G0 X31.000 Y42.160 F3000
G1 X26.000 Y42.160 F1500 S0
G1 X21.000 Y42.160 F1500 S10000
G1 X16.000 Y42.160 F1500 S0
G0 X16.000 Y42.240 F3000
G1 X21.000 Y42.240 F1500 S0
G1 X26.000 Y42.240 F1500 S10000
G1 X31.000 Y42.240 F1500 S0
G0 X31.000 Y42.320 F3000
G1 X26.000 Y42.320 F1500 S0
G1 X21.000 Y42.320 F1500 S10000
G1 X16.000 Y42.320 F1500 S0
G0 X16.000 Y42.400 F3000
G1 X21.000 Y42.400 F1500 S0
G1 X26.000 Y42.400 F1500 S10000
G1 X31.000 Y42.400 F1500 S0
G0 X31.000 Y42.480 F3000
G1 X26.000 Y42.480 F1500 S0
G1 X21.000 Y42.480 F1500 S10000
G1 X16.000 Y42.480 F1500 S0
G0 X16.000 Y42.560 F3000
G1 X21.000 Y42.560 F1500 S0
G1 X26.000 Y42.560 F1500 S10000
G1 X31.000 Y42.560 F1500 S0
G0 X31.000 Y42.640 F3000
G1 X26.000 Y42.640 F1500 S0
G1 X21.000 Y42.640 F1500 S10000
G1 X16.000 Y42.640 F1500 S0
G0 X16.000 Y42.720 F3000
G1 X21.000 Y42.720 F1500 S0
G1 X26.000 Y42.720 F1500 S10000
G1 X31.000 Y42.720 F1500 S0
G0 X31.000 Y42.800 F3000
G1 X26.000 Y42.800 F1500 S0
G1 X21.000 Y42.800 F1500 S10000
G1 X16.000 Y42.800 F1500 S0
G0 X16.000 Y42.880 F3000
G1 X21.000 Y42.880 F1500 S0
G1 X26.000 Y42.880 F1500 S10000
G1 X31.000 Y42.880 F1500 S0
G0 X31.000 Y42.960 F3000
G1 X26.000 Y42.960 F1500 S0
G1 X21.000 Y42.960 F1500 S10000
G1 X16.000 Y42.960 F1500 S0
G0 X16.000 Y43.040 F3000
G1 X21.000 Y43.040 F1500 S0
G1 X26.000 Y43.040 F1500 S10000
G1 X31.000 Y43.040 F1500 S0
G0 X31.000 Y43.120 F3000
G1 X26.000 Y43.120 F1500 S0
G1 X21.000 Y43.120 F1500 S10000
G1 X16.000 Y43.120 F1500 S0
G0 X16.000 Y43.200 F3000
G1 X21.000 Y43.200 F1500 S0
G1 X26.000 Y43.200 F1500 S10000
G1 X31.000 Y43.200 F1500 S0
G0 X31.000 Y43.280 F3000
G1 X26.000 Y43.280 F1500 S0
G1 X21.000 Y43.280 F1500 S10000
G1 X16.000 Y43.280 F1500 S0
G0 X16.000 Y43.360 F3000
G1 X21.000 Y43.360 F1500 S0
G1 X26.000 Y43.360 F1500 S10000
G1 X31.000 Y43.360 F1500 S0
G0 X31.000 Y43.440 F3000
G1 X26.000 Y43.440 F1500 S0
G1 X21.000 Y43.440 F1500 S10000
G1 X16.000 Y43.440 F1500 S0
G0 X16.000 Y43.520 F3000
G1 X21.000 Y43.520 F1500 S0
G1 X26.000 Y43.520 F1500 S10000
G1 X31.000 Y43.520 F1500 S0
G0 X31.000 Y43.600 F3000
G1 X26.000 Y43.600 F1500 S0
G1 X21.000 Y43.600 F1500 S10000
G1 X16.000 Y43.600 F1500 S0
G0 X16.000 Y43.680 F3000
G1 X21.000 Y43.680 F1500 S0
G1 X26.000 Y43.680 F1500 S10000
G1 X31.000 Y43.680 F1500 S0
G0 X31.000 Y43.760 F3000
G1 X26.000 Y43.760 F1500 S0
G1 X21.000 Y43.760 F1500 S10000
G1 X16.000 Y43.760 F1500 S0
G0 X16.000 Y43.840 F3000
G1 X21.000 Y43.840 F1500 S0
G1 X26.000 Y43.840 F1500 S10000
G1 X31.000 Y43.840 F1500 S0
G0 X31.000 Y43.920 F3000
G1 X26.000 Y43.920 F1500 S0
G1 X21.000 Y43.920 F1500 S10000
G1 X16.000 Y43.920 F1500 S0
G0 X16.000 Y44.000 F3000
G1 X21.000 Y44.000 F1500 S0
G1 X26.000 Y44.000 F1500 S10000
G1 X31.000 Y44.000 F1500 S0
G0 X31.000 Y44.080 F3000
G1 X26.000 Y44.080 F1500 S0
G1 X21.000 Y44.080 F1500 S10000
G1 X16.000 Y44.080 F1500 S0
G0 X16.000 Y44.160 F3000
G1 X21.000 Y44.160 F1500 S0
G1 X26.000 Y44.160 F1500 S10000
G1 X31.000 Y44.160 F1500 S0
G0 X31.000 Y44.240 F3000
G1 X26.000 Y44.240 F1500 S0
G1 X21.000 Y44.240 F1500 S10000
G1 X16.000 Y44.240 F1500 S0
G0 X16.000 Y44.320 F3000
G1 X21.000 Y44.320 F1500 S0
G1 X26.000 Y44.320 F1500 S10000
G1 X31.000 Y44.320 F1500 S0
G0 X31.000 Y44.400 F3000
G1 X26.000 Y44.400 F1500 S0
G1 X21.000 Y44.400 F1500 S10000
G1 X16.000 Y44.400 F1500 S0
G0 X16.000 Y44.480 F3000
G1 X21.000 Y44.480 F1500 S0
G1 X26.000 Y44.480 F1500 S10000
G1 X31.000 Y44.480 F1500 S0
G0 X31.000 Y44.560 F3000
G1 X26.000 Y44.560 F1500 S0
G1 X21.000 Y44.560 F1500 S10000
G1 X16.000 Y44.560 F1500 S0
G0 X16.000 Y44.640 F3000
G1 X21.000 Y44.640 F1500 S0
G1 X26.000 Y44.640 F1500 S10000
G1 X31.000 Y44.640 F1500 S0
G0 X31.000 Y44.720 F3000
G1 X26.000 Y44.720 F1500 S0
G1 X21.000 Y44.720 F1500 S10000
G1 X16.000 Y44.720 F1500 S0
G0 X16.000 Y44.800 F3000
G1 X21.000 Y44.800 F1500 S0
G1 X26.000 Y44.800 F1500 S10000
G1 X31.000 Y44.800 F1500 S0
G0 X31.000 Y44.880 F3000
G1 X26.000 Y44.880 F1500 S0
G1 X21.000 Y44.880 F1500 S10000
G1 X16.000 Y44.880 F1500 S0
G0 X16.000 Y44.960 F3000
G1 X21.000 Y44.960 F1500 S0
G1 X26.000 Y44.960 F1500 S10000
G1 X31.000 Y44.960 F1500 S0
M5
G0 X21.000 Y47.700 F3000
M4 S2000
G1 X21.648 Y47.700 F1500
M5
G0 X21.000 Y47.700 F3000
M4 S2000
G1 X21.000 Y47.160 F1500
M5
G0 X21.000 Y47.160 F3000
M4 S2000
G1 X21.000 Y46.620 F1500
M5
G0 X21.000 Y46.620 F3000
M4 S2000
G1 X21.648 Y46.620 F1500
M5
G0 X21.648 Y47.160 F3000
M4 S2000
G1 X21.648 Y46.620 F1500
M5
G0 X21.000 Y47.160 F3000
M4 S2000
G1 X21.648 Y47.160 F1500
M5
G0 X21.864 Y47.160 F3000
M4 S2000
G1 X22.512 Y47.160 F1500
M5
G0 X22.728 Y47.700 F3000
M4 S2000
G1 X23.376 Y47.700 F1500
M5
G0 X23.376 Y47.700 F3000
M4 S2000
G1 X23.376 Y47.160 F1500
M5
G0 X23.376 Y47.160 F3000
M4 S2000
G1 X23.376 Y46.620 F1500
M5
G0 X22.728 Y46.620 F3000
M4 S2000
G1 X23.376 Y46.620 F1500
M5
G0 X22.728 Y47.160 F3000
M4 S2000
G1 X22.728 Y46.620 F1500
M5
G0 X22.728 Y47.700 F3000
M4 S2000
G1 X22.728 Y47.160 F1500
M5
G0 X23.592 Y47.700 F3000
M4 S2000
G1 X24.240 Y47.700 F1500
M5
G0 X24.240 Y47.700 F3000
M4 S2000
G1 X24.240 Y47.160 F1500
M5
G0 X23.592 Y47.160 F3000
M4 S2000
G1 X24.240 Y47.160 F1500
M5
G0 X23.592 Y47.160 F3000
M4 S2000
G1 X23.592 Y46.620 F1500
M5
G0 X23.592 Y46.620 F3000
M4 S2000
G1 X24.240 Y46.620 F1500
M5
G0 X24.456 Y47.700 F3000
M4 S2000
G1 X25.104 Y47.700 F1500
M5
G0 X25.104 Y47.700 F3000
M4 S2000
G1 X25.104 Y47.160 F1500
M5
G0 X25.104 Y47.160 F3000
M4 S2000
G1 X25.104 Y46.620 F1500
M5
G0 X24.456 Y46.620 F3000
M4 S2000
G1 X25.104 Y46.620 F1500
M5
G0 X24.456 Y47.160 F3000
M4 S2000
G1 X24.456 Y46.620 F1500
M5
G0 X24.456 Y47.700 F3000
M4 S2000
G1 X24.456 Y47.160 F1500
M5
G0 X24.456 Y47.160 F3000
M4 S2000
G1 X25.104 Y47.160 F1500
M5
G0 X8.660 Y40.000 F3000
M4 S0
G1 X13.000 Y40.000 F1250 S0
G1 X18.000 Y40.000 F1250 S10000
G1 X22.340 Y40.000 F1250 S0
G0 X22.340 Y40.080 F3000
G1 X18.000 Y40.080 F1250 S0
G1 X13.000 Y40.080 F1250 S10000
G1 X8.660 Y40.080 F1250 S0
G0 X8.660 Y40.160 F3000
G1 X13.000 Y40.160 F1250 S0
G1 X18.000 Y40.160 F1250 S10000
G1 X22.340 Y40.160 F1250 S0
G0 X22.340 Y40.240 F3000
G1 X18.000 Y40.240 F1250 S0
G1 X13.000 Y40.240 F1250 S10000
G1 X8.660 Y40.240 F1250 S0
G0 X8.660 Y40.320 F3000
G1 X13.000 Y40.320 F1250 S0
G1 X18.000 Y40.320 F1250 S10000
G1 X22.340 Y40.320 F1250 S0
G0 X22.340 Y40.400 F3000
G1 X18.000 Y40.400 F1250 S0
G1 X13.000 Y40.400 F1250 S10000
G1 X8.660 Y40.400 F1250 S0
G0 X8.660 Y40.480 F3000
G1 X13.000 Y40.480 F1250 S0
G1 X18.000 Y40.480 F1250 S10000
G1 X22.340 Y40.480 F1250 S0
G0 X22.340 Y40.560 F3000
G1 X18.000 Y40.560 F1250 S0
G1 X13.000 Y40.560 F1250 S10000
G1 X8.660 Y40.560 F1250 S0
G0 X8.660 Y40.640 F3000
G1 X13.000 Y40.640 F1250 S0
G1 X18.000 Y40.640 F1250 S10000
G1 X22.340 Y40.640 F1250 S0
G0 X22.340 Y40.720 F3000
G1 X18.000 Y40.720 F1250 S0
G1 X13.000 Y40.720 F1250 S10000
G1 X8.660 Y40.720 F1250 S0
G0 X8.660 Y40.800 F3000
G1 X13.000 Y40.800 F1250 S0
G1 X18.000 Y40.800 F1250 S10000
G1 X22.340 Y40.800 F1250 S0
G0 X22.340 Y40.880 F3000
G1 X18.000 Y40.880 F1250 S0
G1 X13.000 Y40.880 F1250 S10000
G1 X8.660 Y40.880 F1250 S0
G0 X8.660 Y40.960 F3000
G1 X13.000 Y40.960 F1250 S0
G1 X18.000 Y40.960 F1250 S10000
G1 X22.340 Y40.960 F1250 S0
G0 X22.340 Y41.040 F3000
G1 X18.000 Y41.040 F1250 S0
G1 X13.000 Y41.040 F1250 S10000
G1 X8.660 Y41.040 F1250 S0
G0 X8.660 Y41.120 F3000
G1 X13.000 Y41.120 F1250 S0
G1 X18.000 Y41.120 F1250 S10000
G1 X22.340 Y41.120 F1250 S0
G0 X22.340 Y41.200 F3000
G1 X18.000 Y41.200 F1250 S0
G1 X13.000 Y41.200 F1250 S10000
G1 X8.660 Y41.200 F1250 S0
G0 X8.660 Y41.280 F3000
G1 X13.000 Y41.280 F1250 S0
G1 X18.000 Y41.280 F1250 S10000
G1 X22.340 Y41.280 F1250 S0
G0 X22.340 Y41.360 F3000
G1 X18.000 Y41.360 F1250 S0
G1 X13.000 Y41.360 F1250 S10000
G1 X8.660 Y41.360 F1250 S0
G0 X8.660 Y41.440 F3000
G1 X13.000 Y41.440 F1250 S0
G1 X18.000 Y41.440 F1250 S10000
G1 X22.340 Y41.440 F1250 S0
G0 X22.340 Y41.520 F3000
G1 X18.000 Y41.520 F1250 S0
G1 X13.000 Y41.520 F1250 S10000
G1 X8.660 Y41.520 F1250 S0
G0 X8.660 Y41.600 F3000
G1 X13.000 Y41.600 F1250 S0
G1 X18.000 Y41.600 F1250 S10000
G1 X22.340 Y41.600 F1250 S0
G0 X22.340 Y41.680 F3000
G1 X18.000 Y41.680 F1250 S0
G1 X13.000 Y41.680 F1250 S10000
G1 X8.660 Y41.680 F1250 S0
G0 X8.660 Y41.760 F3000
G1 X13.000 Y41.760 F1250 S0
G1 X18.000 Y41.760 F1250 S10000
G1 X22.340 Y41.760 F1250 S0
G0 X22.340 Y41.840 F3000
G1 X18.000 Y41.840 F1250 S0
G1 X13.000 Y41.840 F1250 S10000
G1 X8.660 Y41.840 F1250 S0
G0 X8.660 Y41.920 F3000
G1 X13.000 Y41.920 F1250 S0
G1 X18.000 Y41.920 F1250 S10000
G1 X22.340 Y41.920 F1250 S0
G0 X22.340 Y42.000 F3000
G1 X18.000 Y42.000 F1250 S0
G1 X13.000 Y42.000 F1250 S10000
G1 X8.660 Y42.000 F1250 S0
G0 X8.660 Y42.080 F3000
G1 X13.000 Y42.080 F1250 S0
G1 X18.000 Y42.080 F1250 S10000
G1 X22.340 Y42.080 F1250 S0
G0 X22.340 Y42.160 F3000
G1 X18.000 Y42.160 F1250 S0
G1 X13.000 Y42.160 F1250 S10000
G1 X8.660 Y42.160 F1250 S0
G0 X8.660 Y42.240 F3000
G1 X13.000 Y42.240 F1250 S0
G1 X18.000 Y42.240 F1250 S10000
G1 X22.340 Y42.240 F1250 S0
G0 X22.340 Y42.320 F3000
G1 X18.000 Y42.320 F1250 S0
G1 X13.000 Y42.320 F1250 S10000
G1 X8.660 Y42.320 F1250 S0
G0 X8.660 Y42.400 F3000
G1 X13.000 Y42.400 F1250 S0
G1 X18.000 Y42.400 F1250 S10000
G1 X22.340 Y42.400 F1250 S0
G0 X22.340 Y42.480 F3000
G1 X18.000 Y42.480 F1250 S0
G1 X13.000 Y42.480 F1250 S10000
G1 X8.660 Y42.480 F1250 S0
G0 X8.660 Y42.560 F3000
G1 X13.000 Y42.560 F1250 S0
G1 X18.000 Y42.560 F1250 S10000
G1 X22.340 Y42.560 F1250 S0
G0 X22.340 Y42.640 F3000
G1 X18.000 Y42.640 F1250 S0
G1 X13.000 Y42.640 F1250 S10000
G1 X8.660 Y42.640 F1250 S0
G0 X8.660 Y42.720 F3000
G1 X13.000 Y42.720 F1250 S0
G1 X18.000 Y42.720 F1250 S10000
G1 X22.340 Y42.720 F1250 S0
G0 X22.340 Y42.800 F3000
G1 X18.000 Y42.800 F1250 S0
G1 X13.000 Y42.800 F1250 S10000
G1 X8.660 Y42.800 F1250 S0
G0 X8.660 Y42.880 F3000
G1 X13.000 Y42.880 F1250 S0
G1 X18.000 Y42.880 F1250 S10000
G1 X22.340 Y42.880 F1250 S0
G0 X22.340 Y42.960 F3000
G1 X18.000 Y42.960 F1250 S0
G1 X13.000 Y42.960 F1250 S10000
G1 X8.660 Y42.960 F1250 S0
G0 X8.660 Y43.040 F3000
G1 X13.000 Y43.040 F1250 S0
G1 X18.000 Y43.040 F1250 S10000
G1 X22.340 Y43.040 F1250 S0
G0 X22.340 Y43.120 F3000
G1 X18.000 Y43.120 F1250 S0
G1 X13.000 Y43.120 F1250 S10000
G1 X8.660 Y43.120 F1250 S0
G0 X8.660 Y43.200 F3000
G1 X13.000 Y43.200 F1250 S0
G1 X18.000 Y43.200 F1250 S10000
G1 X22.340 Y43.200 F1250 S0
G0 X22.340 Y43.280 F3000
G1 X18.000 Y43.280 F1250 S0
G1 X13.000 Y43.280 F1250 S10000
G1 X8.660 Y43.280 F1250 S0
G0 X8.660 Y43.360 F3000
G1 X13.000 Y43.360 F1250 S0
G1 X18.000 Y43.360 F1250 S10000
G1 X22.340 Y43.360 F1250 S0
G0 X22.340 Y43.440 F3000
G1 X18.000 Y43.440 F1250 S0
G1 X13.000 Y43.440 F1250 S10000
G1 X8.660 Y43.440 F1250 S0
G0 X8.660 Y43.520 F3000
G1 X13.000 Y43.520 F1250 S0
G1 X18.000 Y43.520 F1250 S10000
G1 X22.340 Y43.520 F1250 S0
G0 X22.340 Y43.600 F3000
G1 X18.000 Y43.600 F1250 S0
G1 X13.000 Y43.600 F1250 S10000
G1 X8.660 Y43.600 F1250 S0
G0 X8.660 Y43.680 F3000
G1 X13.000 Y43.680 F1250 S0
G1 X18.000 Y43.680 F1250 S10000
G1 X22.340 Y43.680 F1250 S0
G0 X22.340 Y43.760 F3000
G1 X18.000 Y43.760 F1250 S0
G1 X13.000 Y43.760 F1250 S10000
G1 X8.660 Y43.760 F1250 S0
G0 X8.660 Y43.840 F3000
G1 X13.000 Y43.840 F1250 S0
G1 X18.000 Y43.840 F1250 S10000
G1 X22.340 Y43.840 F1250 S0
G0 X22.340 Y43.920 F3000
G1 X18.000 Y43.920 F1250 S0
G1 X13.000 Y43.920 F1250 S10000
G1 X8.660 Y43.920 F1250 S0
G0 X8.660 Y44.000 F3000
G1 X13.000 Y44.000 F1250 S0
G1 X18.000 Y44.000 F1250 S10000
G1 X22.340 Y44.000 F1250 S0
G0 X22.340 Y44.080 F3000
G1 X18.000 Y44.080 F1250 S0
G1 X13.000 Y44.080 F1250 S10000
G1 X8.660 Y44.080 F1250 S0
G0 X8.660 Y44.160 F3000
G1 X13.000 Y44.160 F1250 S0
G1 X18.000 Y44.160 F1250 S10000
G1 X22.340 Y44.160 F1250 S0
G0 X22.340 Y44.240 F3000
G1 X18.000 Y44.240 F1250 S0
G1 X13.000 Y44.240 F1250 S10000
G1 X8.660 Y44.240 F1250 S0
G0 X8.660 Y44.320 F3000
G1 X13.000 Y44.320 F1250 S0
G1 X18.000 Y44.320 F1250 S10000
G1 X22.340 Y44.320 F1250 S0
G0 X22.340 Y44.400 F3000
G1 X18.000 Y44.400 F1250 S0
G1 X13.000 Y44.400 F1250 S10000
G1 X8.660 Y44.400 F1250 S0
G0 X8.660 Y44.480 F3000
G1 X13.000 Y44.480 F1250 S0
G1 X18.000 Y44.480 F1250 S10000
G1 X22.340 Y44.480 F1250 S0
G0 X22.340 Y44.560 F3000
G1 X18.000 Y44.560 F1250 S0
G1 X13.000 Y44.560 F1250 S10000
G1 X8.660 Y44.560 F1250 S0
G0 X8.660 Y44.640 F3000
G1 X13.000 Y44.640 F1250 S0
G1 X18.000 Y44.640 F1250 S10000
G1 X22.340 Y44.640 F1250 S0
G0 X22.340 Y44.720 F3000
G1 X18.000 Y44.720 F1250 S0
G1 X13.000 Y44.720 F1250 S10000
G1 X8.660 Y44.720 F1250 S0
G0 X8.660 Y44.800 F3000
G1 X13.000 Y44.800 F1250 S0
G1 X18.000 Y44.800 F1250 S10000
G1 X22.340 Y44.800 F1250 S0
G0 X22.340 Y44.880 F3000
G1 X18.000 Y44.880 F1250 S0
G1 X13.000 Y44.880 F1250 S10000
G1 X8.660 Y44.880 F1250 S0
G0 X8.660 Y44.960 F3000
G1 X13.000 Y44.960 F1250 S0
G1 X18.000 Y44.960 F1250 S10000
G1 X22.340 Y44.960 F1250 S0
M5
G0 X13.000 Y47.700 F3000
M4 S2000
G1 X13.648 Y47.700 F1500
M5
G0 X13.000 Y47.700 F3000
M4 S2000
G1 X13.000 Y47.160 F1500
M5
G0 X13.000 Y47.160 F3000
M4 S2000
G1 X13.000 Y46.620 F1500
M5
G0 X13.000 Y46.620 F3000
M4 S2000
G1 X13.648 Y46.620 F1500
M5
G0 X13.648 Y47.160 F3000
M4 S2000
G1 X13.648 Y46.620 F1500
M5
G0 X13.000 Y47.160 F3000
M4 S2000
G1 X13.648 Y47.160 F1500
M5
G0 X13.864 Y47.160 F3000
M4 S2000
G1 X14.512 Y47.160 F1500
M5
G0 X14.728 Y47.700 F3000
M4 S2000
G1 X15.376 Y47.700 F1500
M5
G0 X15.376 Y47.700 F3000
M4 S2000
G1 X15.376 Y47.160 F1500
M5
G0 X15.376 Y47.160 F3000
M4 S2000
G1 X15.376 Y46.620 F1500
M5
G0 X14.728 Y46.620 F3000
M4 S2000
G1 X15.376 Y46.620 F1500
M5
G0 X14.728 Y47.160 F3000
M4 S2000
G1 X14.728 Y46.620 F1500
M5
G0 X14.728 Y47.700 F3000
M4 S2000
G1 X14.728 Y47.160 F1500
M5
G0 X15.592 Y47.700 F3000
M4 S2000
G1 X16.240 Y47.700 F1500
M5
G0 X16.240 Y47.700 F3000
M4 S2000
G1 X16.240 Y47.160 F1500
M5
G0 X15.592 Y47.160 F3000
M4 S2000
G1 X16.240 Y47.160 F1500
M5
G0 X15.592 Y47.160 F3000
M4 S2000
G1 X15.592 Y46.620 F1500
M5
G0 X15.592 Y46.620 F3000
M4 S2000
G1 X16.240 Y46.620 F1500
M5
G0 X16.456 Y47.700 F3000
M4 S2000
G1 X17.104 Y47.700 F1500
M5
G0 X17.104 Y47.700 F3000
M4 S2000
G1 X17.104 Y47.160 F1500
M5
G0 X17.104 Y47.160 F3000
M4 S2000
G1 X17.104 Y46.620 F1500
M5
G0 X16.456 Y46.620 F3000
M4 S2000
G1 X17.104 Y46.620 F1500
M5
G0 X16.456 Y47.700 F3000
M4 S2000
G1 X16.456 Y47.160 F1500
M5
G0 X16.456 Y47.160 F3000
M4 S2000
G1 X17.104 Y47.160 F1500
M5
G0 X2.222 Y40.000 F3000
M4 S0
G1 X5.000 Y40.000 F1000 S0
G1 X10.000 Y40.000 F1000 S10000
G1 X12.778 Y40.000 F1000 S0
G0 X12.778 Y40.080 F3000
G1 X10.000 Y40.080 F1000 S0
G1 X5.000 Y40.080 F1000 S10000
G1 X2.222 Y40.080 F1000 S0
G0 X2.222 Y40.160 F3000
G1 X5.000 Y40.160 F1000 S0
G1 X10.000 Y40.160 F1000 S10000
G1 X12.778 Y40.160 F1000 S0
G0 X12.778 Y40.240 F3000
G1 X10.000 Y40.240 F1000 S0
G1 X5.000 Y40.240 F1000 S10000
G1 X2.222 Y40.240 F1000 S0
G0 X2.222 Y40.320 F3000
G1 X5.000 Y40.320 F1000 S0
G1 X10.000 Y40.320 F1000 S10000
G1 X12.778 Y40.320 F1000 S0
G0 X12.778 Y40.400 F3000
G1 X10.000 Y40.400 F1000 S0
G1 X5.000 Y40.400 F1000 S10000
G1 X2.222 Y40.400 F1000 S0
G0 X2.222 Y40.480 F3000
G1 X5.000 Y40.480 F1000 S0
G1 X10.000 Y40.480 F1000 S10000
G1 X12.778 Y40.480 F1000 S0
G0 X12.778 Y40.560 F3000
G1 X10.000 Y40.560 F1000 S0
G1 X5.000 Y40.560 F1000 S10000
G1 X2.222 Y40.560 F1000 S0
G0 X2.222 Y40.640 F3000
G1 X5.000 Y40.640 F1000 S0
G1 X10.000 Y40.640 F1000 S10000
G1 X12.778 Y40.640 F1000 S0
G0 X12.778 Y40.720 F3000
G1 X10.000 Y40.720 F1000 S0
G1 X5.000 Y40.720 F1000 S10000
G1 X2.222 Y40.720 F1000 S0
G0 X2.222 Y40.800 F3000
G1 X5.000 Y40.800 F1000 S0
G1 X10.000 Y40.800 F1000 S10000
G1 X12.778 Y40.800 F1000 S0
G0 X12.778 Y40.880 F3000
G1 X10.000 Y40.880 F1000 S0
G1 X5.000 Y40.880 F1000 S10000
G1 X2.222 Y40.880 F1000 S0
G0 X2.222 Y40.960 F3000
G1 X5.000 Y40.960 F1000 S0
G1 X10.000 Y40.960 F1000 S10000
G1 X12.778 Y40.960 F1000 S0
G0 X12.778 Y41.040 F3000
G1 X10.000 Y41.040 F1000 S0
G1 X5.000 Y41.040 F1000 S10000
G1 X2.222 Y41.040 F1000 S0
G0 X2.222 Y41.120 F3000
G1 X5.000 Y41.120 F1000 S0
G1 X10.000 Y41.120 F1000 S10000
G1 X12.778 Y41.120 F1000 S0
G0 X12.778 Y41.200 F3000
G1 X10.000 Y41.200 F1000 S0
G1 X5.000 Y41.200 F1000 S10000
G1 X2.222 Y41.200 F1000 S0
G0 X2.222 Y41.280 F3000
G1 X5.000 Y41.280 F1000 S0
G1 X10.000 Y41.280 F1000 S10000
G1 X12.778 Y41.280 F1000 S0
G0 X12.778 Y41.360 F3000
G1 X10.000 Y41.360 F1000 S0
G1 X5.000 Y41.360 F1000 S10000
G1 X2.222 Y41.360 F1000 S0
G0 X2.222 Y41.440 F3000
G1 X5.000 Y41.440 F1000 S0
G1 X10.000 Y41.440 F1000 S10000
G1 X12.778 Y41.440 F1000 S0
G0 X12.778 Y41.520 F3000
G1 X10.000 Y41.520 F1000 S0
G1 X5.000 Y41.520 F1000 S10000
G1 X2.222 Y41.520 F1000 S0
G0 X2.222 Y41.600 F3000
G1 X5.000 Y41.600 F1000 S0
G1 X10.000 Y41.600 F1000 S10000
G1 X12.778 Y41.600 F1000 S0
G0 X12.778 Y41.680 F3000
G1 X10.000 Y41.680 F1000 S0
G1 X5.000 Y41.680 F1000 S10000
G1 X2.222 Y41.680 F1000 S0
G0 X2.222 Y41.760 F3000
G1 X5.000 Y41.760 F1000 S0
G1 X10.000 Y41.760 F1000 S10000
G1 X12.778 Y41.760 F1000 S0
G0 X12.778 Y41.840 F3000
G1 X10.000 Y41.840 F1000 S0
G1 X5.000 Y41.840 F1000 S10000
G1 X2.222 Y41.840 F1000 S0
G0 X2.222 Y41.920 F3000
G1 X5.000 Y41.920 F1000 S0
G1 X10.000 Y41.920 F1000 S10000
G1 X12.778 Y41.920 F1000 S0
G0 X12.778 Y42.000 F3000
G1 X10.000 Y42.000 F1000 S0
G1 X5.000 Y42.000 F1000 S10000
G1 X2.222 Y42.000 F1000 S0
G0 X2.222 Y42.080 F3000
G1 X5.000 Y42.080 F1000 S0
G1 X10.000 Y42.080 F1000 S10000
G1 X12.778 Y42.080 F1000 S0
G0 X12.778 Y42.160 F3000
G1 X10.000 Y42.160 F1000 S0
G1 X5.000 Y42.160 F1000 S10000
G1 X2.222 Y42.160 F1000 S0
G0 X2.222 Y42.240 F3000
G1 X5.000 Y42.240 F1000 S0
G1 X10.000 Y42.240 F1000 S10000
G1 X12.778 Y42.240 F1000 S0
G0 X12.778 Y42.320 F3000
G1 X10.000 Y42.320 F1000 S0
G1 X5.000 Y42.320 F1000 S10000
G1 X2.222 Y42.320 F1000 S0
G0 X2.222 Y42.400 F3000
G1 X5.000 Y42.400 F1000 S0
G1 X10.000 Y42.400 F1000 S10000
G1 X12.778 Y42.400 F1000 S0
G0 X12.778 Y42.480 F3000
G1 X10.000 Y42.480 F1000 S0
G1 X5.000 Y42.480 F1000 S10000
G1 X2.222 Y42.480 F1000 S0
G0 X2.222 Y42.560 F3000
G1 X5.000 Y42.560 F1000 S0
G1 X10.000 Y42.560 F1000 S10000
G1 X12.778 Y42.560 F1000 S0
G0 X12.778 Y42.640 F3000
G1 X10.000 Y42.640 F1000 S0
G1 X5.000 Y42.640 F1000 S10000
G1 X2.222 Y42.640 F1000 S0
G0 X2.222 Y42.720 F3000
G1 X5.000 Y42.720 F1000 S0
G1 X10.000 Y42.720 F1000 S10000
G1 X12.778 Y42.720 F1000 S0
G0 X12.778 Y42.800 F3000
G1 X10.000 Y42.800 F1000 S0
G1 X5.000 Y42.800 F1000 S10000
G1 X2.222 Y42.800 F1000 S0
G0 X2.222 Y42.880 F3000
G1 X5.000 Y42.880 F1000 S0
G1 X10.000 Y42.880 F1000 S10000
G1 X12.778 Y42.880 F1000 S0
G0 X12.778 Y42.960 F3000
G1 X10.000 Y42.960 F1000 S0
G1 X5.000 Y42.960 F1000 S10000
G1 X2.222 Y42.960 F1000 S0
G0 X2.222 Y43.040 F3000
G1 X5.000 Y43.040 F1000 S0
G1 X10.000 Y43.040 F1000 S10000
G1 X12.778 Y43.040 F1000 S0
G0 X12.778 Y43.120 F3000
G1 X10.000 Y43.120 F1000 S0
G1 X5.000 Y43.120 F1000 S10000
G1 X2.222 Y43.120 F1000 S0
G0 X2.222 Y43.200 F3000
G1 X5.000 Y43.200 F1000 S0
G1 X10.000 Y43.200 F1000 S10000
G1 X12.778 Y43.200 F1000 S0
G0 X12.778 Y43.280 F3000
G1 X10.000 Y43.280 F1000 S0
G1 X5.000 Y43.280 F1000 S10000
G1 X2.222 Y43.280 F1000 S0
G0 X2.222 Y43.360 F3000
G1 X5.000 Y43.360 F1000 S0
G1 X10.000 Y43.360 F1000 S10000
G1 X12.778 Y43.360 F1000 S0
G0 X12.778 Y43.440 F3000
G1 X10.000 Y43.440 F1000 S0
G1 X5.000 Y43.440 F1000 S10000
G1 X2.222 Y43.440 F1000 S0
G0 X2.222 Y43.520 F3000
G1 X5.000 Y43.520 F1000 S0
G1 X10.000 Y43.520 F1000 S10000
G1 X12.778 Y43.520 F1000 S0
G0 X12.778 Y43.600 F3000
G1 X10.000 Y43.600 F1000 S0
G1 X5.000 Y43.600 F1000 S10000
G1 X2.222 Y43.600 F1000 S0
G0 X2.222 Y43.680 F3000
G1 X5.000 Y43.680 F1000 S0
G1 X10.000 Y43.680 F1000 S10000
G1 X12.778 Y43.680 F1000 S0
G0 X12.778 Y43.760 F3000
G1 X10.000 Y43.760 F1000 S0
G1 X5.000 Y43.760 F1000 S10000
G1 X2.222 Y43.760 F1000 S0
G0 X2.222 Y43.840 F3000
G1 X5.000 Y43.840 F1000 S0
G1 X10.000 Y43.840 F1000 S10000
G1 X12.778 Y43.840 F1000 S0
G0 X12.778 Y43.920 F3000
G1 X10.000 Y43.920 F1000 S0
G1 X5.000 Y43.920 F1000 S10000
G1 X2.222 Y43.920 F1000 S0
G0 X2.222 Y44.000 F3000
G1 X5.000 Y44.000 F1000 S0
G1 X10.000 Y44.000 F1000 S10000
G1 X12.778 Y44.000 F1000 S0
G0 X12.778 Y44.080 F3000
G1 X10.000 Y44.080 F1000 S0
G1 X5.000 Y44.080 F1000 S10000
G1 X2.222 Y44.080 F1000 S0
G0 X2.222 Y44.160 F3000
G1 X5.000 Y44.160 F1000 S0
G1 X10.000 Y44.160 F1000 S10000
G1 X12.778 Y44.160 F1000 S0
G0 X12.778 Y44.240 F3000
G1 X10.000 Y44.240 F1000 S0
G1 X5.000 Y44.240 F1000 S10000
G1 X2.222 Y44.240 F1000 S0
G0 X2.222 Y44.320 F3000
G1 X5.000 Y44.320 F1000 S0
G1 X10.000 Y44.320 F1000 S10000
G1 X12.778 Y44.320 F1000 S0
G0 X12.778 Y44.400 F3000
G1 X10.000 Y44.400 F1000 S0
G1 X5.000 Y44.400 F1000 S10000
G1 X2.222 Y44.400 F1000 S0
G0 X2.222 Y44.480 F3000
G1 X5.000 Y44.480 F1000 S0
G1 X10.000 Y44.480 F1000 S10000
G1 X12.778 Y44.480 F1000 S0
G0 X12.778 Y44.560 F3000
G1 X10.000 Y44.560 F1000 S0
G1 X5.000 Y44.560 F1000 S10000
G1 X2.222 Y44.560 F1000 S0
G0 X2.222 Y44.640 F3000
G1 X5.000 Y44.640 F1000 S0
G1 X10.000 Y44.640 F1000 S10000
G1 X12.778 Y44.640 F1000 S0
G0 X12.778 Y44.720 F3000
G1 X10.000 Y44.720 F1000 S0
G1 X5.000 Y44.720 F1000 S10000
G1 X2.222 Y44.720 F1000 S0
G0 X2.222 Y44.800 F3000
G1 X5.000 Y44.800 F1000 S0
G1 X10.000 Y44.800 F1000 S10000
G1 X12.778 Y44.800 F1000 S0
G0 X12.778 Y44.880 F3000
G1 X10.000 Y44.880 F1000 S0
G1 X5.000 Y44.880 F1000 S10000
G1 X2.222 Y44.880 F1000 S0
G0 X2.222 Y44.960 F3000
G1 X5.000 Y44.960 F1000 S0
G1 X10.000 Y44.960 F1000 S10000
G1 X12.778 Y44.960 F1000 S0
M5
G0 X5.000 Y47.700 F3000
M4 S2000
G1 X5.648 Y47.700 F1500
M5
G0 X5.000 Y47.700 F3000
M4 S2000
G1 X5.000 Y47.160 F1500
M5
G0 X5.000 Y47.160 F3000
M4 S2000
G1 X5.000 Y46.620 F1500
M5
G0 X5.000 Y46.620 F3000
M4 S2000
G1 X5.648 Y46.620 F1500
M5
G0 X5.648 Y47.160 F3000
M4 S2000
G1 X5.648 Y46.620 F1500
M5
G0 X5.000 Y47.160 F3000
M4 S2000
G1 X5.648 Y47.160 F1500
M5
G0 X5.864 Y47.160 F3000
M4 S2000
G1 X6.512 Y47.160 F1500
M5
G0 X6.728 Y47.700 F3000
M4 S2000
G1 X7.376 Y47.700 F1500
M5
G0 X7.376 Y47.700 F3000
M4 S2000
G1 X7.376 Y47.160 F1500
M5
G0 X7.376 Y47.160 F3000
M4 S2000
G1 X7.376 Y46.620 F1500
M5
G0 X6.728 Y46.620 F3000
M4 S2000
G1 X7.376 Y46.620 F1500
M5
G0 X6.728 Y47.160 F3000
M4 S2000
G1 X6.728 Y46.620 F1500
M5
G0 X6.728 Y47.700 F3000
M4 S2000
G1 X6.728 Y47.160 F1500
M5
G0 X7.592 Y47.700 F3000
M4 S2000
G1 X8.240 Y47.700 F1500
M5
G0 X8.240 Y47.700 F3000
M4 S2000
G1 X8.240 Y47.160 F1500
M5
G0 X7.592 Y47.160 F3000
M4 S2000
G1 X8.240 Y47.160 F1500
M5
G0 X8.240 Y47.160 F3000
M4 S2000
G1 X8.240 Y46.620 F1500
M5
G0 X7.592 Y46.620 F3000
M4 S2000
G1 X8.240 Y46.620 F1500
M5
G0 X8.456 Y47.700 F3000
M4 S2000
G1 X9.104 Y47.700 F1500
M5
G0 X9.104 Y47.700 F3000
M4 S2000
G1 X9.104 Y47.160 F1500
M5
G0 X9.104 Y47.160 F3000
M4 S2000
G1 X9.104 Y46.620 F1500
M5
G0 X8.456 Y46.620 F3000
M4 S2000
G1 X9.104 Y46.620 F1500
M5
G0 X8.456 Y47.160 F3000
M4 S2000
G1 X8.456 Y46.620 F1500
M5
G0 X8.456 Y47.700 F3000
M4 S2000
G1 X8.456 Y47.160 F1500
M5
M5 ; laser apagado
G0 X0 Y0 ; volver al origen
