; Suite de CORTE -- MDF Trupan 3.0mm -- lote L01
; Generado por laser_toolkit -- no editar a mano, regenerar desde el YAML de configuracion
G21 ; unidades en milimetros
G90 ; posicionamiento absoluto
M5 ; laser apagado por seguridad al iniciar
G0 X2.624 Y26.794 F3000
M4 S700
G1 X16.402 Y26.794 F180
G1 X16.563 Y26.786 F180
G1 X16.720 Y26.762 F180
G1 X16.870 Y26.723 F180
G1 X17.015 Y26.670 F180
G1 X17.153 Y26.604 F180
G1 X17.283 Y26.525 F180
G1 X17.404 Y26.434 F180
G1 X17.516 Y26.332 F180
G1 X17.617 Y26.221 F180
G1 X17.708 Y26.099 F180
G1 X17.787 Y25.970 F180
G1 X17.853 Y25.832 F180
G1 X17.906 Y25.687 F180
G1 X17.945 Y25.536 F180
G1 X17.969 Y25.380 F180
G1 X17.977 Y25.219 F180
G1 X17.977 Y16.960 F180
G1 X1.049 Y16.960 F180
G1 X1.049 Y25.219 F180
G1 X1.057 Y25.380 F180
G1 X1.081 Y25.536 F180
G1 X1.120 Y25.687 F180
G1 X1.173 Y25.832 F180
G1 X1.239 Y25.969 F180
G1 X1.318 Y26.099 F180
G1 X1.409 Y26.220 F180
G1 X1.511 Y26.332 F180
G1 X1.622 Y26.434 F180
G1 X1.744 Y26.525 F180
G1 X1.873 Y26.604 F180
G1 X2.011 Y26.670 F180
G1 X2.156 Y26.723 F180
G1 X2.307 Y26.762 F180
G1 X2.463 Y26.786 F180
G1 X2.624 Y26.794 F180
G1 X2.624 Y26.794 F180
M5
G0 X28.951 Y21.416 F3000
M4 S700
G1 X28.929 Y20.979 F180
G1 X28.864 Y20.547 F180
G1 X28.757 Y20.122 F180
G1 X28.609 Y19.711 F180
G1 X28.420 Y19.315 F180
G1 X28.194 Y18.940 F180
G1 X27.931 Y18.589 F180
G1 X27.635 Y18.265 F180
G1 X27.309 Y17.971 F180
G1 X26.955 Y17.711 F180
G1 X26.577 Y17.486 F180
G1 X26.178 Y17.299 F180
G1 X25.763 Y17.152 F180
G1 X25.336 Y17.045 F180
G1 X24.900 Y16.981 F180
G1 X24.459 Y16.960 F180
G1 X24.019 Y16.981 F180
G1 X23.583 Y17.045 F180
G1 X23.156 Y17.152 F180
G1 X22.741 Y17.299 F180
G1 X22.342 Y17.486 F180
G1 X21.964 Y17.711 F180
G1 X21.610 Y17.971 F180
G1 X21.283 Y18.265 F180
G1 X20.987 Y18.589 F180
G1 X20.725 Y18.940 F180
G1 X20.498 Y19.315 F180
G1 X20.310 Y19.711 F180
G1 X20.161 Y20.122 F180
G1 X20.054 Y20.547 F180
G1 X19.990 Y20.979 F180
G1 X19.968 Y21.416 F180
G1 X19.990 Y21.853 F180
G1 X20.054 Y22.285 F180
G1 X20.161 Y22.709 F180
G1 X20.310 Y23.121 F180
G1 X20.498 Y23.516 F180
G1 X20.725 Y23.892 F180
G1 X20.987 Y24.243 F180
G1 X21.283 Y24.567 F180
G1 X21.610 Y24.861 F180
G1 X21.964 Y25.121 F180
G1 X22.342 Y25.346 F180
G1 X22.741 Y25.533 F180
G1 X23.156 Y25.680 F180
G1 X23.583 Y25.786 F180
G1 X24.019 Y25.851 F180
G1 X24.459 Y25.872 F180
G1 X24.900 Y25.851 F180
G1 X25.336 Y25.786 F180
G1 X25.763 Y25.680 F180
G1 X26.178 Y25.533 F180
G1 X26.577 Y25.346 F180
G1 X26.955 Y25.121 F180
G1 X27.309 Y24.861 F180
G1 X27.635 Y24.567 F180
G1 X27.931 Y24.243 F180
G1 X28.194 Y23.892 F180
G1 X28.420 Y23.516 F180
G1 X28.609 Y23.121 F180
G1 X28.757 Y22.709 F180
G1 X28.864 Y22.285 F180
G1 X28.929 Y21.853 F180
G1 X28.951 Y21.416 F180
M5
G0 X15.568 Y3.390 F3000
M4 S700
G1 X28.488 Y12.972 F180
G1 X28.633 Y13.098 F180
G1 X28.748 Y13.239 F180
G1 X28.835 Y13.391 F180
G1 X28.895 Y13.550 F180
G1 X28.928 Y13.714 F180
G1 X28.936 Y13.880 F180
G1 X28.919 Y14.044 F180
G1 X28.878 Y14.205 F180
G1 X28.815 Y14.357 F180
G1 X28.731 Y14.499 F180
G1 X28.626 Y14.628 F180
G1 X28.502 Y14.740 F180
G1 X28.359 Y14.833 F180
G1 X28.199 Y14.903 F180
G1 X28.022 Y14.947 F180
G1 X27.830 Y14.962 F180
G1 X2.192 Y14.962 F180
G1 X2.000 Y14.947 F180
G1 X1.823 Y14.903 F180
G1 X1.663 Y14.833 F180
G1 X1.520 Y14.740 F180
G1 X1.396 Y14.628 F180
G1 X1.291 Y14.499 F180
G1 X1.207 Y14.357 F180
G1 X1.144 Y14.205 F180
G1 X1.103 Y14.044 F180
G1 X1.086 Y13.880 F180
G1 X1.094 Y13.714 F180
G1 X1.127 Y13.550 F180
G1 X1.186 Y13.391 F180
G1 X1.273 Y13.239 F180
G1 X1.389 Y13.098 F180
G1 X1.534 Y12.972 F180
G1 X14.454 Y3.390 F180
G1 X14.517 Y3.347 F180
G1 X14.583 Y3.310 F180
G1 X14.651 Y3.278 F180
G1 X14.721 Y3.252 F180
G1 X14.792 Y3.232 F180
G1 X14.865 Y3.218 F180
G1 X14.937 Y3.209 F180
G1 X15.011 Y3.206 F180
G1 X15.084 Y3.209 F180
G1 X15.157 Y3.218 F180
G1 X15.229 Y3.232 F180
G1 X15.301 Y3.252 F180
G1 X15.370 Y3.278 F180
G1 X15.438 Y3.310 F180
G1 X15.504 Y3.347 F180
G1 X15.567 Y3.390 F180
G1 X15.568 Y3.390 F180
M5
; pasada 2/2: aplicar z_step_mm de la configuracion (ajuste manual de Z o G-code M-code segun el firmware)
G0 X2.624 Y26.794 F3000
M4 S700
G1 X16.402 Y26.794 F180
G1 X16.563 Y26.786 F180
G1 X16.720 Y26.762 F180
G1 X16.870 Y26.723 F180
G1 X17.015 Y26.670 F180
G1 X17.153 Y26.604 F180
G1 X17.283 Y26.525 F180
G1 X17.404 Y26.434 F180
G1 X17.516 Y26.332 F180
G1 X17.617 Y26.221 F180
G1 X17.708 Y26.099 F180
G1 X17.787 Y25.970 F180
G1 X17.853 Y25.832 F180
G1 X17.906 Y25.687 F180
G1 X17.945 Y25.536 F180
G1 X17.969 Y25.380 F180
G1 X17.977 Y25.219 F180
G1 X17.977 Y16.960 F180
G1 X1.049 Y16.960 F180
G1 X1.049 Y25.219 F180
G1 X1.057 Y25.380 F180
G1 X1.081 Y25.536 F180
G1 X1.120 Y25.687 F180
G1 X1.173 Y25.832 F180
G1 X1.239 Y25.969 F180
G1 X1.318 Y26.099 F180
G1 X1.409 Y26.220 F180
G1 X1.511 Y26.332 F180
G1 X1.622 Y26.434 F180
G1 X1.744 Y26.525 F180
G1 X1.873 Y26.604 F180
G1 X2.011 Y26.670 F180
G1 X2.156 Y26.723 F180
G1 X2.307 Y26.762 F180
G1 X2.463 Y26.786 F180
G1 X2.624 Y26.794 F180
G1 X2.624 Y26.794 F180
M5
G0 X28.951 Y21.416 F3000
M4 S700
G1 X28.929 Y20.979 F180
G1 X28.864 Y20.547 F180
G1 X28.757 Y20.122 F180
G1 X28.609 Y19.711 F180
G1 X28.420 Y19.315 F180
G1 X28.194 Y18.940 F180
G1 X27.931 Y18.589 F180
G1 X27.635 Y18.265 F180
G1 X27.309 Y17.971 F180
G1 X26.955 Y17.711 F180
G1 X26.577 Y17.486 F180
G1 X26.178 Y17.299 F180
G1 X25.763 Y17.152 F180
G1 X25.336 Y17.045 F180
G1 X24.900 Y16.981 F180
G1 X24.459 Y16.960 F180
G1 X24.019 Y16.981 F180
G1 X23.583 Y17.045 F180
G1 X23.156 Y17.152 F180
G1 X22.741 Y17.299 F180
G1 X22.342 Y17.486 F180
G1 X21.964 Y17.711 F180
G1 X21.610 Y17.971 F180
G1 X21.283 Y18.265 F180
G1 X20.987 Y18.589 F180
G1 X20.725 Y18.940 F180
G1 X20.498 Y19.315 F180
G1 X20.310 Y19.711 F180
G1 X20.161 Y20.122 F180
G1 X20.054 Y20.547 F180
G1 X19.990 Y20.979 F180
G1 X19.968 Y21.416 F180
G1 X19.990 Y21.853 F180
G1 X20.054 Y22.285 F180
G1 X20.161 Y22.709 F180
G1 X20.310 Y23.121 F180
G1 X20.498 Y23.516 F180
G1 X20.725 Y23.892 F180
G1 X20.987 Y24.243 F180
G1 X21.283 Y24.567 F180
G1 X21.610 Y24.861 F180
G1 X21.964 Y25.121 F180
G1 X22.342 Y25.346 F180
G1 X22.741 Y25.533 F180
G1 X23.156 Y25.680 F180
G1 X23.583 Y25.786 F180
G1 X24.019 Y25.851 F180
G1 X24.459 Y25.872 F180
G1 X24.900 Y25.851 F180
G1 X25.336 Y25.786 F180
G1 X25.763 Y25.680 F180
G1 X26.178 Y25.533 F180
G1 X26.577 Y25.346 F180
G1 X26.955 Y25.121 F180
G1 X27.309 Y24.861 F180
G1 X27.635 Y24.567 F180
G1 X27.931 Y24.243 F180
G1 X28.194 Y23.892 F180
G1 X28.420 Y23.516 F180
G1 X28.609 Y23.121 F180
G1 X28.757 Y22.709 F180
G1 X28.864 Y22.285 F180
G1 X28.929 Y21.853 F180
G1 X28.951 Y21.416 F180
M5
G0 X15.568 Y3.390 F3000
M4 S700
G1 X28.488 Y12.972 F180
G1 X28.633 Y13.098 F180
G1 X28.748 Y13.239 F180
G1 X28.835 Y13.391 F180
G1 X28.895 Y13.550 F180
G1 X28.928 Y13.714 F180
G1 X28.936 Y13.880 F180
G1 X28.919 Y14.044 F180
G1 X28.878 Y14.205 F180
G1 X28.815 Y14.357 F180
G1 X28.731 Y14.499 F180
G1 X28.626 Y14.628 F180
G1 X28.502 Y14.740 F180
G1 X28.359 Y14.833 F180
G1 X28.199 Y14.903 F180
G1 X28.022 Y14.947 F180
G1 X27.830 Y14.962 F180
G1 X2.192 Y14.962 F180
G1 X2.000 Y14.947 F180
G1 X1.823 Y14.903 F180
G1 X1.663 Y14.833 F180
G1 X1.520 Y14.740 F180
G1 X1.396 Y14.628 F180
G1 X1.291 Y14.499 F180
G1 X1.207 Y14.357 F180
G1 X1.144 Y14.205 F180
G1 X1.103 Y14.044 F180
G1 X1.086 Y13.880 F180
G1 X1.094 Y13.714 F180
G1 X1.127 Y13.550 F180
G1 X1.186 Y13.391 F180
G1 X1.273 Y13.239 F180
G1 X1.389 Y13.098 F180
G1 X1.534 Y12.972 F180
G1 X14.454 Y3.390 F180
G1 X14.517 Y3.347 F180
G1 X14.583 Y3.310 F180
G1 X14.651 Y3.278 F180
G1 X14.721 Y3.252 F180
G1 X14.792 Y3.232 F180
G1 X14.865 Y3.218 F180
G1 X14.937 Y3.209 F180
G1 X15.011 Y3.206 F180
G1 X15.084 Y3.209 F180
G1 X15.157 Y3.218 F180
G1 X15.229 Y3.232 F180
G1 X15.301 Y3.252 F180
G1 X15.370 Y3.278 F180
G1 X15.438 Y3.310 F180
G1 X15.504 Y3.347 F180
G1 X15.567 Y3.390 F180
G1 X15.568 Y3.390 F180
M5
G0 X0.000 Y35.000 F3000
M4 S200
G1 X1.200 Y35.000 F1500
M5
G0 X0.000 Y35.000 F3000
M4 S200
G1 X0.000 Y34.000 F1500
M5
G0 X0.000 Y34.000 F3000
M4 S200
G1 X0.000 Y33.000 F1500
M5
G0 X0.000 Y33.000 F3000
M4 S200
G1 X1.200 Y33.000 F1500
M5
G0 X1.600 Y34.000 F3000
M4 S200
G1 X2.800 Y34.000 F1500
M5
G0 X3.200 Y35.000 F3000
M4 S200
G1 X4.400 Y35.000 F1500
M5
G0 X4.400 Y35.000 F3000
M4 S200
G1 X4.400 Y34.000 F1500
M5
G0 X4.400 Y34.000 F3000
M4 S200
G1 X4.400 Y33.000 F1500
M5
G0 X3.200 Y33.000 F3000
M4 S200
G1 X4.400 Y33.000 F1500
M5
G0 X3.200 Y34.000 F3000
M4 S200
G1 X3.200 Y33.000 F1500
M5
G0 X3.200 Y35.000 F3000
M4 S200
G1 X3.200 Y34.000 F1500
M5
G0 X4.800 Y35.000 F3000
M4 S200
G1 X6.000 Y35.000 F1500
M5
G0 X6.000 Y35.000 F3000
M4 S200
G1 X6.000 Y34.000 F1500
M5
G0 X6.000 Y34.000 F3000
M4 S200
G1 X6.000 Y33.000 F1500
M5
G0 X4.800 Y33.000 F3000
M4 S200
G1 X6.000 Y33.000 F1500
M5
G0 X4.800 Y34.000 F3000
M4 S200
G1 X4.800 Y33.000 F1500
M5
G0 X4.800 Y35.000 F3000
M4 S200
G1 X4.800 Y34.000 F1500
M5
G0 X7.600 Y35.000 F3000
M4 S200
G1 X7.600 Y34.000 F1500
M5
G0 X7.600 Y34.000 F3000
M4 S200
G1 X7.600 Y33.000 F1500
M5
G0 X40.624 Y26.794 F3000
M4 S700
G1 X54.403 Y26.794 F210
G1 X54.563 Y26.786 F210
G1 X54.720 Y26.762 F210
G1 X54.870 Y26.723 F210
G1 X55.015 Y26.670 F210
G1 X55.153 Y26.604 F210
G1 X55.283 Y26.525 F210
G1 X55.404 Y26.434 F210
G1 X55.516 Y26.332 F210
G1 X55.617 Y26.221 F210
G1 X55.708 Y26.099 F210
G1 X55.787 Y25.970 F210
G1 X55.853 Y25.832 F210
G1 X55.906 Y25.687 F210
G1 X55.945 Y25.536 F210
G1 X55.969 Y25.380 F210
G1 X55.977 Y25.219 F210
G1 X55.977 Y16.960 F210
G1 X39.049 Y16.960 F210
G1 X39.049 Y25.219 F210
G1 X39.057 Y25.380 F210
G1 X39.081 Y25.536 F210
G1 X39.120 Y25.687 F210
G1 X39.173 Y25.832 F210
G1 X39.239 Y25.969 F210
G1 X39.318 Y26.099 F210
G1 X39.409 Y26.220 F210
G1 X39.511 Y26.332 F210
G1 X39.622 Y26.434 F210
G1 X39.744 Y26.525 F210
G1 X39.873 Y26.604 F210
G1 X40.011 Y26.670 F210
G1 X40.156 Y26.723 F210
G1 X40.307 Y26.762 F210
G1 X40.463 Y26.786 F210
G1 X40.624 Y26.794 F210
G1 X40.624 Y26.794 F210
M5
G0 X66.951 Y21.416 F3000
M4 S700
G1 X66.929 Y20.979 F210
G1 X66.864 Y20.547 F210
G1 X66.757 Y20.122 F210
G1 X66.609 Y19.711 F210
G1 X66.420 Y19.315 F210
G1 X66.194 Y18.940 F210
G1 X65.931 Y18.589 F210
G1 X65.635 Y18.265 F210
G1 X65.309 Y17.971 F210
G1 X64.955 Y17.711 F210
G1 X64.577 Y17.486 F210
G1 X64.178 Y17.299 F210
G1 X63.763 Y17.152 F210
G1 X63.336 Y17.045 F210
G1 X62.900 Y16.981 F210
G1 X62.459 Y16.960 F210
G1 X62.019 Y16.981 F210
G1 X61.583 Y17.045 F210
G1 X61.156 Y17.152 F210
G1 X60.741 Y17.299 F210
G1 X60.342 Y17.486 F210
G1 X59.964 Y17.711 F210
G1 X59.610 Y17.971 F210
G1 X59.283 Y18.265 F210
G1 X58.987 Y18.589 F210
G1 X58.725 Y18.940 F210
G1 X58.498 Y19.315 F210
G1 X58.310 Y19.711 F210
G1 X58.161 Y20.122 F210
G1 X58.054 Y20.547 F210
G1 X57.990 Y20.979 F210
G1 X57.968 Y21.416 F210
G1 X57.990 Y21.853 F210
G1 X58.054 Y22.285 F210
G1 X58.161 Y22.709 F210
G1 X58.310 Y23.121 F210
G1 X58.498 Y23.516 F210
G1 X58.725 Y23.892 F210
G1 X58.987 Y24.243 F210
G1 X59.283 Y24.567 F210
G1 X59.610 Y24.861 F210
G1 X59.964 Y25.121 F210
G1 X60.342 Y25.346 F210
G1 X60.741 Y25.533 F210
G1 X61.156 Y25.680 F210
G1 X61.583 Y25.786 F210
G1 X62.019 Y25.851 F210
G1 X62.459 Y25.872 F210
G1 X62.900 Y25.851 F210
G1 X63.336 Y25.786 F210
G1 X63.763 Y25.680 F210
G1 X64.178 Y25.533 F210
G1 X64.577 Y25.346 F210
G1 X64.955 Y25.121 F210
G1 X65.309 Y24.861 F210
G1 X65.635 Y24.567 F210
G1 X65.931 Y24.243 F210
G1 X66.194 Y23.892 F210
G1 X66.420 Y23.516 F210
G1 X66.609 Y23.121 F210
G1 X66.757 Y22.709 F210
G1 X66.864 Y22.285 F210
G1 X66.929 Y21.853 F210
G1 X66.951 Y21.416 F210
M5
G0 X53.568 Y3.390 F3000
M4 S700
G1 X66.488 Y12.972 F210
G1 X66.633 Y13.098 F210
G1 X66.748 Y13.239 F210
G1 X66.835 Y13.391 F210
G1 X66.895 Y13.550 F210
G1 X66.928 Y13.714 F210
G1 X66.936 Y13.880 F210
G1 X66.919 Y14.044 F210
G1 X66.878 Y14.205 F210
G1 X66.815 Y14.357 F210
G1 X66.731 Y14.499 F210
G1 X66.626 Y14.628 F210
G1 X66.502 Y14.740 F210
G1 X66.359 Y14.833 F210
G1 X66.199 Y14.903 F210
G1 X66.022 Y14.947 F210
G1 X65.830 Y14.962 F210
G1 X40.192 Y14.962 F210
G1 X40.000 Y14.947 F210
G1 X39.823 Y14.903 F210
G1 X39.663 Y14.833 F210
G1 X39.520 Y14.740 F210
G1 X39.396 Y14.628 F210
G1 X39.291 Y14.499 F210
G1 X39.207 Y14.357 F210
G1 X39.144 Y14.205 F210
G1 X39.103 Y14.044 F210
G1 X39.086 Y13.880 F210
G1 X39.094 Y13.714 F210
G1 X39.127 Y13.550 F210
G1 X39.186 Y13.391 F210
G1 X39.273 Y13.239 F210
G1 X39.389 Y13.098 F210
G1 X39.534 Y12.972 F210
G1 X52.454 Y3.390 F210
G1 X52.517 Y3.347 F210
G1 X52.583 Y3.310 F210
G1 X52.651 Y3.278 F210
G1 X52.721 Y3.252 F210
G1 X52.792 Y3.232 F210
G1 X52.865 Y3.218 F210
G1 X52.937 Y3.209 F210
G1 X53.011 Y3.206 F210
G1 X53.084 Y3.209 F210
G1 X53.157 Y3.218 F210
G1 X53.229 Y3.232 F210
G1 X53.301 Y3.252 F210
G1 X53.370 Y3.278 F210
G1 X53.438 Y3.310 F210
G1 X53.504 Y3.347 F210
G1 X53.567 Y3.390 F210
G1 X53.568 Y3.390 F210
M5
; pasada 2/2: aplicar z_step_mm de la configuracion (ajuste manual de Z o G-code M-code segun el firmware)
G0 X40.624 Y26.794 F3000
M4 S700
G1 X54.403 Y26.794 F210
G1 X54.563 Y26.786 F210
G1 X54.720 Y26.762 F210
G1 X54.870 Y26.723 F210
G1 X55.015 Y26.670 F210
G1 X55.153 Y26.604 F210
G1 X55.283 Y26.525 F210
G1 X55.404 Y26.434 F210
G1 X55.516 Y26.332 F210
G1 X55.617 Y26.221 F210
G1 X55.708 Y26.099 F210
G1 X55.787 Y25.970 F210
G1 X55.853 Y25.832 F210
G1 X55.906 Y25.687 F210
G1 X55.945 Y25.536 F210
G1 X55.969 Y25.380 F210
G1 X55.977 Y25.219 F210
G1 X55.977 Y16.960 F210
G1 X39.049 Y16.960 F210
G1 X39.049 Y25.219 F210
G1 X39.057 Y25.380 F210
G1 X39.081 Y25.536 F210
G1 X39.120 Y25.687 F210
G1 X39.173 Y25.832 F210
G1 X39.239 Y25.969 F210
G1 X39.318 Y26.099 F210
G1 X39.409 Y26.220 F210
G1 X39.511 Y26.332 F210
G1 X39.622 Y26.434 F210
G1 X39.744 Y26.525 F210
G1 X39.873 Y26.604 F210
G1 X40.011 Y26.670 F210
G1 X40.156 Y26.723 F210
G1 X40.307 Y26.762 F210
G1 X40.463 Y26.786 F210
G1 X40.624 Y26.794 F210
G1 X40.624 Y26.794 F210
M5
G0 X66.951 Y21.416 F3000
M4 S700
G1 X66.929 Y20.979 F210
G1 X66.864 Y20.547 F210
G1 X66.757 Y20.122 F210
G1 X66.609 Y19.711 F210
G1 X66.420 Y19.315 F210
G1 X66.194 Y18.940 F210
G1 X65.931 Y18.589 F210
G1 X65.635 Y18.265 F210
G1 X65.309 Y17.971 F210
G1 X64.955 Y17.711 F210
G1 X64.577 Y17.486 F210
G1 X64.178 Y17.299 F210
G1 X63.763 Y17.152 F210
G1 X63.336 Y17.045 F210
G1 X62.900 Y16.981 F210
G1 X62.459 Y16.960 F210
G1 X62.019 Y16.981 F210
G1 X61.583 Y17.045 F210
G1 X61.156 Y17.152 F210
G1 X60.741 Y17.299 F210
G1 X60.342 Y17.486 F210
G1 X59.964 Y17.711 F210
G1 X59.610 Y17.971 F210
G1 X59.283 Y18.265 F210
G1 X58.987 Y18.589 F210
G1 X58.725 Y18.940 F210
G1 X58.498 Y19.315 F210
G1 X58.310 Y19.711 F210
G1 X58.161 Y20.122 F210
G1 X58.054 Y20.547 F210
G1 X57.990 Y20.979 F210
G1 X57.968 Y21.416 F210
G1 X57.990 Y21.853 F210
G1 X58.054 Y22.285 F210
G1 X58.161 Y22.709 F210
G1 X58.310 Y23.121 F210
G1 X58.498 Y23.516 F210
G1 X58.725 Y23.892 F210
G1 X58.987 Y24.243 F210
G1 X59.283 Y24.567 F210
G1 X59.610 Y24.861 F210
G1 X59.964 Y25.121 F210
G1 X60.342 Y25.346 F210
G1 X60.741 Y25.533 F210
G1 X61.156 Y25.680 F210
G1 X61.583 Y25.786 F210
G1 X62.019 Y25.851 F210
G1 X62.459 Y25.872 F210
G1 X62.900 Y25.851 F210
G1 X63.336 Y25.786 F210
G1 X63.763 Y25.680 F210
G1 X64.178 Y25.533 F210
G1 X64.577 Y25.346 F210
G1 X64.955 Y25.121 F210
G1 X65.309 Y24.861 F210
G1 X65.635 Y24.567 F210
G1 X65.931 Y24.243 F210
G1 X66.194 Y23.892 F210
G1 X66.420 Y23.516 F210
G1 X66.609 Y23.121 F210
G1 X66.757 Y22.709 F210
G1 X66.864 Y22.285 F210
G1 X66.929 Y21.853 F210
G1 X66.951 Y21.416 F210
M5
G0 X53.568 Y3.390 F3000
M4 S700
G1 X66.488 Y12.972 F210
G1 X66.633 Y13.098 F210
G1 X66.748 Y13.239 F210
G1 X66.835 Y13.391 F210
G1 X66.895 Y13.550 F210
G1 X66.928 Y13.714 F210
G1 X66.936 Y13.880 F210
G1 X66.919 Y14.044 F210
G1 X66.878 Y14.205 F210
G1 X66.815 Y14.357 F210
G1 X66.731 Y14.499 F210
G1 X66.626 Y14.628 F210
G1 X66.502 Y14.740 F210
G1 X66.359 Y14.833 F210
G1 X66.199 Y14.903 F210
G1 X66.022 Y14.947 F210
G1 X65.830 Y14.962 F210
G1 X40.192 Y14.962 F210
G1 X40.000 Y14.947 F210
G1 X39.823 Y14.903 F210
G1 X39.663 Y14.833 F210
G1 X39.520 Y14.740 F210
G1 X39.396 Y14.628 F210
G1 X39.291 Y14.499 F210
G1 X39.207 Y14.357 F210
G1 X39.144 Y14.205 F210
G1 X39.103 Y14.044 F210
G1 X39.086 Y13.880 F210
G1 X39.094 Y13.714 F210
G1 X39.127 Y13.550 F210
G1 X39.186 Y13.391 F210
G1 X39.273 Y13.239 F210
G1 X39.389 Y13.098 F210
G1 X39.534 Y12.972 F210
G1 X52.454 Y3.390 F210
G1 X52.517 Y3.347 F210
G1 X52.583 Y3.310 F210
G1 X52.651 Y3.278 F210
G1 X52.721 Y3.252 F210
G1 X52.792 Y3.232 F210
G1 X52.865 Y3.218 F210
G1 X52.937 Y3.209 F210
G1 X53.011 Y3.206 F210
G1 X53.084 Y3.209 F210
G1 X53.157 Y3.218 F210
G1 X53.229 Y3.232 F210
G1 X53.301 Y3.252 F210
G1 X53.370 Y3.278 F210
G1 X53.438 Y3.310 F210
G1 X53.504 Y3.347 F210
G1 X53.567 Y3.390 F210
G1 X53.568 Y3.390 F210
M5
G0 X38.000 Y35.000 F3000
M4 S200
G1 X39.200 Y35.000 F1500
M5
G0 X38.000 Y35.000 F3000
M4 S200
G1 X38.000 Y34.000 F1500
M5
G0 X38.000 Y34.000 F3000
M4 S200
G1 X38.000 Y33.000 F1500
M5
G0 X38.000 Y33.000 F3000
M4 S200
G1 X39.200 Y33.000 F1500
M5
G0 X39.600 Y34.000 F3000
M4 S200
G1 X40.800 Y34.000 F1500
M5
G0 X41.200 Y35.000 F3000
M4 S200
G1 X42.400 Y35.000 F1500
M5
G0 X42.400 Y35.000 F3000
M4 S200
G1 X42.400 Y34.000 F1500
M5
G0 X42.400 Y34.000 F3000
M4 S200
G1 X42.400 Y33.000 F1500
M5
G0 X41.200 Y33.000 F3000
M4 S200
G1 X42.400 Y33.000 F1500
M5
G0 X41.200 Y34.000 F3000
M4 S200
G1 X41.200 Y33.000 F1500
M5
G0 X41.200 Y35.000 F3000
M4 S200
G1 X41.200 Y34.000 F1500
M5
G0 X42.800 Y35.000 F3000
M4 S200
G1 X44.000 Y35.000 F1500
M5
G0 X44.000 Y35.000 F3000
M4 S200
G1 X44.000 Y34.000 F1500
M5
G0 X44.000 Y34.000 F3000
M4 S200
G1 X44.000 Y33.000 F1500
M5
G0 X42.800 Y33.000 F3000
M4 S200
G1 X44.000 Y33.000 F1500
M5
G0 X42.800 Y34.000 F3000
M4 S200
G1 X42.800 Y33.000 F1500
M5
G0 X42.800 Y35.000 F3000
M4 S200
G1 X42.800 Y34.000 F1500
M5
G0 X44.400 Y35.000 F3000
M4 S200
G1 X45.600 Y35.000 F1500
M5
G0 X45.600 Y35.000 F3000
M4 S200
G1 X45.600 Y34.000 F1500
M5
G0 X44.400 Y34.000 F3000
M4 S200
G1 X45.600 Y34.000 F1500
M5
G0 X44.400 Y34.000 F3000
M4 S200
G1 X44.400 Y33.000 F1500
M5
G0 X44.400 Y33.000 F3000
M4 S200
G1 X45.600 Y33.000 F1500
M5
G0 X78.624 Y26.794 F3000
M4 S700
G1 X92.403 Y26.794 F240
G1 X92.563 Y26.786 F240
G1 X92.720 Y26.762 F240
G1 X92.870 Y26.723 F240
G1 X93.015 Y26.670 F240
G1 X93.153 Y26.604 F240
G1 X93.283 Y26.525 F240
G1 X93.404 Y26.434 F240
G1 X93.516 Y26.332 F240
G1 X93.617 Y26.221 F240
G1 X93.708 Y26.099 F240
G1 X93.787 Y25.970 F240
G1 X93.853 Y25.832 F240
G1 X93.906 Y25.687 F240
G1 X93.945 Y25.536 F240
G1 X93.969 Y25.380 F240
G1 X93.977 Y25.219 F240
G1 X93.977 Y16.960 F240
G1 X77.049 Y16.960 F240
G1 X77.049 Y25.219 F240
G1 X77.057 Y25.380 F240
G1 X77.081 Y25.536 F240
G1 X77.120 Y25.687 F240
G1 X77.173 Y25.832 F240
G1 X77.239 Y25.969 F240
G1 X77.318 Y26.099 F240
G1 X77.409 Y26.220 F240
G1 X77.511 Y26.332 F240
G1 X77.622 Y26.434 F240
G1 X77.744 Y26.525 F240
G1 X77.873 Y26.604 F240
G1 X78.011 Y26.670 F240
G1 X78.156 Y26.723 F240
G1 X78.307 Y26.762 F240
G1 X78.463 Y26.786 F240
G1 X78.624 Y26.794 F240
G1 X78.624 Y26.794 F240
M5
G0 X104.951 Y21.416 F3000
M4 S700
G1 X104.929 Y20.979 F240
G1 X104.864 Y20.547 F240
G1 X104.757 Y20.122 F240
G1 X104.609 Y19.711 F240
G1 X104.420 Y19.315 F240
G1 X104.194 Y18.940 F240
G1 X103.931 Y18.589 F240
G1 X103.635 Y18.265 F240
G1 X103.309 Y17.971 F240
G1 X102.955 Y17.711 F240
G1 X102.577 Y17.486 F240
G1 X102.178 Y17.299 F240
G1 X101.763 Y17.152 F240
G1 X101.336 Y17.045 F240
G1 X100.900 Y16.981 F240
G1 X100.459 Y16.960 F240
G1 X100.019 Y16.981 F240
G1 X99.583 Y17.045 F240
G1 X99.156 Y17.152 F240
G1 X98.741 Y17.299 F240
G1 X98.342 Y17.486 F240
G1 X97.964 Y17.711 F240
G1 X97.610 Y17.971 F240
G1 X97.283 Y18.265 F240
G1 X96.987 Y18.589 F240
G1 X96.725 Y18.940 F240
G1 X96.498 Y19.315 F240
G1 X96.310 Y19.711 F240
G1 X96.161 Y20.122 F240
G1 X96.054 Y20.547 F240
G1 X95.990 Y20.979 F240
G1 X95.968 Y21.416 F240
G1 X95.990 Y21.853 F240
G1 X96.054 Y22.285 F240
G1 X96.161 Y22.709 F240
G1 X96.310 Y23.121 F240
G1 X96.498 Y23.516 F240
G1 X96.725 Y23.892 F240
G1 X96.987 Y24.243 F240
G1 X97.283 Y24.567 F240
G1 X97.610 Y24.861 F240
G1 X97.964 Y25.121 F240
G1 X98.342 Y25.346 F240
G1 X98.741 Y25.533 F240
G1 X99.156 Y25.680 F240
G1 X99.583 Y25.786 F240
G1 X100.019 Y25.851 F240
G1 X100.459 Y25.872 F240
G1 X100.900 Y25.851 F240
G1 X101.336 Y25.786 F240
G1 X101.763 Y25.680 F240
G1 X102.178 Y25.533 F240
G1 X102.577 Y25.346 F240
G1 X102.955 Y25.121 F240
G1 X103.309 Y24.861 F240
G1 X103.635 Y24.567 F240
G1 X103.931 Y24.243 F240
G1 X104.194 Y23.892 F240
G1 X104.420 Y23.516 F240
G1 X104.609 Y23.121 F240
G1 X104.757 Y22.709 F240
G1 X104.864 Y22.285 F240
G1 X104.929 Y21.853 F240
G1 X104.951 Y21.416 F240
M5
G0 X91.568 Y3.390 F3000
M4 S700
G1 X104.488 Y12.972 F240
G1 X104.633 Y13.098 F240
G1 X104.748 Y13.239 F240
G1 X104.835 Y13.391 F240
G1 X104.895 Y13.550 F240
G1 X104.928 Y13.714 F240
G1 X104.936 Y13.880 F240
G1 X104.919 Y14.044 F240
G1 X104.878 Y14.205 F240
G1 X104.815 Y14.357 F240
G1 X104.731 Y14.499 F240
G1 X104.626 Y14.628 F240
G1 X104.502 Y14.740 F240
G1 X104.359 Y14.833 F240
G1 X104.199 Y14.903 F240
G1 X104.022 Y14.947 F240
G1 X103.830 Y14.962 F240
G1 X78.192 Y14.962 F240
G1 X78.000 Y14.947 F240
G1 X77.823 Y14.903 F240
G1 X77.663 Y14.833 F240
G1 X77.520 Y14.740 F240
G1 X77.396 Y14.628 F240
G1 X77.291 Y14.499 F240
G1 X77.207 Y14.357 F240
G1 X77.144 Y14.205 F240
G1 X77.103 Y14.044 F240
G1 X77.086 Y13.880 F240
G1 X77.094 Y13.714 F240
G1 X77.127 Y13.550 F240
G1 X77.186 Y13.391 F240
G1 X77.273 Y13.239 F240
G1 X77.389 Y13.098 F240
G1 X77.534 Y12.972 F240
G1 X90.454 Y3.390 F240
G1 X90.517 Y3.347 F240
G1 X90.583 Y3.310 F240
G1 X90.651 Y3.278 F240
G1 X90.721 Y3.252 F240
G1 X90.792 Y3.232 F240
G1 X90.865 Y3.218 F240
G1 X90.937 Y3.209 F240
G1 X91.011 Y3.206 F240
G1 X91.084 Y3.209 F240
G1 X91.157 Y3.218 F240
G1 X91.229 Y3.232 F240
G1 X91.301 Y3.252 F240
G1 X91.370 Y3.278 F240
G1 X91.438 Y3.310 F240
G1 X91.504 Y3.347 F240
G1 X91.567 Y3.390 F240
G1 X91.568 Y3.390 F240
M5
; pasada 2/2: aplicar z_step_mm de la configuracion (ajuste manual de Z o G-code M-code segun el firmware)
G0 X78.624 Y26.794 F3000
M4 S700
G1 X92.403 Y26.794 F240
G1 X92.563 Y26.786 F240
G1 X92.720 Y26.762 F240
G1 X92.870 Y26.723 F240
G1 X93.015 Y26.670 F240
G1 X93.153 Y26.604 F240
G1 X93.283 Y26.525 F240
G1 X93.404 Y26.434 F240
G1 X93.516 Y26.332 F240
G1 X93.617 Y26.221 F240
G1 X93.708 Y26.099 F240
G1 X93.787 Y25.970 F240
G1 X93.853 Y25.832 F240
G1 X93.906 Y25.687 F240
G1 X93.945 Y25.536 F240
G1 X93.969 Y25.380 F240
G1 X93.977 Y25.219 F240
G1 X93.977 Y16.960 F240
G1 X77.049 Y16.960 F240
G1 X77.049 Y25.219 F240
G1 X77.057 Y25.380 F240
G1 X77.081 Y25.536 F240
G1 X77.120 Y25.687 F240
G1 X77.173 Y25.832 F240
G1 X77.239 Y25.969 F240
G1 X77.318 Y26.099 F240
G1 X77.409 Y26.220 F240
G1 X77.511 Y26.332 F240
G1 X77.622 Y26.434 F240
G1 X77.744 Y26.525 F240
G1 X77.873 Y26.604 F240
G1 X78.011 Y26.670 F240
G1 X78.156 Y26.723 F240
G1 X78.307 Y26.762 F240
G1 X78.463 Y26.786 F240
G1 X78.624 Y26.794 F240
G1 X78.624 Y26.794 F240
M5
G0 X104.951 Y21.416 F3000
M4 S700
G1 X104.929 Y20.979 F240
G1 X104.864 Y20.547 F240
G1 X104.757 Y20.122 F240
G1 X104.609 Y19.711 F240
G1 X104.420 Y19.315 F240
G1 X104.194 Y18.940 F240
G1 X103.931 Y18.589 F240
G1 X103.635 Y18.265 F240
G1 X103.309 Y17.971 F240
G1 X102.955 Y17.711 F240
G1 X102.577 Y17.486 F240
G1 X102.178 Y17.299 F240
G1 X101.763 Y17.152 F240
G1 X101.336 Y17.045 F240
G1 X100.900 Y16.981 F240
G1 X100.459 Y16.960 F240
G1 X100.019 Y16.981 F240
G1 X99.583 Y17.045 F240
G1 X99.156 Y17.152 F240
G1 X98.741 Y17.299 F240
G1 X98.342 Y17.486 F240
G1 X97.964 Y17.711 F240
G1 X97.610 Y17.971 F240
G1 X97.283 Y18.265 F240
G1 X96.987 Y18.589 F240
G1 X96.725 Y18.940 F240
G1 X96.498 Y19.315 F240
G1 X96.310 Y19.711 F240
G1 X96.161 Y20.122 F240
G1 X96.054 Y20.547 F240
G1 X95.990 Y20.979 F240
G1 X95.968 Y21.416 F240
G1 X95.990 Y21.853 F240
G1 X96.054 Y22.285 F240
G1 X96.161 Y22.709 F240
G1 X96.310 Y23.121 F240
G1 X96.498 Y23.516 F240
G1 X96.725 Y23.892 F240
G1 X96.987 Y24.243 F240
G1 X97.283 Y24.567 F240
G1 X97.610 Y24.861 F240
G1 X97.964 Y25.121 F240
G1 X98.342 Y25.346 F240
G1 X98.741 Y25.533 F240
G1 X99.156 Y25.680 F240
G1 X99.583 Y25.786 F240
G1 X100.019 Y25.851 F240
G1 X100.459 Y25.872 F240
G1 X100.900 Y25.851 F240
G1 X101.336 Y25.786 F240
G1 X101.763 Y25.680 F240
G1 X102.178 Y25.533 F240
G1 X102.577 Y25.346 F240
G1 X102.955 Y25.121 F240
G1 X103.309 Y24.861 F240
G1 X103.635 Y24.567 F240
G1 X103.931 Y24.243 F240
G1 X104.194 Y23.892 F240
G1 X104.420 Y23.516 F240
G1 X104.609 Y23.121 F240
G1 X104.757 Y22.709 F240
G1 X104.864 Y22.285 F240
G1 X104.929 Y21.853 F240
G1 X104.951 Y21.416 F240
M5
G0 X91.568 Y3.390 F3000
M4 S700
G1 X104.488 Y12.972 F240
G1 X104.633 Y13.098 F240
G1 X104.748 Y13.239 F240
G1 X104.835 Y13.391 F240
G1 X104.895 Y13.550 F240
G1 X104.928 Y13.714 F240
G1 X104.936 Y13.880 F240
G1 X104.919 Y14.044 F240
G1 X104.878 Y14.205 F240
G1 X104.815 Y14.357 F240
G1 X104.731 Y14.499 F240
G1 X104.626 Y14.628 F240
G1 X104.502 Y14.740 F240
G1 X104.359 Y14.833 F240
G1 X104.199 Y14.903 F240
G1 X104.022 Y14.947 F240
G1 X103.830 Y14.962 F240
G1 X78.192 Y14.962 F240
G1 X78.000 Y14.947 F240
G1 X77.823 Y14.903 F240
G1 X77.663 Y14.833 F240
G1 X77.520 Y14.740 F240
G1 X77.396 Y14.628 F240
G1 X77.291 Y14.499 F240
G1 X77.207 Y14.357 F240
G1 X77.144 Y14.205 F240
G1 X77.103 Y14.044 F240
G1 X77.086 Y13.880 F240
G1 X77.094 Y13.714 F240
G1 X77.127 Y13.550 F240
G1 X77.186 Y13.391 F240
G1 X77.273 Y13.239 F240
G1 X77.389 Y13.098 F240
G1 X77.534 Y12.972 F240
G1 X90.454 Y3.390 F240
G1 X90.517 Y3.347 F240
G1 X90.583 Y3.310 F240
G1 X90.651 Y3.278 F240
G1 X90.721 Y3.252 F240
G1 X90.792 Y3.232 F240
G1 X90.865 Y3.218 F240
G1 X90.937 Y3.209 F240
G1 X91.011 Y3.206 F240
G1 X91.084 Y3.209 F240
G1 X91.157 Y3.218 F240
G1 X91.229 Y3.232 F240
G1 X91.301 Y3.252 F240
G1 X91.370 Y3.278 F240
G1 X91.438 Y3.310 F240
G1 X91.504 Y3.347 F240
G1 X91.567 Y3.390 F240
G1 X91.568 Y3.390 F240
M5
G0 X76.000 Y35.000 F3000
M4 S200
G1 X77.200 Y35.000 F1500
M5
G0 X76.000 Y35.000 F3000
M4 S200
G1 X76.000 Y34.000 F1500
M5
G0 X76.000 Y34.000 F3000
M4 S200
G1 X76.000 Y33.000 F1500
M5
G0 X76.000 Y33.000 F3000
M4 S200
G1 X77.200 Y33.000 F1500
M5
G0 X77.600 Y34.000 F3000
M4 S200
G1 X78.800 Y34.000 F1500
M5
G0 X79.200 Y35.000 F3000
M4 S200
G1 X80.400 Y35.000 F1500
M5
G0 X80.400 Y35.000 F3000
M4 S200
G1 X80.400 Y34.000 F1500
M5
G0 X80.400 Y34.000 F3000
M4 S200
G1 X80.400 Y33.000 F1500
M5
G0 X79.200 Y33.000 F3000
M4 S200
G1 X80.400 Y33.000 F1500
M5
G0 X79.200 Y34.000 F3000
M4 S200
G1 X79.200 Y33.000 F1500
M5
G0 X79.200 Y35.000 F3000
M4 S200
G1 X79.200 Y34.000 F1500
M5
G0 X80.800 Y35.000 F3000
M4 S200
G1 X82.000 Y35.000 F1500
M5
G0 X82.000 Y35.000 F3000
M4 S200
G1 X82.000 Y34.000 F1500
M5
G0 X82.000 Y34.000 F3000
M4 S200
G1 X82.000 Y33.000 F1500
M5
G0 X80.800 Y33.000 F3000
M4 S200
G1 X82.000 Y33.000 F1500
M5
G0 X80.800 Y34.000 F3000
M4 S200
G1 X80.800 Y33.000 F1500
M5
G0 X80.800 Y35.000 F3000
M4 S200
G1 X80.800 Y34.000 F1500
M5
G0 X82.400 Y35.000 F3000
M4 S200
G1 X83.600 Y35.000 F1500
M5
G0 X83.600 Y35.000 F3000
M4 S200
G1 X83.600 Y34.000 F1500
M5
G0 X82.400 Y34.000 F3000
M4 S200
G1 X83.600 Y34.000 F1500
M5
G0 X83.600 Y34.000 F3000
M4 S200
G1 X83.600 Y33.000 F1500
M5
G0 X82.400 Y33.000 F3000
M4 S200
G1 X83.600 Y33.000 F1500
M5
G0 X116.624 Y26.794 F3000
M4 S700
G1 X130.403 Y26.794 F270
G1 X130.563 Y26.786 F270
G1 X130.720 Y26.762 F270
G1 X130.870 Y26.723 F270
G1 X131.015 Y26.670 F270
G1 X131.153 Y26.604 F270
G1 X131.283 Y26.525 F270
G1 X131.404 Y26.434 F270
G1 X131.516 Y26.332 F270
G1 X131.617 Y26.221 F270
G1 X131.708 Y26.099 F270
G1 X131.787 Y25.970 F270
G1 X131.853 Y25.832 F270
G1 X131.906 Y25.687 F270
G1 X131.945 Y25.536 F270
G1 X131.969 Y25.380 F270
G1 X131.977 Y25.219 F270
G1 X131.977 Y16.960 F270
G1 X115.049 Y16.960 F270
G1 X115.049 Y25.219 F270
G1 X115.057 Y25.380 F270
G1 X115.081 Y25.536 F270
G1 X115.120 Y25.687 F270
G1 X115.173 Y25.832 F270
G1 X115.239 Y25.969 F270
G1 X115.318 Y26.099 F270
G1 X115.409 Y26.220 F270
G1 X115.511 Y26.332 F270
G1 X115.622 Y26.434 F270
G1 X115.744 Y26.525 F270
G1 X115.873 Y26.604 F270
G1 X116.011 Y26.670 F270
G1 X116.156 Y26.723 F270
G1 X116.307 Y26.762 F270
G1 X116.463 Y26.786 F270
G1 X116.624 Y26.794 F270
G1 X116.624 Y26.794 F270
M5
G0 X142.951 Y21.416 F3000
M4 S700
G1 X142.929 Y20.979 F270
G1 X142.864 Y20.547 F270
G1 X142.757 Y20.122 F270
G1 X142.609 Y19.711 F270
G1 X142.420 Y19.315 F270
G1 X142.194 Y18.940 F270
G1 X141.931 Y18.589 F270
G1 X141.635 Y18.265 F270
G1 X141.309 Y17.971 F270
G1 X140.955 Y17.711 F270
G1 X140.577 Y17.486 F270
G1 X140.178 Y17.299 F270
G1 X139.763 Y17.152 F270
G1 X139.336 Y17.045 F270
G1 X138.900 Y16.981 F270
G1 X138.459 Y16.960 F270
G1 X138.019 Y16.981 F270
G1 X137.583 Y17.045 F270
G1 X137.156 Y17.152 F270
G1 X136.741 Y17.299 F270
G1 X136.342 Y17.486 F270
G1 X135.964 Y17.711 F270
G1 X135.610 Y17.971 F270
G1 X135.283 Y18.265 F270
G1 X134.987 Y18.589 F270
G1 X134.725 Y18.940 F270
G1 X134.498 Y19.315 F270
G1 X134.310 Y19.711 F270
G1 X134.161 Y20.122 F270
G1 X134.054 Y20.547 F270
G1 X133.990 Y20.979 F270
G1 X133.968 Y21.416 F270
G1 X133.990 Y21.853 F270
G1 X134.054 Y22.285 F270
G1 X134.161 Y22.709 F270
G1 X134.310 Y23.121 F270
G1 X134.498 Y23.516 F270
G1 X134.725 Y23.892 F270
G1 X134.987 Y24.243 F270
G1 X135.283 Y24.567 F270
G1 X135.610 Y24.861 F270
G1 X135.964 Y25.121 F270
G1 X136.342 Y25.346 F270
G1 X136.741 Y25.533 F270
G1 X137.156 Y25.680 F270
G1 X137.583 Y25.786 F270
G1 X138.019 Y25.851 F270
G1 X138.459 Y25.872 F270
G1 X138.900 Y25.851 F270
G1 X139.336 Y25.786 F270
G1 X139.763 Y25.680 F270
G1 X140.178 Y25.533 F270
G1 X140.577 Y25.346 F270
G1 X140.955 Y25.121 F270
G1 X141.309 Y24.861 F270
G1 X141.635 Y24.567 F270
G1 X141.931 Y24.243 F270
G1 X142.194 Y23.892 F270
G1 X142.420 Y23.516 F270
G1 X142.609 Y23.121 F270
G1 X142.757 Y22.709 F270
G1 X142.864 Y22.285 F270
G1 X142.929 Y21.853 F270
G1 X142.951 Y21.416 F270
M5
G0 X129.568 Y3.390 F3000
M4 S700
G1 X142.488 Y12.972 F270
G1 X142.633 Y13.098 F270
G1 X142.748 Y13.239 F270
G1 X142.835 Y13.391 F270
G1 X142.895 Y13.550 F270
G1 X142.928 Y13.714 F270
G1 X142.936 Y13.880 F270
G1 X142.919 Y14.044 F270
G1 X142.878 Y14.205 F270
G1 X142.815 Y14.357 F270
G1 X142.731 Y14.499 F270
G1 X142.626 Y14.628 F270
G1 X142.502 Y14.740 F270
G1 X142.359 Y14.833 F270
G1 X142.199 Y14.903 F270
G1 X142.022 Y14.947 F270
G1 X141.830 Y14.962 F270
G1 X116.192 Y14.962 F270
G1 X116.000 Y14.947 F270
G1 X115.823 Y14.903 F270
G1 X115.663 Y14.833 F270
G1 X115.520 Y14.740 F270
G1 X115.396 Y14.628 F270
G1 X115.291 Y14.499 F270
G1 X115.207 Y14.357 F270
G1 X115.144 Y14.205 F270
G1 X115.103 Y14.044 F270
G1 X115.086 Y13.880 F270
G1 X115.094 Y13.714 F270
G1 X115.127 Y13.550 F270
G1 X115.186 Y13.391 F270
G1 X115.273 Y13.239 F270
G1 X115.389 Y13.098 F270
G1 X115.534 Y12.972 F270
G1 X128.454 Y3.390 F270
G1 X128.517 Y3.347 F270
G1 X128.583 Y3.310 F270
G1 X128.651 Y3.278 F270
G1 X128.721 Y3.252 F270
G1 X128.792 Y3.232 F270
G1 X128.865 Y3.218 F270
G1 X128.937 Y3.209 F270
G1 X129.011 Y3.206 F270
G1 X129.084 Y3.209 F270
G1 X129.157 Y3.218 F270
G1 X129.229 Y3.232 F270
G1 X129.301 Y3.252 F270
G1 X129.370 Y3.278 F270
G1 X129.438 Y3.310 F270
G1 X129.504 Y3.347 F270
G1 X129.567 Y3.390 F270
G1 X129.568 Y3.390 F270
M5
; pasada 2/2: aplicar z_step_mm de la configuracion (ajuste manual de Z o G-code M-code segun el firmware)
G0 X116.624 Y26.794 F3000
M4 S700
G1 X130.403 Y26.794 F270
G1 X130.563 Y26.786 F270
G1 X130.720 Y26.762 F270
G1 X130.870 Y26.723 F270
G1 X131.015 Y26.670 F270
G1 X131.153 Y26.604 F270
G1 X131.283 Y26.525 F270
G1 X131.404 Y26.434 F270
G1 X131.516 Y26.332 F270
G1 X131.617 Y26.221 F270
G1 X131.708 Y26.099 F270
G1 X131.787 Y25.970 F270
G1 X131.853 Y25.832 F270
G1 X131.906 Y25.687 F270
G1 X131.945 Y25.536 F270
G1 X131.969 Y25.380 F270
G1 X131.977 Y25.219 F270
G1 X131.977 Y16.960 F270
G1 X115.049 Y16.960 F270
G1 X115.049 Y25.219 F270
G1 X115.057 Y25.380 F270
G1 X115.081 Y25.536 F270
G1 X115.120 Y25.687 F270
G1 X115.173 Y25.832 F270
G1 X115.239 Y25.969 F270
G1 X115.318 Y26.099 F270
G1 X115.409 Y26.220 F270
G1 X115.511 Y26.332 F270
G1 X115.622 Y26.434 F270
G1 X115.744 Y26.525 F270
G1 X115.873 Y26.604 F270
G1 X116.011 Y26.670 F270
G1 X116.156 Y26.723 F270
G1 X116.307 Y26.762 F270
G1 X116.463 Y26.786 F270
G1 X116.624 Y26.794 F270
G1 X116.624 Y26.794 F270
M5
G0 X142.951 Y21.416 F3000
M4 S700
G1 X142.929 Y20.979 F270
G1 X142.864 Y20.547 F270
G1 X142.757 Y20.122 F270
G1 X142.609 Y19.711 F270
G1 X142.420 Y19.315 F270
G1 X142.194 Y18.940 F270
G1 X141.931 Y18.589 F270
G1 X141.635 Y18.265 F270
G1 X141.309 Y17.971 F270
G1 X140.955 Y17.711 F270
G1 X140.577 Y17.486 F270
G1 X140.178 Y17.299 F270
G1 X139.763 Y17.152 F270
G1 X139.336 Y17.045 F270
G1 X138.900 Y16.981 F270
G1 X138.459 Y16.960 F270
G1 X138.019 Y16.981 F270
G1 X137.583 Y17.045 F270
G1 X137.156 Y17.152 F270
G1 X136.741 Y17.299 F270
G1 X136.342 Y17.486 F270
G1 X135.964 Y17.711 F270
G1 X135.610 Y17.971 F270
G1 X135.283 Y18.265 F270
G1 X134.987 Y18.589 F270
G1 X134.725 Y18.940 F270
G1 X134.498 Y19.315 F270
G1 X134.310 Y19.711 F270
G1 X134.161 Y20.122 F270
G1 X134.054 Y20.547 F270
G1 X133.990 Y20.979 F270
G1 X133.968 Y21.416 F270
G1 X133.990 Y21.853 F270
G1 X134.054 Y22.285 F270
G1 X134.161 Y22.709 F270
G1 X134.310 Y23.121 F270
G1 X134.498 Y23.516 F270
G1 X134.725 Y23.892 F270
G1 X134.987 Y24.243 F270
G1 X135.283 Y24.567 F270
G1 X135.610 Y24.861 F270
G1 X135.964 Y25.121 F270
G1 X136.342 Y25.346 F270
G1 X136.741 Y25.533 F270
G1 X137.156 Y25.680 F270
G1 X137.583 Y25.786 F270
G1 X138.019 Y25.851 F270
G1 X138.459 Y25.872 F270
G1 X138.900 Y25.851 F270
G1 X139.336 Y25.786 F270
G1 X139.763 Y25.680 F270
G1 X140.178 Y25.533 F270
G1 X140.577 Y25.346 F270
G1 X140.955 Y25.121 F270
G1 X141.309 Y24.861 F270
G1 X141.635 Y24.567 F270
G1 X141.931 Y24.243 F270
G1 X142.194 Y23.892 F270
G1 X142.420 Y23.516 F270
G1 X142.609 Y23.121 F270
G1 X142.757 Y22.709 F270
G1 X142.864 Y22.285 F270
G1 X142.929 Y21.853 F270
G1 X142.951 Y21.416 F270
M5
G0 X129.568 Y3.390 F3000
M4 S700
G1 X142.488 Y12.972 F270
G1 X142.633 Y13.098 F270
G1 X142.748 Y13.239 F270
G1 X142.835 Y13.391 F270
G1 X142.895 Y13.550 F270
G1 X142.928 Y13.714 F270
G1 X142.936 Y13.880 F270
G1 X142.919 Y14.044 F270
G1 X142.878 Y14.205 F270
G1 X142.815 Y14.357 F270
G1 X142.731 Y14.499 F270
G1 X142.626 Y14.628 F270
G1 X142.502 Y14.740 F270
G1 X142.359 Y14.833 F270
G1 X142.199 Y14.903 F270
G1 X142.022 Y14.947 F270
G1 X141.830 Y14.962 F270
G1 X116.192 Y14.962 F270
G1 X116.000 Y14.947 F270
G1 X115.823 Y14.903 F270
G1 X115.663 Y14.833 F270
G1 X115.520 Y14.740 F270
G1 X115.396 Y14.628 F270
G1 X115.291 Y14.499 F270
G1 X115.207 Y14.357 F270
G1 X115.144 Y14.205 F270
G1 X115.103 Y14.044 F270
G1 X115.086 Y13.880 F270
G1 X115.094 Y13.714 F270
G1 X115.127 Y13.550 F270
G1 X115.186 Y13.391 F270
G1 X115.273 Y13.239 F270
G1 X115.389 Y13.098 F270
G1 X115.534 Y12.972 F270
G1 X128.454 Y3.390 F270
G1 X128.517 Y3.347 F270
G1 X128.583 Y3.310 F270
G1 X128.651 Y3.278 F270
G1 X128.721 Y3.252 F270
G1 X128.792 Y3.232 F270
G1 X128.865 Y3.218 F270
G1 X128.937 Y3.209 F270
G1 X129.011 Y3.206 F270
G1 X129.084 Y3.209 F270
G1 X129.157 Y3.218 F270
G1 X129.229 Y3.232 F270
G1 X129.301 Y3.252 F270
G1 X129.370 Y3.278 F270
G1 X129.438 Y3.310 F270
G1 X129.504 Y3.347 F270
G1 X129.567 Y3.390 F270
G1 X129.568 Y3.390 F270
M5
G0 X114.000 Y35.000 F3000
M4 S200
G1 X115.200 Y35.000 F1500
M5
G0 X114.000 Y35.000 F3000
M4 S200
G1 X114.000 Y34.000 F1500
M5
G0 X114.000 Y34.000 F3000
M4 S200
G1 X114.000 Y33.000 F1500
M5
G0 X114.000 Y33.000 F3000
M4 S200
G1 X115.200 Y33.000 F1500
M5
G0 X115.600 Y34.000 F3000
M4 S200
G1 X116.800 Y34.000 F1500
M5
G0 X117.200 Y35.000 F3000
M4 S200
G1 X118.400 Y35.000 F1500
M5
G0 X118.400 Y35.000 F3000
M4 S200
G1 X118.400 Y34.000 F1500
M5
G0 X118.400 Y34.000 F3000
M4 S200
G1 X118.400 Y33.000 F1500
M5
G0 X117.200 Y33.000 F3000
M4 S200
G1 X118.400 Y33.000 F1500
M5
G0 X117.200 Y34.000 F3000
M4 S200
G1 X117.200 Y33.000 F1500
M5
G0 X117.200 Y35.000 F3000
M4 S200
G1 X117.200 Y34.000 F1500
M5
G0 X118.800 Y35.000 F3000
M4 S200
G1 X120.000 Y35.000 F1500
M5
G0 X120.000 Y35.000 F3000
M4 S200
G1 X120.000 Y34.000 F1500
M5
G0 X120.000 Y34.000 F3000
M4 S200
G1 X120.000 Y33.000 F1500
M5
G0 X118.800 Y33.000 F3000
M4 S200
G1 X120.000 Y33.000 F1500
M5
G0 X118.800 Y34.000 F3000
M4 S200
G1 X118.800 Y33.000 F1500
M5
G0 X118.800 Y35.000 F3000
M4 S200
G1 X118.800 Y34.000 F1500
M5
G0 X120.400 Y35.000 F3000
M4 S200
G1 X120.400 Y34.000 F1500
M5
G0 X120.400 Y34.000 F3000
M4 S200
G1 X121.600 Y34.000 F1500
M5
G0 X121.600 Y35.000 F3000
M4 S200
G1 X121.600 Y34.000 F1500
M5
G0 X121.600 Y34.000 F3000
M4 S200
G1 X121.600 Y33.000 F1500
M5
G0 X154.624 Y26.794 F3000
M4 S700
G1 X168.403 Y26.794 F300
G1 X168.563 Y26.786 F300
G1 X168.720 Y26.762 F300
G1 X168.870 Y26.723 F300
G1 X169.015 Y26.670 F300
G1 X169.153 Y26.604 F300
G1 X169.283 Y26.525 F300
G1 X169.404 Y26.434 F300
G1 X169.516 Y26.332 F300
G1 X169.617 Y26.221 F300
G1 X169.708 Y26.099 F300
G1 X169.787 Y25.970 F300
G1 X169.853 Y25.832 F300
G1 X169.906 Y25.687 F300
G1 X169.945 Y25.536 F300
G1 X169.969 Y25.380 F300
G1 X169.977 Y25.219 F300
G1 X169.977 Y16.960 F300
G1 X153.049 Y16.960 F300
G1 X153.049 Y25.219 F300
G1 X153.057 Y25.380 F300
G1 X153.081 Y25.536 F300
G1 X153.120 Y25.687 F300
G1 X153.173 Y25.832 F300
G1 X153.239 Y25.969 F300
G1 X153.318 Y26.099 F300
G1 X153.409 Y26.220 F300
G1 X153.511 Y26.332 F300
G1 X153.622 Y26.434 F300
G1 X153.744 Y26.525 F300
G1 X153.873 Y26.604 F300
G1 X154.011 Y26.670 F300
G1 X154.156 Y26.723 F300
G1 X154.307 Y26.762 F300
G1 X154.463 Y26.786 F300
G1 X154.624 Y26.794 F300
G1 X154.624 Y26.794 F300
M5
G0 X180.951 Y21.416 F3000
M4 S700
G1 X180.929 Y20.979 F300
G1 X180.864 Y20.547 F300
G1 X180.757 Y20.122 F300
G1 X180.609 Y19.711 F300
G1 X180.420 Y19.315 F300
G1 X180.194 Y18.940 F300
G1 X179.931 Y18.589 F300
G1 X179.635 Y18.265 F300
G1 X179.309 Y17.971 F300
G1 X178.955 Y17.711 F300
G1 X178.577 Y17.486 F300
G1 X178.178 Y17.299 F300
G1 X177.763 Y17.152 F300
G1 X177.336 Y17.045 F300
G1 X176.900 Y16.981 F300
G1 X176.459 Y16.960 F300
G1 X176.019 Y16.981 F300
G1 X175.583 Y17.045 F300
G1 X175.156 Y17.152 F300
G1 X174.741 Y17.299 F300
G1 X174.342 Y17.486 F300
G1 X173.964 Y17.711 F300
G1 X173.610 Y17.971 F300
G1 X173.283 Y18.265 F300
G1 X172.987 Y18.589 F300
G1 X172.725 Y18.940 F300
G1 X172.498 Y19.315 F300
G1 X172.310 Y19.711 F300
G1 X172.161 Y20.122 F300
G1 X172.054 Y20.547 F300
G1 X171.990 Y20.979 F300
G1 X171.968 Y21.416 F300
G1 X171.990 Y21.853 F300
G1 X172.054 Y22.285 F300
G1 X172.161 Y22.709 F300
G1 X172.310 Y23.121 F300
G1 X172.498 Y23.516 F300
G1 X172.725 Y23.892 F300
G1 X172.987 Y24.243 F300
G1 X173.283 Y24.567 F300
G1 X173.610 Y24.861 F300
G1 X173.964 Y25.121 F300
G1 X174.342 Y25.346 F300
G1 X174.741 Y25.533 F300
G1 X175.156 Y25.680 F300
G1 X175.583 Y25.786 F300
G1 X176.019 Y25.851 F300
G1 X176.459 Y25.872 F300
G1 X176.900 Y25.851 F300
G1 X177.336 Y25.786 F300
G1 X177.763 Y25.680 F300
G1 X178.178 Y25.533 F300
G1 X178.577 Y25.346 F300
G1 X178.955 Y25.121 F300
G1 X179.309 Y24.861 F300
G1 X179.635 Y24.567 F300
G1 X179.931 Y24.243 F300
G1 X180.194 Y23.892 F300
G1 X180.420 Y23.516 F300
G1 X180.609 Y23.121 F300
G1 X180.757 Y22.709 F300
G1 X180.864 Y22.285 F300
G1 X180.929 Y21.853 F300
G1 X180.951 Y21.416 F300
M5
G0 X167.568 Y3.390 F3000
M4 S700
G1 X180.488 Y12.972 F300
G1 X180.633 Y13.098 F300
G1 X180.748 Y13.239 F300
G1 X180.835 Y13.391 F300
G1 X180.895 Y13.550 F300
G1 X180.928 Y13.714 F300
G1 X180.936 Y13.880 F300
G1 X180.919 Y14.044 F300
G1 X180.878 Y14.205 F300
G1 X180.815 Y14.357 F300
G1 X180.731 Y14.499 F300
G1 X180.626 Y14.628 F300
G1 X180.502 Y14.740 F300
G1 X180.359 Y14.833 F300
G1 X180.199 Y14.903 F300
G1 X180.022 Y14.947 F300
G1 X179.830 Y14.962 F300
G1 X154.192 Y14.962 F300
G1 X154.000 Y14.947 F300
G1 X153.823 Y14.903 F300
G1 X153.663 Y14.833 F300
G1 X153.520 Y14.740 F300
G1 X153.396 Y14.628 F300
G1 X153.291 Y14.499 F300
G1 X153.207 Y14.357 F300
G1 X153.144 Y14.205 F300
G1 X153.103 Y14.044 F300
G1 X153.086 Y13.880 F300
G1 X153.094 Y13.714 F300
G1 X153.127 Y13.550 F300
G1 X153.186 Y13.391 F300
G1 X153.273 Y13.239 F300
G1 X153.389 Y13.098 F300
G1 X153.534 Y12.972 F300
G1 X166.454 Y3.390 F300
G1 X166.517 Y3.347 F300
G1 X166.583 Y3.310 F300
G1 X166.651 Y3.278 F300
G1 X166.721 Y3.252 F300
G1 X166.792 Y3.232 F300
G1 X166.865 Y3.218 F300
G1 X166.937 Y3.209 F300
G1 X167.011 Y3.206 F300
G1 X167.084 Y3.209 F300
G1 X167.157 Y3.218 F300
G1 X167.229 Y3.232 F300
G1 X167.301 Y3.252 F300
G1 X167.370 Y3.278 F300
G1 X167.438 Y3.310 F300
G1 X167.504 Y3.347 F300
G1 X167.567 Y3.390 F300
G1 X167.568 Y3.390 F300
M5
; pasada 2/2: aplicar z_step_mm de la configuracion (ajuste manual de Z o G-code M-code segun el firmware)
G0 X154.624 Y26.794 F3000
M4 S700
G1 X168.403 Y26.794 F300
G1 X168.563 Y26.786 F300
G1 X168.720 Y26.762 F300
G1 X168.870 Y26.723 F300
G1 X169.015 Y26.670 F300
G1 X169.153 Y26.604 F300
G1 X169.283 Y26.525 F300
G1 X169.404 Y26.434 F300
G1 X169.516 Y26.332 F300
G1 X169.617 Y26.221 F300
G1 X169.708 Y26.099 F300
G1 X169.787 Y25.970 F300
G1 X169.853 Y25.832 F300
G1 X169.906 Y25.687 F300
G1 X169.945 Y25.536 F300
G1 X169.969 Y25.380 F300
G1 X169.977 Y25.219 F300
G1 X169.977 Y16.960 F300
G1 X153.049 Y16.960 F300
G1 X153.049 Y25.219 F300
G1 X153.057 Y25.380 F300
G1 X153.081 Y25.536 F300
G1 X153.120 Y25.687 F300
G1 X153.173 Y25.832 F300
G1 X153.239 Y25.969 F300
G1 X153.318 Y26.099 F300
G1 X153.409 Y26.220 F300
G1 X153.511 Y26.332 F300
G1 X153.622 Y26.434 F300
G1 X153.744 Y26.525 F300
G1 X153.873 Y26.604 F300
G1 X154.011 Y26.670 F300
G1 X154.156 Y26.723 F300
G1 X154.307 Y26.762 F300
G1 X154.463 Y26.786 F300
G1 X154.624 Y26.794 F300
G1 X154.624 Y26.794 F300
M5
G0 X180.951 Y21.416 F3000
M4 S700
G1 X180.929 Y20.979 F300
G1 X180.864 Y20.547 F300
G1 X180.757 Y20.122 F300
G1 X180.609 Y19.711 F300
G1 X180.420 Y19.315 F300
G1 X180.194 Y18.940 F300
G1 X179.931 Y18.589 F300
G1 X179.635 Y18.265 F300
G1 X179.309 Y17.971 F300
G1 X178.955 Y17.711 F300
G1 X178.577 Y17.486 F300
G1 X178.178 Y17.299 F300
G1 X177.763 Y17.152 F300
G1 X177.336 Y17.045 F300
G1 X176.900 Y16.981 F300
G1 X176.459 Y16.960 F300
G1 X176.019 Y16.981 F300
G1 X175.583 Y17.045 F300
G1 X175.156 Y17.152 F300
G1 X174.741 Y17.299 F300
G1 X174.342 Y17.486 F300
G1 X173.964 Y17.711 F300
G1 X173.610 Y17.971 F300
G1 X173.283 Y18.265 F300
G1 X172.987 Y18.589 F300
G1 X172.725 Y18.940 F300
G1 X172.498 Y19.315 F300
G1 X172.310 Y19.711 F300
G1 X172.161 Y20.122 F300
G1 X172.054 Y20.547 F300
G1 X171.990 Y20.979 F300
G1 X171.968 Y21.416 F300
G1 X171.990 Y21.853 F300
G1 X172.054 Y22.285 F300
G1 X172.161 Y22.709 F300
G1 X172.310 Y23.121 F300
G1 X172.498 Y23.516 F300
G1 X172.725 Y23.892 F300
G1 X172.987 Y24.243 F300
G1 X173.283 Y24.567 F300
G1 X173.610 Y24.861 F300
G1 X173.964 Y25.121 F300
G1 X174.342 Y25.346 F300
G1 X174.741 Y25.533 F300
G1 X175.156 Y25.680 F300
G1 X175.583 Y25.786 F300
G1 X176.019 Y25.851 F300
G1 X176.459 Y25.872 F300
G1 X176.900 Y25.851 F300
G1 X177.336 Y25.786 F300
G1 X177.763 Y25.680 F300
G1 X178.178 Y25.533 F300
G1 X178.577 Y25.346 F300
G1 X178.955 Y25.121 F300
G1 X179.309 Y24.861 F300
G1 X179.635 Y24.567 F300
G1 X179.931 Y24.243 F300
G1 X180.194 Y23.892 F300
G1 X180.420 Y23.516 F300
G1 X180.609 Y23.121 F300
G1 X180.757 Y22.709 F300
G1 X180.864 Y22.285 F300
G1 X180.929 Y21.853 F300
G1 X180.951 Y21.416 F300
M5
G0 X167.568 Y3.390 F3000
M4 S700
G1 X180.488 Y12.972 F300
G1 X180.633 Y13.098 F300
G1 X180.748 Y13.239 F300
G1 X180.835 Y13.391 F300
G1 X180.895 Y13.550 F300
G1 X180.928 Y13.714 F300
G1 X180.936 Y13.880 F300
G1 X180.919 Y14.044 F300
G1 X180.878 Y14.205 F300
G1 X180.815 Y14.357 F300
G1 X180.731 Y14.499 F300
G1 X180.626 Y14.628 F300
G1 X180.502 Y14.740 F300
G1 X180.359 Y14.833 F300
G1 X180.199 Y14.903 F300
G1 X180.022 Y14.947 F300
G1 X179.830 Y14.962 F300
G1 X154.192 Y14.962 F300
G1 X154.000 Y14.947 F300
G1 X153.823 Y14.903 F300
G1 X153.663 Y14.833 F300
G1 X153.520 Y14.740 F300
G1 X153.396 Y14.628 F300
G1 X153.291 Y14.499 F300
G1 X153.207 Y14.357 F300
G1 X153.144 Y14.205 F300
G1 X153.103 Y14.044 F300
G1 X153.086 Y13.880 F300
G1 X153.094 Y13.714 F300
G1 X153.127 Y13.550 F300
G1 X153.186 Y13.391 F300
G1 X153.273 Y13.239 F300
G1 X153.389 Y13.098 F300
G1 X153.534 Y12.972 F300
G1 X166.454 Y3.390 F300
G1 X166.517 Y3.347 F300
G1 X166.583 Y3.310 F300
G1 X166.651 Y3.278 F300
G1 X166.721 Y3.252 F300
G1 X166.792 Y3.232 F300
G1 X166.865 Y3.218 F300
G1 X166.937 Y3.209 F300
G1 X167.011 Y3.206 F300
G1 X167.084 Y3.209 F300
G1 X167.157 Y3.218 F300
G1 X167.229 Y3.232 F300
G1 X167.301 Y3.252 F300
G1 X167.370 Y3.278 F300
G1 X167.438 Y3.310 F300
G1 X167.504 Y3.347 F300
G1 X167.567 Y3.390 F300
G1 X167.568 Y3.390 F300
M5
G0 X152.000 Y35.000 F3000
M4 S200
G1 X153.200 Y35.000 F1500
M5
G0 X152.000 Y35.000 F3000
M4 S200
G1 X152.000 Y34.000 F1500
M5
G0 X152.000 Y34.000 F3000
M4 S200
G1 X152.000 Y33.000 F1500
M5
G0 X152.000 Y33.000 F3000
M4 S200
G1 X153.200 Y33.000 F1500
M5
G0 X153.600 Y34.000 F3000
M4 S200
G1 X154.800 Y34.000 F1500
M5
G0 X155.200 Y35.000 F3000
M4 S200
G1 X156.400 Y35.000 F1500
M5
G0 X156.400 Y35.000 F3000
M4 S200
G1 X156.400 Y34.000 F1500
M5
G0 X156.400 Y34.000 F3000
M4 S200
G1 X156.400 Y33.000 F1500
M5
G0 X155.200 Y33.000 F3000
M4 S200
G1 X156.400 Y33.000 F1500
M5
G0 X155.200 Y34.000 F3000
M4 S200
G1 X155.200 Y33.000 F1500
M5
G0 X155.200 Y35.000 F3000
M4 S200
G1 X155.200 Y34.000 F1500
M5
G0 X156.800 Y35.000 F3000
M4 S200
G1 X158.000 Y35.000 F1500
M5
G0 X158.000 Y35.000 F3000
M4 S200
G1 X158.000 Y34.000 F1500
M5
G0 X158.000 Y34.000 F3000
M4 S200
G1 X158.000 Y33.000 F1500
M5
G0 X156.800 Y33.000 F3000
M4 S200
G1 X158.000 Y33.000 F1500
M5
G0 X156.800 Y34.000 F3000
M4 S200
G1 X156.800 Y33.000 F1500
M5
G0 X156.800 Y35.000 F3000
M4 S200
G1 X156.800 Y34.000 F1500
M5
G0 X158.400 Y35.000 F3000
M4 S200
G1 X159.600 Y35.000 F1500
M5
G0 X158.400 Y35.000 F3000
M4 S200
G1 X158.400 Y34.000 F1500
M5
G0 X158.400 Y34.000 F3000
M4 S200
G1 X159.600 Y34.000 F1500
M5
G0 X159.600 Y34.000 F3000
M4 S200
G1 X159.600 Y33.000 F1500
M5
G0 X158.400 Y33.000 F3000
M4 S200
G1 X159.600 Y33.000 F1500
M5
G0 X154.624 Y64.794 F3000
M4 S850
G1 X168.403 Y64.794 F300
G1 X168.563 Y64.786 F300
G1 X168.720 Y64.762 F300
G1 X168.870 Y64.723 F300
G1 X169.015 Y64.670 F300
G1 X169.153 Y64.604 F300
G1 X169.283 Y64.525 F300
G1 X169.404 Y64.434 F300
G1 X169.516 Y64.332 F300
G1 X169.617 Y64.221 F300
G1 X169.708 Y64.099 F300
G1 X169.787 Y63.970 F300
G1 X169.853 Y63.832 F300
G1 X169.906 Y63.687 F300
G1 X169.945 Y63.536 F300
G1 X169.969 Y63.380 F300
G1 X169.977 Y63.219 F300
G1 X169.977 Y54.960 F300
G1 X153.049 Y54.960 F300
G1 X153.049 Y63.219 F300
G1 X153.057 Y63.380 F300
G1 X153.081 Y63.536 F300
G1 X153.120 Y63.687 F300
G1 X153.173 Y63.832 F300
G1 X153.239 Y63.969 F300
G1 X153.318 Y64.099 F300
G1 X153.409 Y64.220 F300
G1 X153.511 Y64.332 F300
G1 X153.622 Y64.434 F300
G1 X153.744 Y64.525 F300
G1 X153.873 Y64.604 F300
G1 X154.011 Y64.670 F300
G1 X154.156 Y64.723 F300
G1 X154.307 Y64.762 F300
G1 X154.463 Y64.786 F300
G1 X154.624 Y64.794 F300
G1 X154.624 Y64.794 F300
M5
G0 X180.951 Y59.416 F3000
M4 S850
G1 X180.929 Y58.979 F300
G1 X180.864 Y58.547 F300
G1 X180.757 Y58.122 F300
G1 X180.609 Y57.711 F300
G1 X180.420 Y57.315 F300
G1 X180.194 Y56.940 F300
G1 X179.931 Y56.589 F300
G1 X179.635 Y56.265 F300
G1 X179.309 Y55.971 F300
G1 X178.955 Y55.711 F300
G1 X178.577 Y55.486 F300
G1 X178.178 Y55.299 F300
G1 X177.763 Y55.152 F300
G1 X177.336 Y55.045 F300
G1 X176.900 Y54.981 F300
G1 X176.459 Y54.960 F300
G1 X176.019 Y54.981 F300
G1 X175.583 Y55.045 F300
G1 X175.156 Y55.152 F300
G1 X174.741 Y55.299 F300
G1 X174.342 Y55.486 F300
G1 X173.964 Y55.711 F300
G1 X173.610 Y55.971 F300
G1 X173.283 Y56.265 F300
G1 X172.987 Y56.589 F300
G1 X172.725 Y56.940 F300
G1 X172.498 Y57.315 F300
G1 X172.310 Y57.711 F300
G1 X172.161 Y58.122 F300
G1 X172.054 Y58.547 F300
G1 X171.990 Y58.979 F300
G1 X171.968 Y59.416 F300
G1 X171.990 Y59.853 F300
G1 X172.054 Y60.285 F300
G1 X172.161 Y60.709 F300
G1 X172.310 Y61.121 F300
G1 X172.498 Y61.516 F300
G1 X172.725 Y61.892 F300
G1 X172.987 Y62.243 F300
G1 X173.283 Y62.567 F300
G1 X173.610 Y62.861 F300
G1 X173.964 Y63.121 F300
G1 X174.342 Y63.346 F300
G1 X174.741 Y63.533 F300
G1 X175.156 Y63.680 F300
G1 X175.583 Y63.786 F300
G1 X176.019 Y63.851 F300
G1 X176.459 Y63.872 F300
G1 X176.900 Y63.851 F300
G1 X177.336 Y63.786 F300
G1 X177.763 Y63.680 F300
G1 X178.178 Y63.533 F300
G1 X178.577 Y63.346 F300
G1 X178.955 Y63.121 F300
G1 X179.309 Y62.861 F300
G1 X179.635 Y62.567 F300
G1 X179.931 Y62.243 F300
G1 X180.194 Y61.892 F300
G1 X180.420 Y61.516 F300
G1 X180.609 Y61.121 F300
G1 X180.757 Y60.709 F300
G1 X180.864 Y60.285 F300
G1 X180.929 Y59.853 F300
G1 X180.951 Y59.416 F300
M5
G0 X167.568 Y41.390 F3000
M4 S850
G1 X180.488 Y50.972 F300
G1 X180.633 Y51.098 F300
G1 X180.748 Y51.239 F300
G1 X180.835 Y51.391 F300
G1 X180.895 Y51.550 F300
G1 X180.928 Y51.714 F300
G1 X180.936 Y51.880 F300
G1 X180.919 Y52.044 F300
G1 X180.878 Y52.205 F300
G1 X180.815 Y52.357 F300
G1 X180.731 Y52.499 F300
G1 X180.626 Y52.628 F300
G1 X180.502 Y52.740 F300
G1 X180.359 Y52.833 F300
G1 X180.199 Y52.903 F300
G1 X180.022 Y52.947 F300
G1 X179.830 Y52.962 F300
G1 X154.192 Y52.962 F300
G1 X154.000 Y52.947 F300
G1 X153.823 Y52.903 F300
G1 X153.663 Y52.833 F300
G1 X153.520 Y52.740 F300
G1 X153.396 Y52.628 F300
G1 X153.291 Y52.499 F300
G1 X153.207 Y52.357 F300
G1 X153.144 Y52.205 F300
G1 X153.103 Y52.044 F300
G1 X153.086 Y51.880 F300
G1 X153.094 Y51.714 F300
G1 X153.127 Y51.550 F300
G1 X153.186 Y51.391 F300
G1 X153.273 Y51.239 F300
G1 X153.389 Y51.098 F300
G1 X153.534 Y50.972 F300
G1 X166.454 Y41.390 F300
G1 X166.517 Y41.347 F300
G1 X166.583 Y41.310 F300
G1 X166.651 Y41.278 F300
G1 X166.721 Y41.252 F300
G1 X166.792 Y41.232 F300
G1 X166.865 Y41.218 F300
G1 X166.937 Y41.209 F300
G1 X167.011 Y41.206 F300
G1 X167.084 Y41.209 F300
G1 X167.157 Y41.218 F300
G1 X167.229 Y41.232 F300
G1 X167.301 Y41.252 F300
G1 X167.370 Y41.278 F300
G1 X167.438 Y41.310 F300
G1 X167.504 Y41.347 F300
G1 X167.567 Y41.390 F300
G1 X167.568 Y41.390 F300
M5
; pasada 2/2: aplicar z_step_mm de la configuracion (ajuste manual de Z o G-code M-code segun el firmware)
G0 X154.624 Y64.794 F3000
M4 S850
G1 X168.403 Y64.794 F300
G1 X168.563 Y64.786 F300
G1 X168.720 Y64.762 F300
G1 X168.870 Y64.723 F300
G1 X169.015 Y64.670 F300
G1 X169.153 Y64.604 F300
G1 X169.283 Y64.525 F300
G1 X169.404 Y64.434 F300
G1 X169.516 Y64.332 F300
G1 X169.617 Y64.221 F300
G1 X169.708 Y64.099 F300
G1 X169.787 Y63.970 F300
G1 X169.853 Y63.832 F300
G1 X169.906 Y63.687 F300
G1 X169.945 Y63.536 F300
G1 X169.969 Y63.380 F300
G1 X169.977 Y63.219 F300
G1 X169.977 Y54.960 F300
G1 X153.049 Y54.960 F300
G1 X153.049 Y63.219 F300
G1 X153.057 Y63.380 F300
G1 X153.081 Y63.536 F300
G1 X153.120 Y63.687 F300
G1 X153.173 Y63.832 F300
G1 X153.239 Y63.969 F300
G1 X153.318 Y64.099 F300
G1 X153.409 Y64.220 F300
G1 X153.511 Y64.332 F300
G1 X153.622 Y64.434 F300
G1 X153.744 Y64.525 F300
G1 X153.873 Y64.604 F300
G1 X154.011 Y64.670 F300
G1 X154.156 Y64.723 F300
G1 X154.307 Y64.762 F300
G1 X154.463 Y64.786 F300
G1 X154.624 Y64.794 F300
G1 X154.624 Y64.794 F300
M5
G0 X180.951 Y59.416 F3000
M4 S850
G1 X180.929 Y58.979 F300
G1 X180.864 Y58.547 F300
G1 X180.757 Y58.122 F300
G1 X180.609 Y57.711 F300
G1 X180.420 Y57.315 F300
G1 X180.194 Y56.940 F300
G1 X179.931 Y56.589 F300
G1 X179.635 Y56.265 F300
G1 X179.309 Y55.971 F300
G1 X178.955 Y55.711 F300
G1 X178.577 Y55.486 F300
G1 X178.178 Y55.299 F300
G1 X177.763 Y55.152 F300
G1 X177.336 Y55.045 F300
G1 X176.900 Y54.981 F300
G1 X176.459 Y54.960 F300
G1 X176.019 Y54.981 F300
G1 X175.583 Y55.045 F300
G1 X175.156 Y55.152 F300
G1 X174.741 Y55.299 F300
G1 X174.342 Y55.486 F300
G1 X173.964 Y55.711 F300
G1 X173.610 Y55.971 F300
G1 X173.283 Y56.265 F300
G1 X172.987 Y56.589 F300
G1 X172.725 Y56.940 F300
G1 X172.498 Y57.315 F300
G1 X172.310 Y57.711 F300
G1 X172.161 Y58.122 F300
G1 X172.054 Y58.547 F300
G1 X171.990 Y58.979 F300
G1 X171.968 Y59.416 F300
G1 X171.990 Y59.853 F300
G1 X172.054 Y60.285 F300
G1 X172.161 Y60.709 F300
G1 X172.310 Y61.121 F300
G1 X172.498 Y61.516 F300
G1 X172.725 Y61.892 F300
G1 X172.987 Y62.243 F300
G1 X173.283 Y62.567 F300
G1 X173.610 Y62.861 F300
G1 X173.964 Y63.121 F300
G1 X174.342 Y63.346 F300
G1 X174.741 Y63.533 F300
G1 X175.156 Y63.680 F300
G1 X175.583 Y63.786 F300
G1 X176.019 Y63.851 F300
G1 X176.459 Y63.872 F300
G1 X176.900 Y63.851 F300
G1 X177.336 Y63.786 F300
G1 X177.763 Y63.680 F300
G1 X178.178 Y63.533 F300
G1 X178.577 Y63.346 F300
G1 X178.955 Y63.121 F300
G1 X179.309 Y62.861 F300
G1 X179.635 Y62.567 F300
G1 X179.931 Y62.243 F300
G1 X180.194 Y61.892 F300
G1 X180.420 Y61.516 F300
G1 X180.609 Y61.121 F300
G1 X180.757 Y60.709 F300
G1 X180.864 Y60.285 F300
G1 X180.929 Y59.853 F300
G1 X180.951 Y59.416 F300
M5
G0 X167.568 Y41.390 F3000
M4 S850
G1 X180.488 Y50.972 F300
G1 X180.633 Y51.098 F300
G1 X180.748 Y51.239 F300
G1 X180.835 Y51.391 F300
G1 X180.895 Y51.550 F300
G1 X180.928 Y51.714 F300
G1 X180.936 Y51.880 F300
G1 X180.919 Y52.044 F300
G1 X180.878 Y52.205 F300
G1 X180.815 Y52.357 F300
G1 X180.731 Y52.499 F300
G1 X180.626 Y52.628 F300
G1 X180.502 Y52.740 F300
G1 X180.359 Y52.833 F300
G1 X180.199 Y52.903 F300
G1 X180.022 Y52.947 F300
G1 X179.830 Y52.962 F300
G1 X154.192 Y52.962 F300
G1 X154.000 Y52.947 F300
G1 X153.823 Y52.903 F300
G1 X153.663 Y52.833 F300
G1 X153.520 Y52.740 F300
G1 X153.396 Y52.628 F300
G1 X153.291 Y52.499 F300
G1 X153.207 Y52.357 F300
G1 X153.144 Y52.205 F300
G1 X153.103 Y52.044 F300
G1 X153.086 Y51.880 F300
G1 X153.094 Y51.714 F300
G1 X153.127 Y51.550 F300
G1 X153.186 Y51.391 F300
G1 X153.273 Y51.239 F300
G1 X153.389 Y51.098 F300
G1 X153.534 Y50.972 F300
G1 X166.454 Y41.390 F300
G1 X166.517 Y41.347 F300
G1 X166.583 Y41.310 F300
G1 X166.651 Y41.278 F300
G1 X166.721 Y41.252 F300
G1 X166.792 Y41.232 F300
G1 X166.865 Y41.218 F300
G1 X166.937 Y41.209 F300
G1 X167.011 Y41.206 F300
G1 X167.084 Y41.209 F300
G1 X167.157 Y41.218 F300
G1 X167.229 Y41.232 F300
G1 X167.301 Y41.252 F300
G1 X167.370 Y41.278 F300
G1 X167.438 Y41.310 F300
G1 X167.504 Y41.347 F300
G1 X167.567 Y41.390 F300
G1 X167.568 Y41.390 F300
M5
G0 X152.000 Y73.000 F3000
M4 S200
G1 X153.200 Y73.000 F1500
M5
G0 X152.000 Y73.000 F3000
M4 S200
G1 X152.000 Y72.000 F1500
M5
G0 X152.000 Y72.000 F3000
M4 S200
G1 X152.000 Y71.000 F1500
M5
G0 X152.000 Y71.000 F3000
M4 S200
G1 X153.200 Y71.000 F1500
M5
G0 X153.600 Y72.000 F3000
M4 S200
G1 X154.800 Y72.000 F1500
M5
G0 X155.200 Y73.000 F3000
M4 S200
G1 X156.400 Y73.000 F1500
M5
G0 X156.400 Y73.000 F3000
M4 S200
G1 X156.400 Y72.000 F1500
M5
G0 X156.400 Y72.000 F3000
M4 S200
G1 X156.400 Y71.000 F1500
M5
G0 X155.200 Y71.000 F3000
M4 S200
G1 X156.400 Y71.000 F1500
M5
G0 X155.200 Y72.000 F3000
M4 S200
G1 X155.200 Y71.000 F1500
M5
G0 X155.200 Y73.000 F3000
M4 S200
G1 X155.200 Y72.000 F1500
M5
G0 X156.800 Y73.000 F3000
M4 S200
G1 X158.000 Y73.000 F1500
M5
G0 X158.000 Y73.000 F3000
M4 S200
G1 X158.000 Y72.000 F1500
M5
G0 X158.000 Y72.000 F3000
M4 S200
G1 X158.000 Y71.000 F1500
M5
G0 X156.800 Y71.000 F3000
M4 S200
G1 X158.000 Y71.000 F1500
M5
G0 X156.800 Y72.000 F3000
M4 S200
G1 X156.800 Y71.000 F1500
M5
G0 X156.800 Y73.000 F3000
M4 S200
G1 X156.800 Y72.000 F1500
M5
G0 X158.400 Y73.000 F3000
M4 S200
G1 X159.600 Y73.000 F1500
M5
G0 X158.400 Y73.000 F3000
M4 S200
G1 X158.400 Y72.000 F1500
M5
G0 X158.400 Y72.000 F3000
M4 S200
G1 X159.600 Y72.000 F1500
M5
G0 X158.400 Y72.000 F3000
M4 S200
G1 X158.400 Y71.000 F1500
M5
G0 X159.600 Y72.000 F3000
M4 S200
G1 X159.600 Y71.000 F1500
M5
G0 X158.400 Y71.000 F3000
M4 S200
G1 X159.600 Y71.000 F1500
M5
G0 X116.624 Y64.794 F3000
M4 S850
G1 X130.403 Y64.794 F270
G1 X130.563 Y64.786 F270
G1 X130.720 Y64.762 F270
G1 X130.870 Y64.723 F270
G1 X131.015 Y64.670 F270
G1 X131.153 Y64.604 F270
G1 X131.283 Y64.525 F270
G1 X131.404 Y64.434 F270
G1 X131.516 Y64.332 F270
G1 X131.617 Y64.221 F270
G1 X131.708 Y64.099 F270
G1 X131.787 Y63.970 F270
G1 X131.853 Y63.832 F270
G1 X131.906 Y63.687 F270
G1 X131.945 Y63.536 F270
G1 X131.969 Y63.380 F270
G1 X131.977 Y63.219 F270
G1 X131.977 Y54.960 F270
G1 X115.049 Y54.960 F270
G1 X115.049 Y63.219 F270
G1 X115.057 Y63.380 F270
G1 X115.081 Y63.536 F270
G1 X115.120 Y63.687 F270
G1 X115.173 Y63.832 F270
G1 X115.239 Y63.969 F270
G1 X115.318 Y64.099 F270
G1 X115.409 Y64.220 F270
G1 X115.511 Y64.332 F270
G1 X115.622 Y64.434 F270
G1 X115.744 Y64.525 F270
G1 X115.873 Y64.604 F270
G1 X116.011 Y64.670 F270
G1 X116.156 Y64.723 F270
G1 X116.307 Y64.762 F270
G1 X116.463 Y64.786 F270
G1 X116.624 Y64.794 F270
G1 X116.624 Y64.794 F270
M5
G0 X142.951 Y59.416 F3000
M4 S850
G1 X142.929 Y58.979 F270
G1 X142.864 Y58.547 F270
G1 X142.757 Y58.122 F270
G1 X142.609 Y57.711 F270
G1 X142.420 Y57.315 F270
G1 X142.194 Y56.940 F270
G1 X141.931 Y56.589 F270
G1 X141.635 Y56.265 F270
G1 X141.309 Y55.971 F270
G1 X140.955 Y55.711 F270
G1 X140.577 Y55.486 F270
G1 X140.178 Y55.299 F270
G1 X139.763 Y55.152 F270
G1 X139.336 Y55.045 F270
G1 X138.900 Y54.981 F270
G1 X138.459 Y54.960 F270
G1 X138.019 Y54.981 F270
G1 X137.583 Y55.045 F270
G1 X137.156 Y55.152 F270
G1 X136.741 Y55.299 F270
G1 X136.342 Y55.486 F270
G1 X135.964 Y55.711 F270
G1 X135.610 Y55.971 F270
G1 X135.283 Y56.265 F270
G1 X134.987 Y56.589 F270
G1 X134.725 Y56.940 F270
G1 X134.498 Y57.315 F270
G1 X134.310 Y57.711 F270
G1 X134.161 Y58.122 F270
G1 X134.054 Y58.547 F270
G1 X133.990 Y58.979 F270
G1 X133.968 Y59.416 F270
G1 X133.990 Y59.853 F270
G1 X134.054 Y60.285 F270
G1 X134.161 Y60.709 F270
G1 X134.310 Y61.121 F270
G1 X134.498 Y61.516 F270
G1 X134.725 Y61.892 F270
G1 X134.987 Y62.243 F270
G1 X135.283 Y62.567 F270
G1 X135.610 Y62.861 F270
G1 X135.964 Y63.121 F270
G1 X136.342 Y63.346 F270
G1 X136.741 Y63.533 F270
G1 X137.156 Y63.680 F270
G1 X137.583 Y63.786 F270
G1 X138.019 Y63.851 F270
G1 X138.459 Y63.872 F270
G1 X138.900 Y63.851 F270
G1 X139.336 Y63.786 F270
G1 X139.763 Y63.680 F270
G1 X140.178 Y63.533 F270
G1 X140.577 Y63.346 F270
G1 X140.955 Y63.121 F270
G1 X141.309 Y62.861 F270
G1 X141.635 Y62.567 F270
G1 X141.931 Y62.243 F270
G1 X142.194 Y61.892 F270
G1 X142.420 Y61.516 F270
G1 X142.609 Y61.121 F270
G1 X142.757 Y60.709 F270
G1 X142.864 Y60.285 F270
G1 X142.929 Y59.853 F270
G1 X142.951 Y59.416 F270
M5
G0 X129.568 Y41.390 F3000
M4 S850
G1 X142.488 Y50.972 F270
G1 X142.633 Y51.098 F270
G1 X142.748 Y51.239 F270
G1 X142.835 Y51.391 F270
G1 X142.895 Y51.550 F270
G1 X142.928 Y51.714 F270
G1 X142.936 Y51.880 F270
G1 X142.919 Y52.044 F270
G1 X142.878 Y52.205 F270
G1 X142.815 Y52.357 F270
G1 X142.731 Y52.499 F270
G1 X142.626 Y52.628 F270
G1 X142.502 Y52.740 F270
G1 X142.359 Y52.833 F270
G1 X142.199 Y52.903 F270
G1 X142.022 Y52.947 F270
G1 X141.830 Y52.962 F270
G1 X116.192 Y52.962 F270
G1 X116.000 Y52.947 F270
G1 X115.823 Y52.903 F270
G1 X115.663 Y52.833 F270
G1 X115.520 Y52.740 F270
G1 X115.396 Y52.628 F270
G1 X115.291 Y52.499 F270
G1 X115.207 Y52.357 F270
G1 X115.144 Y52.205 F270
G1 X115.103 Y52.044 F270
G1 X115.086 Y51.880 F270
G1 X115.094 Y51.714 F270
G1 X115.127 Y51.550 F270
G1 X115.186 Y51.391 F270
G1 X115.273 Y51.239 F270
G1 X115.389 Y51.098 F270
G1 X115.534 Y50.972 F270
G1 X128.454 Y41.390 F270
G1 X128.517 Y41.347 F270
G1 X128.583 Y41.310 F270
G1 X128.651 Y41.278 F270
G1 X128.721 Y41.252 F270
G1 X128.792 Y41.232 F270
G1 X128.865 Y41.218 F270
G1 X128.937 Y41.209 F270
G1 X129.011 Y41.206 F270
G1 X129.084 Y41.209 F270
G1 X129.157 Y41.218 F270
G1 X129.229 Y41.232 F270
G1 X129.301 Y41.252 F270
G1 X129.370 Y41.278 F270
G1 X129.438 Y41.310 F270
G1 X129.504 Y41.347 F270
G1 X129.567 Y41.390 F270
G1 X129.568 Y41.390 F270
M5
; pasada 2/2: aplicar z_step_mm de la configuracion (ajuste manual de Z o G-code M-code segun el firmware)
G0 X116.624 Y64.794 F3000
M4 S850
G1 X130.403 Y64.794 F270
G1 X130.563 Y64.786 F270
G1 X130.720 Y64.762 F270
G1 X130.870 Y64.723 F270
G1 X131.015 Y64.670 F270
G1 X131.153 Y64.604 F270
G1 X131.283 Y64.525 F270
G1 X131.404 Y64.434 F270
G1 X131.516 Y64.332 F270
G1 X131.617 Y64.221 F270
G1 X131.708 Y64.099 F270
G1 X131.787 Y63.970 F270
G1 X131.853 Y63.832 F270
G1 X131.906 Y63.687 F270
G1 X131.945 Y63.536 F270
G1 X131.969 Y63.380 F270
G1 X131.977 Y63.219 F270
G1 X131.977 Y54.960 F270
G1 X115.049 Y54.960 F270
G1 X115.049 Y63.219 F270
G1 X115.057 Y63.380 F270
G1 X115.081 Y63.536 F270
G1 X115.120 Y63.687 F270
G1 X115.173 Y63.832 F270
G1 X115.239 Y63.969 F270
G1 X115.318 Y64.099 F270
G1 X115.409 Y64.220 F270
G1 X115.511 Y64.332 F270
G1 X115.622 Y64.434 F270
G1 X115.744 Y64.525 F270
G1 X115.873 Y64.604 F270
G1 X116.011 Y64.670 F270
G1 X116.156 Y64.723 F270
G1 X116.307 Y64.762 F270
G1 X116.463 Y64.786 F270
G1 X116.624 Y64.794 F270
G1 X116.624 Y64.794 F270
M5
G0 X142.951 Y59.416 F3000
M4 S850
G1 X142.929 Y58.979 F270
G1 X142.864 Y58.547 F270
G1 X142.757 Y58.122 F270
G1 X142.609 Y57.711 F270
G1 X142.420 Y57.315 F270
G1 X142.194 Y56.940 F270
G1 X141.931 Y56.589 F270
G1 X141.635 Y56.265 F270
G1 X141.309 Y55.971 F270
G1 X140.955 Y55.711 F270
G1 X140.577 Y55.486 F270
G1 X140.178 Y55.299 F270
G1 X139.763 Y55.152 F270
G1 X139.336 Y55.045 F270
G1 X138.900 Y54.981 F270
G1 X138.459 Y54.960 F270
G1 X138.019 Y54.981 F270
G1 X137.583 Y55.045 F270
G1 X137.156 Y55.152 F270
G1 X136.741 Y55.299 F270
G1 X136.342 Y55.486 F270
G1 X135.964 Y55.711 F270
G1 X135.610 Y55.971 F270
G1 X135.283 Y56.265 F270
G1 X134.987 Y56.589 F270
G1 X134.725 Y56.940 F270
G1 X134.498 Y57.315 F270
G1 X134.310 Y57.711 F270
G1 X134.161 Y58.122 F270
G1 X134.054 Y58.547 F270
G1 X133.990 Y58.979 F270
G1 X133.968 Y59.416 F270
G1 X133.990 Y59.853 F270
G1 X134.054 Y60.285 F270
G1 X134.161 Y60.709 F270
G1 X134.310 Y61.121 F270
G1 X134.498 Y61.516 F270
G1 X134.725 Y61.892 F270
G1 X134.987 Y62.243 F270
G1 X135.283 Y62.567 F270
G1 X135.610 Y62.861 F270
G1 X135.964 Y63.121 F270
G1 X136.342 Y63.346 F270
G1 X136.741 Y63.533 F270
G1 X137.156 Y63.680 F270
G1 X137.583 Y63.786 F270
G1 X138.019 Y63.851 F270
G1 X138.459 Y63.872 F270
G1 X138.900 Y63.851 F270
G1 X139.336 Y63.786 F270
G1 X139.763 Y63.680 F270
G1 X140.178 Y63.533 F270
G1 X140.577 Y63.346 F270
G1 X140.955 Y63.121 F270
G1 X141.309 Y62.861 F270
G1 X141.635 Y62.567 F270
G1 X141.931 Y62.243 F270
G1 X142.194 Y61.892 F270
G1 X142.420 Y61.516 F270
G1 X142.609 Y61.121 F270
G1 X142.757 Y60.709 F270
G1 X142.864 Y60.285 F270
G1 X142.929 Y59.853 F270
G1 X142.951 Y59.416 F270
M5
G0 X129.568 Y41.390 F3000
M4 S850
G1 X142.488 Y50.972 F270
G1 X142.633 Y51.098 F270
G1 X142.748 Y51.239 F270
G1 X142.835 Y51.391 F270
G1 X142.895 Y51.550 F270
G1 X142.928 Y51.714 F270
G1 X142.936 Y51.880 F270
G1 X142.919 Y52.044 F270
G1 X142.878 Y52.205 F270
G1 X142.815 Y52.357 F270
G1 X142.731 Y52.499 F270
G1 X142.626 Y52.628 F270
G1 X142.502 Y52.740 F270
G1 X142.359 Y52.833 F270
G1 X142.199 Y52.903 F270
G1 X142.022 Y52.947 F270
G1 X141.830 Y52.962 F270
G1 X116.192 Y52.962 F270
G1 X116.000 Y52.947 F270
G1 X115.823 Y52.903 F270
G1 X115.663 Y52.833 F270
G1 X115.520 Y52.740 F270
G1 X115.396 Y52.628 F270
G1 X115.291 Y52.499 F270
G1 X115.207 Y52.357 F270
G1 X115.144 Y52.205 F270
G1 X115.103 Y52.044 F270
G1 X115.086 Y51.880 F270
G1 X115.094 Y51.714 F270
G1 X115.127 Y51.550 F270
G1 X115.186 Y51.391 F270
G1 X115.273 Y51.239 F270
G1 X115.389 Y51.098 F270
G1 X115.534 Y50.972 F270
G1 X128.454 Y41.390 F270
G1 X128.517 Y41.347 F270
G1 X128.583 Y41.310 F270
G1 X128.651 Y41.278 F270
G1 X128.721 Y41.252 F270
G1 X128.792 Y41.232 F270
G1 X128.865 Y41.218 F270
G1 X128.937 Y41.209 F270
G1 X129.011 Y41.206 F270
G1 X129.084 Y41.209 F270
G1 X129.157 Y41.218 F270
G1 X129.229 Y41.232 F270
G1 X129.301 Y41.252 F270
G1 X129.370 Y41.278 F270
G1 X129.438 Y41.310 F270
G1 X129.504 Y41.347 F270
G1 X129.567 Y41.390 F270
G1 X129.568 Y41.390 F270
M5
G0 X114.000 Y73.000 F3000
M4 S200
G1 X115.200 Y73.000 F1500
M5
G0 X114.000 Y73.000 F3000
M4 S200
G1 X114.000 Y72.000 F1500
M5
G0 X114.000 Y72.000 F3000
M4 S200
G1 X114.000 Y71.000 F1500
M5
G0 X114.000 Y71.000 F3000
M4 S200
G1 X115.200 Y71.000 F1500
M5
G0 X115.600 Y72.000 F3000
M4 S200
G1 X116.800 Y72.000 F1500
M5
G0 X117.200 Y73.000 F3000
M4 S200
G1 X118.400 Y73.000 F1500
M5
G0 X118.400 Y73.000 F3000
M4 S200
G1 X118.400 Y72.000 F1500
M5
G0 X118.400 Y72.000 F3000
M4 S200
G1 X118.400 Y71.000 F1500
M5
G0 X117.200 Y71.000 F3000
M4 S200
G1 X118.400 Y71.000 F1500
M5
G0 X117.200 Y72.000 F3000
M4 S200
G1 X117.200 Y71.000 F1500
M5
G0 X117.200 Y73.000 F3000
M4 S200
G1 X117.200 Y72.000 F1500
M5
G0 X118.800 Y73.000 F3000
M4 S200
G1 X120.000 Y73.000 F1500
M5
G0 X120.000 Y73.000 F3000
M4 S200
G1 X120.000 Y72.000 F1500
M5
G0 X120.000 Y72.000 F3000
M4 S200
G1 X120.000 Y71.000 F1500
M5
G0 X118.800 Y71.000 F3000
M4 S200
G1 X120.000 Y71.000 F1500
M5
G0 X118.800 Y72.000 F3000
M4 S200
G1 X118.800 Y71.000 F1500
M5
G0 X118.800 Y73.000 F3000
M4 S200
G1 X118.800 Y72.000 F1500
M5
G0 X120.400 Y73.000 F3000
M4 S200
G1 X121.600 Y73.000 F1500
M5
G0 X121.600 Y73.000 F3000
M4 S200
G1 X121.600 Y72.000 F1500
M5
G0 X121.600 Y72.000 F3000
M4 S200
G1 X121.600 Y71.000 F1500
M5
G0 X78.624 Y64.794 F3000
M4 S850
G1 X92.403 Y64.794 F240
G1 X92.563 Y64.786 F240
G1 X92.720 Y64.762 F240
G1 X92.870 Y64.723 F240
G1 X93.015 Y64.670 F240
G1 X93.153 Y64.604 F240
G1 X93.283 Y64.525 F240
G1 X93.404 Y64.434 F240
G1 X93.516 Y64.332 F240
G1 X93.617 Y64.221 F240
G1 X93.708 Y64.099 F240
G1 X93.787 Y63.970 F240
G1 X93.853 Y63.832 F240
G1 X93.906 Y63.687 F240
G1 X93.945 Y63.536 F240
G1 X93.969 Y63.380 F240
G1 X93.977 Y63.219 F240
G1 X93.977 Y54.960 F240
G1 X77.049 Y54.960 F240
G1 X77.049 Y63.219 F240
G1 X77.057 Y63.380 F240
G1 X77.081 Y63.536 F240
G1 X77.120 Y63.687 F240
G1 X77.173 Y63.832 F240
G1 X77.239 Y63.969 F240
G1 X77.318 Y64.099 F240
G1 X77.409 Y64.220 F240
G1 X77.511 Y64.332 F240
G1 X77.622 Y64.434 F240
G1 X77.744 Y64.525 F240
G1 X77.873 Y64.604 F240
G1 X78.011 Y64.670 F240
G1 X78.156 Y64.723 F240
G1 X78.307 Y64.762 F240
G1 X78.463 Y64.786 F240
G1 X78.624 Y64.794 F240
G1 X78.624 Y64.794 F240
M5
G0 X104.951 Y59.416 F3000
M4 S850
G1 X104.929 Y58.979 F240
G1 X104.864 Y58.547 F240
G1 X104.757 Y58.122 F240
G1 X104.609 Y57.711 F240
G1 X104.420 Y57.315 F240
G1 X104.194 Y56.940 F240
G1 X103.931 Y56.589 F240
G1 X103.635 Y56.265 F240
G1 X103.309 Y55.971 F240
G1 X102.955 Y55.711 F240
G1 X102.577 Y55.486 F240
G1 X102.178 Y55.299 F240
G1 X101.763 Y55.152 F240
G1 X101.336 Y55.045 F240
G1 X100.900 Y54.981 F240
G1 X100.459 Y54.960 F240
G1 X100.019 Y54.981 F240
G1 X99.583 Y55.045 F240
G1 X99.156 Y55.152 F240
G1 X98.741 Y55.299 F240
G1 X98.342 Y55.486 F240
G1 X97.964 Y55.711 F240
G1 X97.610 Y55.971 F240
G1 X97.283 Y56.265 F240
G1 X96.987 Y56.589 F240
G1 X96.725 Y56.940 F240
G1 X96.498 Y57.315 F240
G1 X96.310 Y57.711 F240
G1 X96.161 Y58.122 F240
G1 X96.054 Y58.547 F240
G1 X95.990 Y58.979 F240
G1 X95.968 Y59.416 F240
G1 X95.990 Y59.853 F240
G1 X96.054 Y60.285 F240
G1 X96.161 Y60.709 F240
G1 X96.310 Y61.121 F240
G1 X96.498 Y61.516 F240
G1 X96.725 Y61.892 F240
G1 X96.987 Y62.243 F240
G1 X97.283 Y62.567 F240
G1 X97.610 Y62.861 F240
G1 X97.964 Y63.121 F240
G1 X98.342 Y63.346 F240
G1 X98.741 Y63.533 F240
G1 X99.156 Y63.680 F240
G1 X99.583 Y63.786 F240
G1 X100.019 Y63.851 F240
G1 X100.459 Y63.872 F240
G1 X100.900 Y63.851 F240
G1 X101.336 Y63.786 F240
G1 X101.763 Y63.680 F240
G1 X102.178 Y63.533 F240
G1 X102.577 Y63.346 F240
G1 X102.955 Y63.121 F240
G1 X103.309 Y62.861 F240
G1 X103.635 Y62.567 F240
G1 X103.931 Y62.243 F240
G1 X104.194 Y61.892 F240
G1 X104.420 Y61.516 F240
G1 X104.609 Y61.121 F240
G1 X104.757 Y60.709 F240
G1 X104.864 Y60.285 F240
G1 X104.929 Y59.853 F240
G1 X104.951 Y59.416 F240
M5
G0 X91.568 Y41.390 F3000
M4 S850
G1 X104.488 Y50.972 F240
G1 X104.633 Y51.098 F240
G1 X104.748 Y51.239 F240
G1 X104.835 Y51.391 F240
G1 X104.895 Y51.550 F240
G1 X104.928 Y51.714 F240
G1 X104.936 Y51.880 F240
G1 X104.919 Y52.044 F240
G1 X104.878 Y52.205 F240
G1 X104.815 Y52.357 F240
G1 X104.731 Y52.499 F240
G1 X104.626 Y52.628 F240
G1 X104.502 Y52.740 F240
G1 X104.359 Y52.833 F240
G1 X104.199 Y52.903 F240
G1 X104.022 Y52.947 F240
G1 X103.830 Y52.962 F240
G1 X78.192 Y52.962 F240
G1 X78.000 Y52.947 F240
G1 X77.823 Y52.903 F240
G1 X77.663 Y52.833 F240
G1 X77.520 Y52.740 F240
G1 X77.396 Y52.628 F240
G1 X77.291 Y52.499 F240
G1 X77.207 Y52.357 F240
G1 X77.144 Y52.205 F240
G1 X77.103 Y52.044 F240
G1 X77.086 Y51.880 F240
G1 X77.094 Y51.714 F240
G1 X77.127 Y51.550 F240
G1 X77.186 Y51.391 F240
G1 X77.273 Y51.239 F240
G1 X77.389 Y51.098 F240
G1 X77.534 Y50.972 F240
G1 X90.454 Y41.390 F240
G1 X90.517 Y41.347 F240
G1 X90.583 Y41.310 F240
G1 X90.651 Y41.278 F240
G1 X90.721 Y41.252 F240
G1 X90.792 Y41.232 F240
G1 X90.865 Y41.218 F240
G1 X90.937 Y41.209 F240
G1 X91.011 Y41.206 F240
G1 X91.084 Y41.209 F240
G1 X91.157 Y41.218 F240
G1 X91.229 Y41.232 F240
G1 X91.301 Y41.252 F240
G1 X91.370 Y41.278 F240
G1 X91.438 Y41.310 F240
G1 X91.504 Y41.347 F240
G1 X91.567 Y41.390 F240
G1 X91.568 Y41.390 F240
M5
; pasada 2/2: aplicar z_step_mm de la configuracion (ajuste manual de Z o G-code M-code segun el firmware)
G0 X78.624 Y64.794 F3000
M4 S850
G1 X92.403 Y64.794 F240
G1 X92.563 Y64.786 F240
G1 X92.720 Y64.762 F240
G1 X92.870 Y64.723 F240
G1 X93.015 Y64.670 F240
G1 X93.153 Y64.604 F240
G1 X93.283 Y64.525 F240
G1 X93.404 Y64.434 F240
G1 X93.516 Y64.332 F240
G1 X93.617 Y64.221 F240
G1 X93.708 Y64.099 F240
G1 X93.787 Y63.970 F240
G1 X93.853 Y63.832 F240
G1 X93.906 Y63.687 F240
G1 X93.945 Y63.536 F240
G1 X93.969 Y63.380 F240
G1 X93.977 Y63.219 F240
G1 X93.977 Y54.960 F240
G1 X77.049 Y54.960 F240
G1 X77.049 Y63.219 F240
G1 X77.057 Y63.380 F240
G1 X77.081 Y63.536 F240
G1 X77.120 Y63.687 F240
G1 X77.173 Y63.832 F240
G1 X77.239 Y63.969 F240
G1 X77.318 Y64.099 F240
G1 X77.409 Y64.220 F240
G1 X77.511 Y64.332 F240
G1 X77.622 Y64.434 F240
G1 X77.744 Y64.525 F240
G1 X77.873 Y64.604 F240
G1 X78.011 Y64.670 F240
G1 X78.156 Y64.723 F240
G1 X78.307 Y64.762 F240
G1 X78.463 Y64.786 F240
G1 X78.624 Y64.794 F240
G1 X78.624 Y64.794 F240
M5
G0 X104.951 Y59.416 F3000
M4 S850
G1 X104.929 Y58.979 F240
G1 X104.864 Y58.547 F240
G1 X104.757 Y58.122 F240
G1 X104.609 Y57.711 F240
G1 X104.420 Y57.315 F240
G1 X104.194 Y56.940 F240
G1 X103.931 Y56.589 F240
G1 X103.635 Y56.265 F240
G1 X103.309 Y55.971 F240
G1 X102.955 Y55.711 F240
G1 X102.577 Y55.486 F240
G1 X102.178 Y55.299 F240
G1 X101.763 Y55.152 F240
G1 X101.336 Y55.045 F240
G1 X100.900 Y54.981 F240
G1 X100.459 Y54.960 F240
G1 X100.019 Y54.981 F240
G1 X99.583 Y55.045 F240
G1 X99.156 Y55.152 F240
G1 X98.741 Y55.299 F240
G1 X98.342 Y55.486 F240
G1 X97.964 Y55.711 F240
G1 X97.610 Y55.971 F240
G1 X97.283 Y56.265 F240
G1 X96.987 Y56.589 F240
G1 X96.725 Y56.940 F240
G1 X96.498 Y57.315 F240
G1 X96.310 Y57.711 F240
G1 X96.161 Y58.122 F240
G1 X96.054 Y58.547 F240
G1 X95.990 Y58.979 F240
G1 X95.968 Y59.416 F240
G1 X95.990 Y59.853 F240
G1 X96.054 Y60.285 F240
G1 X96.161 Y60.709 F240
G1 X96.310 Y61.121 F240
G1 X96.498 Y61.516 F240
G1 X96.725 Y61.892 F240
G1 X96.987 Y62.243 F240
G1 X97.283 Y62.567 F240
G1 X97.610 Y62.861 F240
G1 X97.964 Y63.121 F240
G1 X98.342 Y63.346 F240
G1 X98.741 Y63.533 F240
G1 X99.156 Y63.680 F240
G1 X99.583 Y63.786 F240
G1 X100.019 Y63.851 F240
G1 X100.459 Y63.872 F240
G1 X100.900 Y63.851 F240
G1 X101.336 Y63.786 F240
G1 X101.763 Y63.680 F240
G1 X102.178 Y63.533 F240
G1 X102.577 Y63.346 F240
G1 X102.955 Y63.121 F240
G1 X103.309 Y62.861 F240
G1 X103.635 Y62.567 F240
G1 X103.931 Y62.243 F240
G1 X104.194 Y61.892 F240
G1 X104.420 Y61.516 F240
G1 X104.609 Y61.121 F240
G1 X104.757 Y60.709 F240
G1 X104.864 Y60.285 F240
G1 X104.929 Y59.853 F240
G1 X104.951 Y59.416 F240
M5
G0 X91.568 Y41.390 F3000
M4 S850
G1 X104.488 Y50.972 F240
G1 X104.633 Y51.098 F240
G1 X104.748 Y51.239 F240
G1 X104.835 Y51.391 F240
G1 X104.895 Y51.550 F240
G1 X104.928 Y51.714 F240
G1 X104.936 Y51.880 F240
G1 X104.919 Y52.044 F240
G1 X104.878 Y52.205 F240
G1 X104.815 Y52.357 F240
G1 X104.731 Y52.499 F240
G1 X104.626 Y52.628 F240
G1 X104.502 Y52.740 F240
G1 X104.359 Y52.833 F240
G1 X104.199 Y52.903 F240
G1 X104.022 Y52.947 F240
G1 X103.830 Y52.962 F240
G1 X78.192 Y52.962 F240
G1 X78.000 Y52.947 F240
G1 X77.823 Y52.903 F240
G1 X77.663 Y52.833 F240
G1 X77.520 Y52.740 F240
G1 X77.396 Y52.628 F240
G1 X77.291 Y52.499 F240
G1 X77.207 Y52.357 F240
G1 X77.144 Y52.205 F240
G1 X77.103 Y52.044 F240
G1 X77.086 Y51.880 F240
G1 X77.094 Y51.714 F240
G1 X77.127 Y51.550 F240
G1 X77.186 Y51.391 F240
G1 X77.273 Y51.239 F240
G1 X77.389 Y51.098 F240
G1 X77.534 Y50.972 F240
G1 X90.454 Y41.390 F240
G1 X90.517 Y41.347 F240
G1 X90.583 Y41.310 F240
G1 X90.651 Y41.278 F240
G1 X90.721 Y41.252 F240
G1 X90.792 Y41.232 F240
G1 X90.865 Y41.218 F240
G1 X90.937 Y41.209 F240
G1 X91.011 Y41.206 F240
G1 X91.084 Y41.209 F240
G1 X91.157 Y41.218 F240
G1 X91.229 Y41.232 F240
G1 X91.301 Y41.252 F240
G1 X91.370 Y41.278 F240
G1 X91.438 Y41.310 F240
G1 X91.504 Y41.347 F240
G1 X91.567 Y41.390 F240
G1 X91.568 Y41.390 F240
M5
G0 X76.000 Y73.000 F3000
M4 S200
G1 X77.200 Y73.000 F1500
M5
G0 X76.000 Y73.000 F3000
M4 S200
G1 X76.000 Y72.000 F1500
M5
G0 X76.000 Y72.000 F3000
M4 S200
G1 X76.000 Y71.000 F1500
M5
G0 X76.000 Y71.000 F3000
M4 S200
G1 X77.200 Y71.000 F1500
M5
G0 X77.600 Y72.000 F3000
M4 S200
G1 X78.800 Y72.000 F1500
M5
G0 X79.200 Y73.000 F3000
M4 S200
G1 X80.400 Y73.000 F1500
M5
G0 X80.400 Y73.000 F3000
M4 S200
G1 X80.400 Y72.000 F1500
M5
G0 X80.400 Y72.000 F3000
M4 S200
G1 X80.400 Y71.000 F1500
M5
G0 X79.200 Y71.000 F3000
M4 S200
G1 X80.400 Y71.000 F1500
M5
G0 X79.200 Y72.000 F3000
M4 S200
G1 X79.200 Y71.000 F1500
M5
G0 X79.200 Y73.000 F3000
M4 S200
G1 X79.200 Y72.000 F1500
M5
G0 X80.800 Y73.000 F3000
M4 S200
G1 X82.000 Y73.000 F1500
M5
G0 X82.000 Y73.000 F3000
M4 S200
G1 X82.000 Y72.000 F1500
M5
G0 X82.000 Y72.000 F3000
M4 S200
G1 X82.000 Y71.000 F1500
M5
G0 X80.800 Y71.000 F3000
M4 S200
G1 X82.000 Y71.000 F1500
M5
G0 X80.800 Y72.000 F3000
M4 S200
G1 X80.800 Y71.000 F1500
M5
G0 X80.800 Y73.000 F3000
M4 S200
G1 X80.800 Y72.000 F1500
M5
G0 X82.400 Y73.000 F3000
M4 S200
G1 X83.600 Y73.000 F1500
M5
G0 X83.600 Y73.000 F3000
M4 S200
G1 X83.600 Y72.000 F1500
M5
G0 X83.600 Y72.000 F3000
M4 S200
G1 X83.600 Y71.000 F1500
M5
G0 X82.400 Y71.000 F3000
M4 S200
G1 X83.600 Y71.000 F1500
M5
G0 X82.400 Y72.000 F3000
M4 S200
G1 X82.400 Y71.000 F1500
M5
G0 X82.400 Y73.000 F3000
M4 S200
G1 X82.400 Y72.000 F1500
M5
G0 X82.400 Y72.000 F3000
M4 S200
G1 X83.600 Y72.000 F1500
M5
G0 X40.624 Y64.794 F3000
M4 S850
G1 X54.403 Y64.794 F210
G1 X54.563 Y64.786 F210
G1 X54.720 Y64.762 F210
G1 X54.870 Y64.723 F210
G1 X55.015 Y64.670 F210
G1 X55.153 Y64.604 F210
G1 X55.283 Y64.525 F210
G1 X55.404 Y64.434 F210
G1 X55.516 Y64.332 F210
G1 X55.617 Y64.221 F210
G1 X55.708 Y64.099 F210
G1 X55.787 Y63.970 F210
G1 X55.853 Y63.832 F210
G1 X55.906 Y63.687 F210
G1 X55.945 Y63.536 F210
G1 X55.969 Y63.380 F210
G1 X55.977 Y63.219 F210
G1 X55.977 Y54.960 F210
G1 X39.049 Y54.960 F210
G1 X39.049 Y63.219 F210
G1 X39.057 Y63.380 F210
G1 X39.081 Y63.536 F210
G1 X39.120 Y63.687 F210
G1 X39.173 Y63.832 F210
G1 X39.239 Y63.969 F210
G1 X39.318 Y64.099 F210
G1 X39.409 Y64.220 F210
G1 X39.511 Y64.332 F210
G1 X39.622 Y64.434 F210
G1 X39.744 Y64.525 F210
G1 X39.873 Y64.604 F210
G1 X40.011 Y64.670 F210
G1 X40.156 Y64.723 F210
G1 X40.307 Y64.762 F210
G1 X40.463 Y64.786 F210
G1 X40.624 Y64.794 F210
G1 X40.624 Y64.794 F210
M5
G0 X66.951 Y59.416 F3000
M4 S850
G1 X66.929 Y58.979 F210
G1 X66.864 Y58.547 F210
G1 X66.757 Y58.122 F210
G1 X66.609 Y57.711 F210
G1 X66.420 Y57.315 F210
G1 X66.194 Y56.940 F210
G1 X65.931 Y56.589 F210
G1 X65.635 Y56.265 F210
G1 X65.309 Y55.971 F210
G1 X64.955 Y55.711 F210
G1 X64.577 Y55.486 F210
G1 X64.178 Y55.299 F210
G1 X63.763 Y55.152 F210
G1 X63.336 Y55.045 F210
G1 X62.900 Y54.981 F210
G1 X62.459 Y54.960 F210
G1 X62.019 Y54.981 F210
G1 X61.583 Y55.045 F210
G1 X61.156 Y55.152 F210
G1 X60.741 Y55.299 F210
G1 X60.342 Y55.486 F210
G1 X59.964 Y55.711 F210
G1 X59.610 Y55.971 F210
G1 X59.283 Y56.265 F210
G1 X58.987 Y56.589 F210
G1 X58.725 Y56.940 F210
G1 X58.498 Y57.315 F210
G1 X58.310 Y57.711 F210
G1 X58.161 Y58.122 F210
G1 X58.054 Y58.547 F210
G1 X57.990 Y58.979 F210
G1 X57.968 Y59.416 F210
G1 X57.990 Y59.853 F210
G1 X58.054 Y60.285 F210
G1 X58.161 Y60.709 F210
G1 X58.310 Y61.121 F210
G1 X58.498 Y61.516 F210
G1 X58.725 Y61.892 F210
G1 X58.987 Y62.243 F210
G1 X59.283 Y62.567 F210
G1 X59.610 Y62.861 F210
G1 X59.964 Y63.121 F210
G1 X60.342 Y63.346 F210
G1 X60.741 Y63.533 F210
G1 X61.156 Y63.680 F210
G1 X61.583 Y63.786 F210
G1 X62.019 Y63.851 F210
G1 X62.459 Y63.872 F210
G1 X62.900 Y63.851 F210
G1 X63.336 Y63.786 F210
G1 X63.763 Y63.680 F210
G1 X64.178 Y63.533 F210
G1 X64.577 Y63.346 F210
G1 X64.955 Y63.121 F210
G1 X65.309 Y62.861 F210
G1 X65.635 Y62.567 F210
G1 X65.931 Y62.243 F210
G1 X66.194 Y61.892 F210
G1 X66.420 Y61.516 F210
G1 X66.609 Y61.121 F210
G1 X66.757 Y60.709 F210
G1 X66.864 Y60.285 F210
G1 X66.929 Y59.853 F210
G1 X66.951 Y59.416 F210
M5
G0 X53.568 Y41.390 F3000
M4 S850
G1 X66.488 Y50.972 F210
G1 X66.633 Y51.098 F210
G1 X66.748 Y51.239 F210
G1 X66.835 Y51.391 F210
G1 X66.895 Y51.550 F210
G1 X66.928 Y51.714 F210
G1 X66.936 Y51.880 F210
G1 X66.919 Y52.044 F210
G1 X66.878 Y52.205 F210
G1 X66.815 Y52.357 F210
G1 X66.731 Y52.499 F210
G1 X66.626 Y52.628 F210
G1 X66.502 Y52.740 F210
G1 X66.359 Y52.833 F210
G1 X66.199 Y52.903 F210
G1 X66.022 Y52.947 F210
G1 X65.830 Y52.962 F210
G1 X40.192 Y52.962 F210
G1 X40.000 Y52.947 F210
G1 X39.823 Y52.903 F210
G1 X39.663 Y52.833 F210
G1 X39.520 Y52.740 F210
G1 X39.396 Y52.628 F210
G1 X39.291 Y52.499 F210
G1 X39.207 Y52.357 F210
G1 X39.144 Y52.205 F210
G1 X39.103 Y52.044 F210
G1 X39.086 Y51.880 F210
G1 X39.094 Y51.714 F210
G1 X39.127 Y51.550 F210
G1 X39.186 Y51.391 F210
G1 X39.273 Y51.239 F210
G1 X39.389 Y51.098 F210
G1 X39.534 Y50.972 F210
G1 X52.454 Y41.390 F210
G1 X52.517 Y41.347 F210
G1 X52.583 Y41.310 F210
G1 X52.651 Y41.278 F210
G1 X52.721 Y41.252 F210
G1 X52.792 Y41.232 F210
G1 X52.865 Y41.218 F210
G1 X52.937 Y41.209 F210
G1 X53.011 Y41.206 F210
G1 X53.084 Y41.209 F210
G1 X53.157 Y41.218 F210
G1 X53.229 Y41.232 F210
G1 X53.301 Y41.252 F210
G1 X53.370 Y41.278 F210
G1 X53.438 Y41.310 F210
G1 X53.504 Y41.347 F210
G1 X53.567 Y41.390 F210
G1 X53.568 Y41.390 F210
M5
; pasada 2/2: aplicar z_step_mm de la configuracion (ajuste manual de Z o G-code M-code segun el firmware)
G0 X40.624 Y64.794 F3000
M4 S850
G1 X54.403 Y64.794 F210
G1 X54.563 Y64.786 F210
G1 X54.720 Y64.762 F210
G1 X54.870 Y64.723 F210
G1 X55.015 Y64.670 F210
G1 X55.153 Y64.604 F210
G1 X55.283 Y64.525 F210
G1 X55.404 Y64.434 F210
G1 X55.516 Y64.332 F210
G1 X55.617 Y64.221 F210
G1 X55.708 Y64.099 F210
G1 X55.787 Y63.970 F210
G1 X55.853 Y63.832 F210
G1 X55.906 Y63.687 F210
G1 X55.945 Y63.536 F210
G1 X55.969 Y63.380 F210
G1 X55.977 Y63.219 F210
G1 X55.977 Y54.960 F210
G1 X39.049 Y54.960 F210
G1 X39.049 Y63.219 F210
G1 X39.057 Y63.380 F210
G1 X39.081 Y63.536 F210
G1 X39.120 Y63.687 F210
G1 X39.173 Y63.832 F210
G1 X39.239 Y63.969 F210
G1 X39.318 Y64.099 F210
G1 X39.409 Y64.220 F210
G1 X39.511 Y64.332 F210
G1 X39.622 Y64.434 F210
G1 X39.744 Y64.525 F210
G1 X39.873 Y64.604 F210
G1 X40.011 Y64.670 F210
G1 X40.156 Y64.723 F210
G1 X40.307 Y64.762 F210
G1 X40.463 Y64.786 F210
G1 X40.624 Y64.794 F210
G1 X40.624 Y64.794 F210
M5
G0 X66.951 Y59.416 F3000
M4 S850
G1 X66.929 Y58.979 F210
G1 X66.864 Y58.547 F210
G1 X66.757 Y58.122 F210
G1 X66.609 Y57.711 F210
G1 X66.420 Y57.315 F210
G1 X66.194 Y56.940 F210
G1 X65.931 Y56.589 F210
G1 X65.635 Y56.265 F210
G1 X65.309 Y55.971 F210
G1 X64.955 Y55.711 F210
G1 X64.577 Y55.486 F210
G1 X64.178 Y55.299 F210
G1 X63.763 Y55.152 F210
G1 X63.336 Y55.045 F210
G1 X62.900 Y54.981 F210
G1 X62.459 Y54.960 F210
G1 X62.019 Y54.981 F210
G1 X61.583 Y55.045 F210
G1 X61.156 Y55.152 F210
G1 X60.741 Y55.299 F210
G1 X60.342 Y55.486 F210
G1 X59.964 Y55.711 F210
G1 X59.610 Y55.971 F210
G1 X59.283 Y56.265 F210
G1 X58.987 Y56.589 F210
G1 X58.725 Y56.940 F210
G1 X58.498 Y57.315 F210
G1 X58.310 Y57.711 F210
G1 X58.161 Y58.122 F210
G1 X58.054 Y58.547 F210
G1 X57.990 Y58.979 F210
G1 X57.968 Y59.416 F210
G1 X57.990 Y59.853 F210
G1 X58.054 Y60.285 F210
G1 X58.161 Y60.709 F210
G1 X58.310 Y61.121 F210
G1 X58.498 Y61.516 F210
G1 X58.725 Y61.892 F210
G1 X58.987 Y62.243 F210
G1 X59.283 Y62.567 F210
G1 X59.610 Y62.861 F210
G1 X59.964 Y63.121 F210
G1 X60.342 Y63.346 F210
G1 X60.741 Y63.533 F210
G1 X61.156 Y63.680 F210
G1 X61.583 Y63.786 F210
G1 X62.019 Y63.851 F210
G1 X62.459 Y63.872 F210
G1 X62.900 Y63.851 F210
G1 X63.336 Y63.786 F210
G1 X63.763 Y63.680 F210
G1 X64.178 Y63.533 F210
G1 X64.577 Y63.346 F210
G1 X64.955 Y63.121 F210
G1 X65.309 Y62.861 F210
G1 X65.635 Y62.567 F210
G1 X65.931 Y62.243 F210
G1 X66.194 Y61.892 F210
G1 X66.420 Y61.516 F210
G1 X66.609 Y61.121 F210
G1 X66.757 Y60.709 F210
G1 X66.864 Y60.285 F210
G1 X66.929 Y59.853 F210
G1 X66.951 Y59.416 F210
M5
G0 X53.568 Y41.390 F3000
M4 S850
G1 X66.488 Y50.972 F210
G1 X66.633 Y51.098 F210
G1 X66.748 Y51.239 F210
G1 X66.835 Y51.391 F210
G1 X66.895 Y51.550 F210
G1 X66.928 Y51.714 F210
G1 X66.936 Y51.880 F210
G1 X66.919 Y52.044 F210
G1 X66.878 Y52.205 F210
G1 X66.815 Y52.357 F210
G1 X66.731 Y52.499 F210
G1 X66.626 Y52.628 F210
G1 X66.502 Y52.740 F210
G1 X66.359 Y52.833 F210
G1 X66.199 Y52.903 F210
G1 X66.022 Y52.947 F210
G1 X65.830 Y52.962 F210
G1 X40.192 Y52.962 F210
G1 X40.000 Y52.947 F210
G1 X39.823 Y52.903 F210
G1 X39.663 Y52.833 F210
G1 X39.520 Y52.740 F210
G1 X39.396 Y52.628 F210
G1 X39.291 Y52.499 F210
G1 X39.207 Y52.357 F210
G1 X39.144 Y52.205 F210
G1 X39.103 Y52.044 F210
G1 X39.086 Y51.880 F210
G1 X39.094 Y51.714 F210
G1 X39.127 Y51.550 F210
G1 X39.186 Y51.391 F210
G1 X39.273 Y51.239 F210
G1 X39.389 Y51.098 F210
G1 X39.534 Y50.972 F210
G1 X52.454 Y41.390 F210
G1 X52.517 Y41.347 F210
G1 X52.583 Y41.310 F210
G1 X52.651 Y41.278 F210
G1 X52.721 Y41.252 F210
G1 X52.792 Y41.232 F210
G1 X52.865 Y41.218 F210
G1 X52.937 Y41.209 F210
G1 X53.011 Y41.206 F210
G1 X53.084 Y41.209 F210
G1 X53.157 Y41.218 F210
G1 X53.229 Y41.232 F210
G1 X53.301 Y41.252 F210
G1 X53.370 Y41.278 F210
G1 X53.438 Y41.310 F210
G1 X53.504 Y41.347 F210
G1 X53.567 Y41.390 F210
G1 X53.568 Y41.390 F210
M5
G0 X38.000 Y73.000 F3000
M4 S200
G1 X39.200 Y73.000 F1500
M5
G0 X38.000 Y73.000 F3000
M4 S200
G1 X38.000 Y72.000 F1500
M5
G0 X38.000 Y72.000 F3000
M4 S200
G1 X38.000 Y71.000 F1500
M5
G0 X38.000 Y71.000 F3000
M4 S200
G1 X39.200 Y71.000 F1500
M5
G0 X39.600 Y72.000 F3000
M4 S200
G1 X40.800 Y72.000 F1500
M5
G0 X41.200 Y73.000 F3000
M4 S200
G1 X42.400 Y73.000 F1500
M5
G0 X42.400 Y73.000 F3000
M4 S200
G1 X42.400 Y72.000 F1500
M5
G0 X42.400 Y72.000 F3000
M4 S200
G1 X42.400 Y71.000 F1500
M5
G0 X41.200 Y71.000 F3000
M4 S200
G1 X42.400 Y71.000 F1500
M5
G0 X41.200 Y72.000 F3000
M4 S200
G1 X41.200 Y71.000 F1500
M5
G0 X41.200 Y73.000 F3000
M4 S200
G1 X41.200 Y72.000 F1500
M5
G0 X42.800 Y73.000 F3000
M4 S200
G1 X44.000 Y73.000 F1500
M5
G0 X44.000 Y73.000 F3000
M4 S200
G1 X44.000 Y72.000 F1500
M5
G0 X44.000 Y72.000 F3000
M4 S200
G1 X44.000 Y71.000 F1500
M5
G0 X42.800 Y71.000 F3000
M4 S200
G1 X44.000 Y71.000 F1500
M5
G0 X42.800 Y72.000 F3000
M4 S200
G1 X42.800 Y71.000 F1500
M5
G0 X42.800 Y73.000 F3000
M4 S200
G1 X42.800 Y72.000 F1500
M5
G0 X44.400 Y73.000 F3000
M4 S200
G1 X45.600 Y73.000 F1500
M5
G0 X45.600 Y73.000 F3000
M4 S200
G1 X45.600 Y72.000 F1500
M5
G0 X45.600 Y72.000 F3000
M4 S200
G1 X45.600 Y71.000 F1500
M5
G0 X44.400 Y71.000 F3000
M4 S200
G1 X45.600 Y71.000 F1500
M5
G0 X44.400 Y73.000 F3000
M4 S200
G1 X44.400 Y72.000 F1500
M5
G0 X44.400 Y72.000 F3000
M4 S200
G1 X45.600 Y72.000 F1500
M5
G0 X2.624 Y64.794 F3000
M4 S850
G1 X16.402 Y64.794 F180
G1 X16.563 Y64.786 F180
G1 X16.720 Y64.762 F180
G1 X16.870 Y64.723 F180
G1 X17.015 Y64.670 F180
G1 X17.153 Y64.604 F180
G1 X17.283 Y64.525 F180
G1 X17.404 Y64.434 F180
G1 X17.516 Y64.332 F180
G1 X17.617 Y64.221 F180
G1 X17.708 Y64.099 F180
G1 X17.787 Y63.970 F180
G1 X17.853 Y63.832 F180
G1 X17.906 Y63.687 F180
G1 X17.945 Y63.536 F180
G1 X17.969 Y63.380 F180
G1 X17.977 Y63.219 F180
G1 X17.977 Y54.960 F180
G1 X1.049 Y54.960 F180
G1 X1.049 Y63.219 F180
G1 X1.057 Y63.380 F180
G1 X1.081 Y63.536 F180
G1 X1.120 Y63.687 F180
G1 X1.173 Y63.832 F180
G1 X1.239 Y63.969 F180
G1 X1.318 Y64.099 F180
G1 X1.409 Y64.220 F180
G1 X1.511 Y64.332 F180
G1 X1.622 Y64.434 F180
G1 X1.744 Y64.525 F180
G1 X1.873 Y64.604 F180
G1 X2.011 Y64.670 F180
G1 X2.156 Y64.723 F180
G1 X2.307 Y64.762 F180
G1 X2.463 Y64.786 F180
G1 X2.624 Y64.794 F180
G1 X2.624 Y64.794 F180
M5
G0 X28.951 Y59.416 F3000
M4 S850
G1 X28.929 Y58.979 F180
G1 X28.864 Y58.547 F180
G1 X28.757 Y58.122 F180
G1 X28.609 Y57.711 F180
G1 X28.420 Y57.315 F180
G1 X28.194 Y56.940 F180
G1 X27.931 Y56.589 F180
G1 X27.635 Y56.265 F180
G1 X27.309 Y55.971 F180
G1 X26.955 Y55.711 F180
G1 X26.577 Y55.486 F180
G1 X26.178 Y55.299 F180
G1 X25.763 Y55.152 F180
G1 X25.336 Y55.045 F180
G1 X24.900 Y54.981 F180
G1 X24.459 Y54.960 F180
G1 X24.019 Y54.981 F180
G1 X23.583 Y55.045 F180
G1 X23.156 Y55.152 F180
G1 X22.741 Y55.299 F180
G1 X22.342 Y55.486 F180
G1 X21.964 Y55.711 F180
G1 X21.610 Y55.971 F180
G1 X21.283 Y56.265 F180
G1 X20.987 Y56.589 F180
G1 X20.725 Y56.940 F180
G1 X20.498 Y57.315 F180
G1 X20.310 Y57.711 F180
G1 X20.161 Y58.122 F180
G1 X20.054 Y58.547 F180
G1 X19.990 Y58.979 F180
G1 X19.968 Y59.416 F180
G1 X19.990 Y59.853 F180
G1 X20.054 Y60.285 F180
G1 X20.161 Y60.709 F180
G1 X20.310 Y61.121 F180
G1 X20.498 Y61.516 F180
G1 X20.725 Y61.892 F180
G1 X20.987 Y62.243 F180
G1 X21.283 Y62.567 F180
G1 X21.610 Y62.861 F180
G1 X21.964 Y63.121 F180
G1 X22.342 Y63.346 F180
G1 X22.741 Y63.533 F180
G1 X23.156 Y63.680 F180
G1 X23.583 Y63.786 F180
G1 X24.019 Y63.851 F180
G1 X24.459 Y63.872 F180
G1 X24.900 Y63.851 F180
G1 X25.336 Y63.786 F180
G1 X25.763 Y63.680 F180
G1 X26.178 Y63.533 F180
G1 X26.577 Y63.346 F180
G1 X26.955 Y63.121 F180
G1 X27.309 Y62.861 F180
G1 X27.635 Y62.567 F180
G1 X27.931 Y62.243 F180
G1 X28.194 Y61.892 F180
G1 X28.420 Y61.516 F180
G1 X28.609 Y61.121 F180
G1 X28.757 Y60.709 F180
G1 X28.864 Y60.285 F180
G1 X28.929 Y59.853 F180
G1 X28.951 Y59.416 F180
M5
G0 X15.568 Y41.390 F3000
M4 S850
G1 X28.488 Y50.972 F180
G1 X28.633 Y51.098 F180
G1 X28.748 Y51.239 F180
G1 X28.835 Y51.391 F180
G1 X28.895 Y51.550 F180
G1 X28.928 Y51.714 F180
G1 X28.936 Y51.880 F180
G1 X28.919 Y52.044 F180
G1 X28.878 Y52.205 F180
G1 X28.815 Y52.357 F180
G1 X28.731 Y52.499 F180
G1 X28.626 Y52.628 F180
G1 X28.502 Y52.740 F180
G1 X28.359 Y52.833 F180
G1 X28.199 Y52.903 F180
G1 X28.022 Y52.947 F180
G1 X27.830 Y52.962 F180
G1 X2.192 Y52.962 F180
G1 X2.000 Y52.947 F180
G1 X1.823 Y52.903 F180
G1 X1.663 Y52.833 F180
G1 X1.520 Y52.740 F180
G1 X1.396 Y52.628 F180
G1 X1.291 Y52.499 F180
G1 X1.207 Y52.357 F180
G1 X1.144 Y52.205 F180
G1 X1.103 Y52.044 F180
G1 X1.086 Y51.880 F180
G1 X1.094 Y51.714 F180
G1 X1.127 Y51.550 F180
G1 X1.186 Y51.391 F180
G1 X1.273 Y51.239 F180
G1 X1.389 Y51.098 F180
G1 X1.534 Y50.972 F180
G1 X14.454 Y41.390 F180
G1 X14.517 Y41.347 F180
G1 X14.583 Y41.310 F180
G1 X14.651 Y41.278 F180
G1 X14.721 Y41.252 F180
G1 X14.792 Y41.232 F180
G1 X14.865 Y41.218 F180
G1 X14.937 Y41.209 F180
G1 X15.011 Y41.206 F180
G1 X15.084 Y41.209 F180
G1 X15.157 Y41.218 F180
G1 X15.229 Y41.232 F180
G1 X15.301 Y41.252 F180
G1 X15.370 Y41.278 F180
G1 X15.438 Y41.310 F180
G1 X15.504 Y41.347 F180
G1 X15.567 Y41.390 F180
G1 X15.568 Y41.390 F180
M5
; pasada 2/2: aplicar z_step_mm de la configuracion (ajuste manual de Z o G-code M-code segun el firmware)
G0 X2.624 Y64.794 F3000
M4 S850
G1 X16.402 Y64.794 F180
G1 X16.563 Y64.786 F180
G1 X16.720 Y64.762 F180
G1 X16.870 Y64.723 F180
G1 X17.015 Y64.670 F180
G1 X17.153 Y64.604 F180
G1 X17.283 Y64.525 F180
G1 X17.404 Y64.434 F180
G1 X17.516 Y64.332 F180
G1 X17.617 Y64.221 F180
G1 X17.708 Y64.099 F180
G1 X17.787 Y63.970 F180
G1 X17.853 Y63.832 F180
G1 X17.906 Y63.687 F180
G1 X17.945 Y63.536 F180
G1 X17.969 Y63.380 F180
G1 X17.977 Y63.219 F180
G1 X17.977 Y54.960 F180
G1 X1.049 Y54.960 F180
G1 X1.049 Y63.219 F180
G1 X1.057 Y63.380 F180
G1 X1.081 Y63.536 F180
G1 X1.120 Y63.687 F180
G1 X1.173 Y63.832 F180
G1 X1.239 Y63.969 F180
G1 X1.318 Y64.099 F180
G1 X1.409 Y64.220 F180
G1 X1.511 Y64.332 F180
G1 X1.622 Y64.434 F180
G1 X1.744 Y64.525 F180
G1 X1.873 Y64.604 F180
G1 X2.011 Y64.670 F180
G1 X2.156 Y64.723 F180
G1 X2.307 Y64.762 F180
G1 X2.463 Y64.786 F180
G1 X2.624 Y64.794 F180
G1 X2.624 Y64.794 F180
M5
G0 X28.951 Y59.416 F3000
M4 S850
G1 X28.929 Y58.979 F180
G1 X28.864 Y58.547 F180
G1 X28.757 Y58.122 F180
G1 X28.609 Y57.711 F180
G1 X28.420 Y57.315 F180
G1 X28.194 Y56.940 F180
G1 X27.931 Y56.589 F180
G1 X27.635 Y56.265 F180
G1 X27.309 Y55.971 F180
G1 X26.955 Y55.711 F180
G1 X26.577 Y55.486 F180
G1 X26.178 Y55.299 F180
G1 X25.763 Y55.152 F180
G1 X25.336 Y55.045 F180
G1 X24.900 Y54.981 F180
G1 X24.459 Y54.960 F180
G1 X24.019 Y54.981 F180
G1 X23.583 Y55.045 F180
G1 X23.156 Y55.152 F180
G1 X22.741 Y55.299 F180
G1 X22.342 Y55.486 F180
G1 X21.964 Y55.711 F180
G1 X21.610 Y55.971 F180
G1 X21.283 Y56.265 F180
G1 X20.987 Y56.589 F180
G1 X20.725 Y56.940 F180
G1 X20.498 Y57.315 F180
G1 X20.310 Y57.711 F180
G1 X20.161 Y58.122 F180
G1 X20.054 Y58.547 F180
G1 X19.990 Y58.979 F180
G1 X19.968 Y59.416 F180
G1 X19.990 Y59.853 F180
G1 X20.054 Y60.285 F180
G1 X20.161 Y60.709 F180
G1 X20.310 Y61.121 F180
G1 X20.498 Y61.516 F180
G1 X20.725 Y61.892 F180
G1 X20.987 Y62.243 F180
G1 X21.283 Y62.567 F180
G1 X21.610 Y62.861 F180
G1 X21.964 Y63.121 F180
G1 X22.342 Y63.346 F180
G1 X22.741 Y63.533 F180
G1 X23.156 Y63.680 F180
G1 X23.583 Y63.786 F180
G1 X24.019 Y63.851 F180
G1 X24.459 Y63.872 F180
G1 X24.900 Y63.851 F180
G1 X25.336 Y63.786 F180
G1 X25.763 Y63.680 F180
G1 X26.178 Y63.533 F180
G1 X26.577 Y63.346 F180
G1 X26.955 Y63.121 F180
G1 X27.309 Y62.861 F180
G1 X27.635 Y62.567 F180
G1 X27.931 Y62.243 F180
G1 X28.194 Y61.892 F180
G1 X28.420 Y61.516 F180
G1 X28.609 Y61.121 F180
G1 X28.757 Y60.709 F180
G1 X28.864 Y60.285 F180
G1 X28.929 Y59.853 F180
G1 X28.951 Y59.416 F180
M5
G0 X15.568 Y41.390 F3000
M4 S850
G1 X28.488 Y50.972 F180
G1 X28.633 Y51.098 F180
G1 X28.748 Y51.239 F180
G1 X28.835 Y51.391 F180
G1 X28.895 Y51.550 F180
G1 X28.928 Y51.714 F180
G1 X28.936 Y51.880 F180
G1 X28.919 Y52.044 F180
G1 X28.878 Y52.205 F180
G1 X28.815 Y52.357 F180
G1 X28.731 Y52.499 F180
G1 X28.626 Y52.628 F180
G1 X28.502 Y52.740 F180
G1 X28.359 Y52.833 F180
G1 X28.199 Y52.903 F180
G1 X28.022 Y52.947 F180
G1 X27.830 Y52.962 F180
G1 X2.192 Y52.962 F180
G1 X2.000 Y52.947 F180
G1 X1.823 Y52.903 F180
G1 X1.663 Y52.833 F180
G1 X1.520 Y52.740 F180
G1 X1.396 Y52.628 F180
G1 X1.291 Y52.499 F180
G1 X1.207 Y52.357 F180
G1 X1.144 Y52.205 F180
G1 X1.103 Y52.044 F180
G1 X1.086 Y51.880 F180
G1 X1.094 Y51.714 F180
G1 X1.127 Y51.550 F180
G1 X1.186 Y51.391 F180
G1 X1.273 Y51.239 F180
G1 X1.389 Y51.098 F180
G1 X1.534 Y50.972 F180
G1 X14.454 Y41.390 F180
G1 X14.517 Y41.347 F180
G1 X14.583 Y41.310 F180
G1 X14.651 Y41.278 F180
G1 X14.721 Y41.252 F180
G1 X14.792 Y41.232 F180
G1 X14.865 Y41.218 F180
G1 X14.937 Y41.209 F180
G1 X15.011 Y41.206 F180
G1 X15.084 Y41.209 F180
G1 X15.157 Y41.218 F180
G1 X15.229 Y41.232 F180
G1 X15.301 Y41.252 F180
G1 X15.370 Y41.278 F180
G1 X15.438 Y41.310 F180
G1 X15.504 Y41.347 F180
G1 X15.567 Y41.390 F180
G1 X15.568 Y41.390 F180
M5
G0 X0.000 Y73.000 F3000
M4 S200
G1 X1.200 Y73.000 F1500
M5
G0 X0.000 Y73.000 F3000
M4 S200
G1 X0.000 Y72.000 F1500
M5
G0 X0.000 Y72.000 F3000
M4 S200
G1 X0.000 Y71.000 F1500
M5
G0 X0.000 Y71.000 F3000
M4 S200
G1 X1.200 Y71.000 F1500
M5
G0 X1.600 Y72.000 F3000
M4 S200
G1 X2.800 Y72.000 F1500
M5
G0 X3.200 Y73.000 F3000
M4 S200
G1 X4.400 Y73.000 F1500
M5
G0 X4.400 Y73.000 F3000
M4 S200
G1 X4.400 Y72.000 F1500
M5
G0 X4.400 Y72.000 F3000
M4 S200
G1 X4.400 Y71.000 F1500
M5
G0 X3.200 Y71.000 F3000
M4 S200
G1 X4.400 Y71.000 F1500
M5
G0 X3.200 Y72.000 F3000
M4 S200
G1 X3.200 Y71.000 F1500
M5
G0 X3.200 Y73.000 F3000
M4 S200
G1 X3.200 Y72.000 F1500
M5
G0 X6.000 Y73.000 F3000
M4 S200
G1 X6.000 Y72.000 F1500
M5
G0 X6.000 Y72.000 F3000
M4 S200
G1 X6.000 Y71.000 F1500
M5
G0 X6.400 Y73.000 F3000
M4 S200
G1 X7.600 Y73.000 F1500
M5
G0 X7.600 Y73.000 F3000
M4 S200
G1 X7.600 Y72.000 F1500
M5
G0 X7.600 Y72.000 F3000
M4 S200
G1 X7.600 Y71.000 F1500
M5
G0 X6.400 Y71.000 F3000
M4 S200
G1 X7.600 Y71.000 F1500
M5
G0 X6.400 Y72.000 F3000
M4 S200
G1 X6.400 Y71.000 F1500
M5
G0 X6.400 Y73.000 F3000
M4 S200
G1 X6.400 Y72.000 F1500
M5
G0 X2.624 Y102.794 F3000
M4 S1000
G1 X16.402 Y102.794 F180
G1 X16.563 Y102.786 F180
G1 X16.720 Y102.762 F180
G1 X16.870 Y102.723 F180
G1 X17.015 Y102.670 F180
G1 X17.153 Y102.604 F180
G1 X17.283 Y102.525 F180
G1 X17.404 Y102.434 F180
G1 X17.516 Y102.332 F180
G1 X17.617 Y102.221 F180
G1 X17.708 Y102.099 F180
G1 X17.787 Y101.970 F180
G1 X17.853 Y101.832 F180
G1 X17.906 Y101.687 F180
G1 X17.945 Y101.536 F180
G1 X17.969 Y101.380 F180
G1 X17.977 Y101.219 F180
G1 X17.977 Y92.960 F180
G1 X1.049 Y92.960 F180
G1 X1.049 Y101.219 F180
G1 X1.057 Y101.380 F180
G1 X1.081 Y101.536 F180
G1 X1.120 Y101.687 F180
G1 X1.173 Y101.832 F180
G1 X1.239 Y101.969 F180
G1 X1.318 Y102.099 F180
G1 X1.409 Y102.220 F180
G1 X1.511 Y102.332 F180
G1 X1.622 Y102.434 F180
G1 X1.744 Y102.525 F180
G1 X1.873 Y102.604 F180
G1 X2.011 Y102.670 F180
G1 X2.156 Y102.723 F180
G1 X2.307 Y102.762 F180
G1 X2.463 Y102.786 F180
G1 X2.624 Y102.794 F180
G1 X2.624 Y102.794 F180
M5
G0 X28.951 Y97.416 F3000
M4 S1000
G1 X28.929 Y96.979 F180
G1 X28.864 Y96.547 F180
G1 X28.757 Y96.122 F180
G1 X28.609 Y95.711 F180
G1 X28.420 Y95.315 F180
G1 X28.194 Y94.940 F180
G1 X27.931 Y94.589 F180
G1 X27.635 Y94.265 F180
G1 X27.309 Y93.971 F180
G1 X26.955 Y93.711 F180
G1 X26.577 Y93.486 F180
G1 X26.178 Y93.299 F180
G1 X25.763 Y93.152 F180
G1 X25.336 Y93.045 F180
G1 X24.900 Y92.981 F180
G1 X24.459 Y92.960 F180
G1 X24.019 Y92.981 F180
G1 X23.583 Y93.045 F180
G1 X23.156 Y93.152 F180
G1 X22.741 Y93.299 F180
G1 X22.342 Y93.486 F180
G1 X21.964 Y93.711 F180
G1 X21.610 Y93.971 F180
G1 X21.283 Y94.265 F180
G1 X20.987 Y94.589 F180
G1 X20.725 Y94.940 F180
G1 X20.498 Y95.315 F180
G1 X20.310 Y95.711 F180
G1 X20.161 Y96.122 F180
G1 X20.054 Y96.547 F180
G1 X19.990 Y96.979 F180
G1 X19.968 Y97.416 F180
G1 X19.990 Y97.853 F180
G1 X20.054 Y98.285 F180
G1 X20.161 Y98.709 F180
G1 X20.310 Y99.121 F180
G1 X20.498 Y99.516 F180
G1 X20.725 Y99.892 F180
G1 X20.987 Y100.243 F180
G1 X21.283 Y100.567 F180
G1 X21.610 Y100.861 F180
G1 X21.964 Y101.121 F180
G1 X22.342 Y101.346 F180
G1 X22.741 Y101.533 F180
G1 X23.156 Y101.680 F180
G1 X23.583 Y101.786 F180
G1 X24.019 Y101.851 F180
G1 X24.459 Y101.872 F180
G1 X24.900 Y101.851 F180
G1 X25.336 Y101.786 F180
G1 X25.763 Y101.680 F180
G1 X26.178 Y101.533 F180
G1 X26.577 Y101.346 F180
G1 X26.955 Y101.121 F180
G1 X27.309 Y100.861 F180
G1 X27.635 Y100.567 F180
G1 X27.931 Y100.243 F180
G1 X28.194 Y99.892 F180
G1 X28.420 Y99.516 F180
G1 X28.609 Y99.121 F180
G1 X28.757 Y98.709 F180
G1 X28.864 Y98.285 F180
G1 X28.929 Y97.853 F180
G1 X28.951 Y97.416 F180
M5
G0 X15.568 Y79.390 F3000
M4 S1000
G1 X28.488 Y88.972 F180
G1 X28.633 Y89.098 F180
G1 X28.748 Y89.239 F180
G1 X28.835 Y89.391 F180
G1 X28.895 Y89.550 F180
G1 X28.928 Y89.714 F180
G1 X28.936 Y89.880 F180
G1 X28.919 Y90.044 F180
G1 X28.878 Y90.205 F180
G1 X28.815 Y90.357 F180
G1 X28.731 Y90.499 F180
G1 X28.626 Y90.628 F180
G1 X28.502 Y90.740 F180
G1 X28.359 Y90.833 F180
G1 X28.199 Y90.903 F180
G1 X28.022 Y90.947 F180
G1 X27.830 Y90.962 F180
G1 X2.192 Y90.962 F180
G1 X2.000 Y90.947 F180
G1 X1.823 Y90.903 F180
G1 X1.663 Y90.833 F180
G1 X1.520 Y90.740 F180
G1 X1.396 Y90.628 F180
G1 X1.291 Y90.499 F180
G1 X1.207 Y90.357 F180
G1 X1.144 Y90.205 F180
G1 X1.103 Y90.044 F180
G1 X1.086 Y89.880 F180
G1 X1.094 Y89.714 F180
G1 X1.127 Y89.550 F180
G1 X1.186 Y89.391 F180
G1 X1.273 Y89.239 F180
G1 X1.389 Y89.098 F180
G1 X1.534 Y88.972 F180
G1 X14.454 Y79.390 F180
G1 X14.517 Y79.347 F180
G1 X14.583 Y79.310 F180
G1 X14.651 Y79.278 F180
G1 X14.721 Y79.252 F180
G1 X14.792 Y79.232 F180
G1 X14.865 Y79.218 F180
G1 X14.937 Y79.209 F180
G1 X15.011 Y79.206 F180
G1 X15.084 Y79.209 F180
G1 X15.157 Y79.218 F180
G1 X15.229 Y79.232 F180
G1 X15.301 Y79.252 F180
G1 X15.370 Y79.278 F180
G1 X15.438 Y79.310 F180
G1 X15.504 Y79.347 F180
G1 X15.567 Y79.390 F180
G1 X15.568 Y79.390 F180
M5
; pasada 2/2: aplicar z_step_mm de la configuracion (ajuste manual de Z o G-code M-code segun el firmware)
G0 X2.624 Y102.794 F3000
M4 S1000
G1 X16.402 Y102.794 F180
G1 X16.563 Y102.786 F180
G1 X16.720 Y102.762 F180
G1 X16.870 Y102.723 F180
G1 X17.015 Y102.670 F180
G1 X17.153 Y102.604 F180
G1 X17.283 Y102.525 F180
G1 X17.404 Y102.434 F180
G1 X17.516 Y102.332 F180
G1 X17.617 Y102.221 F180
G1 X17.708 Y102.099 F180
G1 X17.787 Y101.970 F180
G1 X17.853 Y101.832 F180
G1 X17.906 Y101.687 F180
G1 X17.945 Y101.536 F180
G1 X17.969 Y101.380 F180
G1 X17.977 Y101.219 F180
G1 X17.977 Y92.960 F180
G1 X1.049 Y92.960 F180
G1 X1.049 Y101.219 F180
G1 X1.057 Y101.380 F180
G1 X1.081 Y101.536 F180
G1 X1.120 Y101.687 F180
G1 X1.173 Y101.832 F180
G1 X1.239 Y101.969 F180
G1 X1.318 Y102.099 F180
G1 X1.409 Y102.220 F180
G1 X1.511 Y102.332 F180
G1 X1.622 Y102.434 F180
G1 X1.744 Y102.525 F180
G1 X1.873 Y102.604 F180
G1 X2.011 Y102.670 F180
G1 X2.156 Y102.723 F180
G1 X2.307 Y102.762 F180
G1 X2.463 Y102.786 F180
G1 X2.624 Y102.794 F180
G1 X2.624 Y102.794 F180
M5
G0 X28.951 Y97.416 F3000
M4 S1000
G1 X28.929 Y96.979 F180
G1 X28.864 Y96.547 F180
G1 X28.757 Y96.122 F180
G1 X28.609 Y95.711 F180
G1 X28.420 Y95.315 F180
G1 X28.194 Y94.940 F180
G1 X27.931 Y94.589 F180
G1 X27.635 Y94.265 F180
G1 X27.309 Y93.971 F180
G1 X26.955 Y93.711 F180
G1 X26.577 Y93.486 F180
G1 X26.178 Y93.299 F180
G1 X25.763 Y93.152 F180
G1 X25.336 Y93.045 F180
G1 X24.900 Y92.981 F180
G1 X24.459 Y92.960 F180
G1 X24.019 Y92.981 F180
G1 X23.583 Y93.045 F180
G1 X23.156 Y93.152 F180
G1 X22.741 Y93.299 F180
G1 X22.342 Y93.486 F180
G1 X21.964 Y93.711 F180
G1 X21.610 Y93.971 F180
G1 X21.283 Y94.265 F180
G1 X20.987 Y94.589 F180
G1 X20.725 Y94.940 F180
G1 X20.498 Y95.315 F180
G1 X20.310 Y95.711 F180
G1 X20.161 Y96.122 F180
G1 X20.054 Y96.547 F180
G1 X19.990 Y96.979 F180
G1 X19.968 Y97.416 F180
G1 X19.990 Y97.853 F180
G1 X20.054 Y98.285 F180
G1 X20.161 Y98.709 F180
G1 X20.310 Y99.121 F180
G1 X20.498 Y99.516 F180
G1 X20.725 Y99.892 F180
G1 X20.987 Y100.243 F180
G1 X21.283 Y100.567 F180
G1 X21.610 Y100.861 F180
G1 X21.964 Y101.121 F180
G1 X22.342 Y101.346 F180
G1 X22.741 Y101.533 F180
G1 X23.156 Y101.680 F180
G1 X23.583 Y101.786 F180
G1 X24.019 Y101.851 F180
G1 X24.459 Y101.872 F180
G1 X24.900 Y101.851 F180
G1 X25.336 Y101.786 F180
G1 X25.763 Y101.680 F180
G1 X26.178 Y101.533 F180
G1 X26.577 Y101.346 F180
G1 X26.955 Y101.121 F180
G1 X27.309 Y100.861 F180
G1 X27.635 Y100.567 F180
G1 X27.931 Y100.243 F180
G1 X28.194 Y99.892 F180
G1 X28.420 Y99.516 F180
G1 X28.609 Y99.121 F180
G1 X28.757 Y98.709 F180
G1 X28.864 Y98.285 F180
G1 X28.929 Y97.853 F180
G1 X28.951 Y97.416 F180
M5
G0 X15.568 Y79.390 F3000
M4 S1000
G1 X28.488 Y88.972 F180
G1 X28.633 Y89.098 F180
G1 X28.748 Y89.239 F180
G1 X28.835 Y89.391 F180
G1 X28.895 Y89.550 F180
G1 X28.928 Y89.714 F180
G1 X28.936 Y89.880 F180
G1 X28.919 Y90.044 F180
G1 X28.878 Y90.205 F180
G1 X28.815 Y90.357 F180
G1 X28.731 Y90.499 F180
G1 X28.626 Y90.628 F180
G1 X28.502 Y90.740 F180
G1 X28.359 Y90.833 F180
G1 X28.199 Y90.903 F180
G1 X28.022 Y90.947 F180
G1 X27.830 Y90.962 F180
G1 X2.192 Y90.962 F180
G1 X2.000 Y90.947 F180
G1 X1.823 Y90.903 F180
G1 X1.663 Y90.833 F180
G1 X1.520 Y90.740 F180
G1 X1.396 Y90.628 F180
G1 X1.291 Y90.499 F180
G1 X1.207 Y90.357 F180
G1 X1.144 Y90.205 F180
G1 X1.103 Y90.044 F180
G1 X1.086 Y89.880 F180
G1 X1.094 Y89.714 F180
G1 X1.127 Y89.550 F180
G1 X1.186 Y89.391 F180
G1 X1.273 Y89.239 F180
G1 X1.389 Y89.098 F180
G1 X1.534 Y88.972 F180
G1 X14.454 Y79.390 F180
G1 X14.517 Y79.347 F180
G1 X14.583 Y79.310 F180
G1 X14.651 Y79.278 F180
G1 X14.721 Y79.252 F180
G1 X14.792 Y79.232 F180
G1 X14.865 Y79.218 F180
G1 X14.937 Y79.209 F180
G1 X15.011 Y79.206 F180
G1 X15.084 Y79.209 F180
G1 X15.157 Y79.218 F180
G1 X15.229 Y79.232 F180
G1 X15.301 Y79.252 F180
G1 X15.370 Y79.278 F180
G1 X15.438 Y79.310 F180
G1 X15.504 Y79.347 F180
G1 X15.567 Y79.390 F180
G1 X15.568 Y79.390 F180
M5
G0 X0.000 Y111.000 F3000
M4 S200
G1 X1.200 Y111.000 F1500
M5
G0 X0.000 Y111.000 F3000
M4 S200
G1 X0.000 Y110.000 F1500
M5
G0 X0.000 Y110.000 F3000
M4 S200
G1 X0.000 Y109.000 F1500
M5
G0 X0.000 Y109.000 F3000
M4 S200
G1 X1.200 Y109.000 F1500
M5
G0 X1.600 Y110.000 F3000
M4 S200
G1 X2.800 Y110.000 F1500
M5
G0 X3.200 Y111.000 F3000
M4 S200
G1 X4.400 Y111.000 F1500
M5
G0 X4.400 Y111.000 F3000
M4 S200
G1 X4.400 Y110.000 F1500
M5
G0 X4.400 Y110.000 F3000
M4 S200
G1 X4.400 Y109.000 F1500
M5
G0 X3.200 Y109.000 F3000
M4 S200
G1 X4.400 Y109.000 F1500
M5
G0 X3.200 Y110.000 F3000
M4 S200
G1 X3.200 Y109.000 F1500
M5
G0 X3.200 Y111.000 F3000
M4 S200
G1 X3.200 Y110.000 F1500
M5
G0 X6.000 Y111.000 F3000
M4 S200
G1 X6.000 Y110.000 F1500
M5
G0 X6.000 Y110.000 F3000
M4 S200
G1 X6.000 Y109.000 F1500
M5
G0 X7.600 Y111.000 F3000
M4 S200
G1 X7.600 Y110.000 F1500
M5
G0 X7.600 Y110.000 F3000
M4 S200
G1 X7.600 Y109.000 F1500
M5
G0 X40.624 Y102.794 F3000
M4 S1000
G1 X54.403 Y102.794 F210
G1 X54.563 Y102.786 F210
G1 X54.720 Y102.762 F210
G1 X54.870 Y102.723 F210
G1 X55.015 Y102.670 F210
G1 X55.153 Y102.604 F210
G1 X55.283 Y102.525 F210
G1 X55.404 Y102.434 F210
G1 X55.516 Y102.332 F210
G1 X55.617 Y102.221 F210
G1 X55.708 Y102.099 F210
G1 X55.787 Y101.970 F210
G1 X55.853 Y101.832 F210
G1 X55.906 Y101.687 F210
G1 X55.945 Y101.536 F210
G1 X55.969 Y101.380 F210
G1 X55.977 Y101.219 F210
G1 X55.977 Y92.960 F210
G1 X39.049 Y92.960 F210
G1 X39.049 Y101.219 F210
G1 X39.057 Y101.380 F210
G1 X39.081 Y101.536 F210
G1 X39.120 Y101.687 F210
G1 X39.173 Y101.832 F210
G1 X39.239 Y101.969 F210
G1 X39.318 Y102.099 F210
G1 X39.409 Y102.220 F210
G1 X39.511 Y102.332 F210
G1 X39.622 Y102.434 F210
G1 X39.744 Y102.525 F210
G1 X39.873 Y102.604 F210
G1 X40.011 Y102.670 F210
G1 X40.156 Y102.723 F210
G1 X40.307 Y102.762 F210
G1 X40.463 Y102.786 F210
G1 X40.624 Y102.794 F210
G1 X40.624 Y102.794 F210
M5
G0 X66.951 Y97.416 F3000
M4 S1000
G1 X66.929 Y96.979 F210
G1 X66.864 Y96.547 F210
G1 X66.757 Y96.122 F210
G1 X66.609 Y95.711 F210
G1 X66.420 Y95.315 F210
G1 X66.194 Y94.940 F210
G1 X65.931 Y94.589 F210
G1 X65.635 Y94.265 F210
G1 X65.309 Y93.971 F210
G1 X64.955 Y93.711 F210
G1 X64.577 Y93.486 F210
G1 X64.178 Y93.299 F210
G1 X63.763 Y93.152 F210
G1 X63.336 Y93.045 F210
G1 X62.900 Y92.981 F210
G1 X62.459 Y92.960 F210
G1 X62.019 Y92.981 F210
G1 X61.583 Y93.045 F210
G1 X61.156 Y93.152 F210
G1 X60.741 Y93.299 F210
G1 X60.342 Y93.486 F210
G1 X59.964 Y93.711 F210
G1 X59.610 Y93.971 F210
G1 X59.283 Y94.265 F210
G1 X58.987 Y94.589 F210
G1 X58.725 Y94.940 F210
G1 X58.498 Y95.315 F210
G1 X58.310 Y95.711 F210
G1 X58.161 Y96.122 F210
G1 X58.054 Y96.547 F210
G1 X57.990 Y96.979 F210
G1 X57.968 Y97.416 F210
G1 X57.990 Y97.853 F210
G1 X58.054 Y98.285 F210
G1 X58.161 Y98.709 F210
G1 X58.310 Y99.121 F210
G1 X58.498 Y99.516 F210
G1 X58.725 Y99.892 F210
G1 X58.987 Y100.243 F210
G1 X59.283 Y100.567 F210
G1 X59.610 Y100.861 F210
G1 X59.964 Y101.121 F210
G1 X60.342 Y101.346 F210
G1 X60.741 Y101.533 F210
G1 X61.156 Y101.680 F210
G1 X61.583 Y101.786 F210
G1 X62.019 Y101.851 F210
G1 X62.459 Y101.872 F210
G1 X62.900 Y101.851 F210
G1 X63.336 Y101.786 F210
G1 X63.763 Y101.680 F210
G1 X64.178 Y101.533 F210
G1 X64.577 Y101.346 F210
G1 X64.955 Y101.121 F210
G1 X65.309 Y100.861 F210
G1 X65.635 Y100.567 F210
G1 X65.931 Y100.243 F210
G1 X66.194 Y99.892 F210
G1 X66.420 Y99.516 F210
G1 X66.609 Y99.121 F210
G1 X66.757 Y98.709 F210
G1 X66.864 Y98.285 F210
G1 X66.929 Y97.853 F210
G1 X66.951 Y97.416 F210
M5
G0 X53.568 Y79.390 F3000
M4 S1000
G1 X66.488 Y88.972 F210
G1 X66.633 Y89.098 F210
G1 X66.748 Y89.239 F210
G1 X66.835 Y89.391 F210
G1 X66.895 Y89.550 F210
G1 X66.928 Y89.714 F210
G1 X66.936 Y89.880 F210
G1 X66.919 Y90.044 F210
G1 X66.878 Y90.205 F210
G1 X66.815 Y90.357 F210
G1 X66.731 Y90.499 F210
G1 X66.626 Y90.628 F210
G1 X66.502 Y90.740 F210
G1 X66.359 Y90.833 F210
G1 X66.199 Y90.903 F210
G1 X66.022 Y90.947 F210
G1 X65.830 Y90.962 F210
G1 X40.192 Y90.962 F210
G1 X40.000 Y90.947 F210
G1 X39.823 Y90.903 F210
G1 X39.663 Y90.833 F210
G1 X39.520 Y90.740 F210
G1 X39.396 Y90.628 F210
G1 X39.291 Y90.499 F210
G1 X39.207 Y90.357 F210
G1 X39.144 Y90.205 F210
G1 X39.103 Y90.044 F210
G1 X39.086 Y89.880 F210
G1 X39.094 Y89.714 F210
G1 X39.127 Y89.550 F210
G1 X39.186 Y89.391 F210
G1 X39.273 Y89.239 F210
G1 X39.389 Y89.098 F210
G1 X39.534 Y88.972 F210
G1 X52.454 Y79.390 F210
G1 X52.517 Y79.347 F210
G1 X52.583 Y79.310 F210
G1 X52.651 Y79.278 F210
G1 X52.721 Y79.252 F210
G1 X52.792 Y79.232 F210
G1 X52.865 Y79.218 F210
G1 X52.937 Y79.209 F210
G1 X53.011 Y79.206 F210
G1 X53.084 Y79.209 F210
G1 X53.157 Y79.218 F210
G1 X53.229 Y79.232 F210
G1 X53.301 Y79.252 F210
G1 X53.370 Y79.278 F210
G1 X53.438 Y79.310 F210
G1 X53.504 Y79.347 F210
G1 X53.567 Y79.390 F210
G1 X53.568 Y79.390 F210
M5
; pasada 2/2: aplicar z_step_mm de la configuracion (ajuste manual de Z o G-code M-code segun el firmware)
G0 X40.624 Y102.794 F3000
M4 S1000
G1 X54.403 Y102.794 F210
G1 X54.563 Y102.786 F210
G1 X54.720 Y102.762 F210
G1 X54.870 Y102.723 F210
G1 X55.015 Y102.670 F210
G1 X55.153 Y102.604 F210
G1 X55.283 Y102.525 F210
G1 X55.404 Y102.434 F210
G1 X55.516 Y102.332 F210
G1 X55.617 Y102.221 F210
G1 X55.708 Y102.099 F210
G1 X55.787 Y101.970 F210
G1 X55.853 Y101.832 F210
G1 X55.906 Y101.687 F210
G1 X55.945 Y101.536 F210
G1 X55.969 Y101.380 F210
G1 X55.977 Y101.219 F210
G1 X55.977 Y92.960 F210
G1 X39.049 Y92.960 F210
G1 X39.049 Y101.219 F210
G1 X39.057 Y101.380 F210
G1 X39.081 Y101.536 F210
G1 X39.120 Y101.687 F210
G1 X39.173 Y101.832 F210
G1 X39.239 Y101.969 F210
G1 X39.318 Y102.099 F210
G1 X39.409 Y102.220 F210
G1 X39.511 Y102.332 F210
G1 X39.622 Y102.434 F210
G1 X39.744 Y102.525 F210
G1 X39.873 Y102.604 F210
G1 X40.011 Y102.670 F210
G1 X40.156 Y102.723 F210
G1 X40.307 Y102.762 F210
G1 X40.463 Y102.786 F210
G1 X40.624 Y102.794 F210
G1 X40.624 Y102.794 F210
M5
G0 X66.951 Y97.416 F3000
M4 S1000
G1 X66.929 Y96.979 F210
G1 X66.864 Y96.547 F210
G1 X66.757 Y96.122 F210
G1 X66.609 Y95.711 F210
G1 X66.420 Y95.315 F210
G1 X66.194 Y94.940 F210
G1 X65.931 Y94.589 F210
G1 X65.635 Y94.265 F210
G1 X65.309 Y93.971 F210
G1 X64.955 Y93.711 F210
G1 X64.577 Y93.486 F210
G1 X64.178 Y93.299 F210
G1 X63.763 Y93.152 F210
G1 X63.336 Y93.045 F210
G1 X62.900 Y92.981 F210
G1 X62.459 Y92.960 F210
G1 X62.019 Y92.981 F210
G1 X61.583 Y93.045 F210
G1 X61.156 Y93.152 F210
G1 X60.741 Y93.299 F210
G1 X60.342 Y93.486 F210
G1 X59.964 Y93.711 F210
G1 X59.610 Y93.971 F210
G1 X59.283 Y94.265 F210
G1 X58.987 Y94.589 F210
G1 X58.725 Y94.940 F210
G1 X58.498 Y95.315 F210
G1 X58.310 Y95.711 F210
G1 X58.161 Y96.122 F210
G1 X58.054 Y96.547 F210
G1 X57.990 Y96.979 F210
G1 X57.968 Y97.416 F210
G1 X57.990 Y97.853 F210
G1 X58.054 Y98.285 F210
G1 X58.161 Y98.709 F210
G1 X58.310 Y99.121 F210
G1 X58.498 Y99.516 F210
G1 X58.725 Y99.892 F210
G1 X58.987 Y100.243 F210
G1 X59.283 Y100.567 F210
G1 X59.610 Y100.861 F210
G1 X59.964 Y101.121 F210
G1 X60.342 Y101.346 F210
G1 X60.741 Y101.533 F210
G1 X61.156 Y101.680 F210
G1 X61.583 Y101.786 F210
G1 X62.019 Y101.851 F210
G1 X62.459 Y101.872 F210
G1 X62.900 Y101.851 F210
G1 X63.336 Y101.786 F210
G1 X63.763 Y101.680 F210
G1 X64.178 Y101.533 F210
G1 X64.577 Y101.346 F210
G1 X64.955 Y101.121 F210
G1 X65.309 Y100.861 F210
G1 X65.635 Y100.567 F210
G1 X65.931 Y100.243 F210
G1 X66.194 Y99.892 F210
G1 X66.420 Y99.516 F210
G1 X66.609 Y99.121 F210
G1 X66.757 Y98.709 F210
G1 X66.864 Y98.285 F210
G1 X66.929 Y97.853 F210
G1 X66.951 Y97.416 F210
M5
G0 X53.568 Y79.390 F3000
M4 S1000
G1 X66.488 Y88.972 F210
G1 X66.633 Y89.098 F210
G1 X66.748 Y89.239 F210
G1 X66.835 Y89.391 F210
G1 X66.895 Y89.550 F210
G1 X66.928 Y89.714 F210
G1 X66.936 Y89.880 F210
G1 X66.919 Y90.044 F210
G1 X66.878 Y90.205 F210
G1 X66.815 Y90.357 F210
G1 X66.731 Y90.499 F210
G1 X66.626 Y90.628 F210
G1 X66.502 Y90.740 F210
G1 X66.359 Y90.833 F210
G1 X66.199 Y90.903 F210
G1 X66.022 Y90.947 F210
G1 X65.830 Y90.962 F210
G1 X40.192 Y90.962 F210
G1 X40.000 Y90.947 F210
G1 X39.823 Y90.903 F210
G1 X39.663 Y90.833 F210
G1 X39.520 Y90.740 F210
G1 X39.396 Y90.628 F210
G1 X39.291 Y90.499 F210
G1 X39.207 Y90.357 F210
G1 X39.144 Y90.205 F210
G1 X39.103 Y90.044 F210
G1 X39.086 Y89.880 F210
G1 X39.094 Y89.714 F210
G1 X39.127 Y89.550 F210
G1 X39.186 Y89.391 F210
G1 X39.273 Y89.239 F210
G1 X39.389 Y89.098 F210
G1 X39.534 Y88.972 F210
G1 X52.454 Y79.390 F210
G1 X52.517 Y79.347 F210
G1 X52.583 Y79.310 F210
G1 X52.651 Y79.278 F210
G1 X52.721 Y79.252 F210
G1 X52.792 Y79.232 F210
G1 X52.865 Y79.218 F210
G1 X52.937 Y79.209 F210
G1 X53.011 Y79.206 F210
G1 X53.084 Y79.209 F210
G1 X53.157 Y79.218 F210
G1 X53.229 Y79.232 F210
G1 X53.301 Y79.252 F210
G1 X53.370 Y79.278 F210
G1 X53.438 Y79.310 F210
G1 X53.504 Y79.347 F210
G1 X53.567 Y79.390 F210
G1 X53.568 Y79.390 F210
M5
G0 X38.000 Y111.000 F3000
M4 S200
G1 X39.200 Y111.000 F1500
M5
G0 X38.000 Y111.000 F3000
M4 S200
G1 X38.000 Y110.000 F1500
M5
G0 X38.000 Y110.000 F3000
M4 S200
G1 X38.000 Y109.000 F1500
M5
G0 X38.000 Y109.000 F3000
M4 S200
G1 X39.200 Y109.000 F1500
M5
G0 X39.600 Y110.000 F3000
M4 S200
G1 X40.800 Y110.000 F1500
M5
G0 X41.200 Y111.000 F3000
M4 S200
G1 X42.400 Y111.000 F1500
M5
G0 X42.400 Y111.000 F3000
M4 S200
G1 X42.400 Y110.000 F1500
M5
G0 X42.400 Y110.000 F3000
M4 S200
G1 X42.400 Y109.000 F1500
M5
G0 X41.200 Y109.000 F3000
M4 S200
G1 X42.400 Y109.000 F1500
M5
G0 X41.200 Y110.000 F3000
M4 S200
G1 X41.200 Y109.000 F1500
M5
G0 X41.200 Y111.000 F3000
M4 S200
G1 X41.200 Y110.000 F1500
M5
G0 X44.000 Y111.000 F3000
M4 S200
G1 X44.000 Y110.000 F1500
M5
G0 X44.000 Y110.000 F3000
M4 S200
G1 X44.000 Y109.000 F1500
M5
G0 X44.400 Y111.000 F3000
M4 S200
G1 X45.600 Y111.000 F1500
M5
G0 X45.600 Y111.000 F3000
M4 S200
G1 X45.600 Y110.000 F1500
M5
G0 X44.400 Y110.000 F3000
M4 S200
G1 X45.600 Y110.000 F1500
M5
G0 X44.400 Y110.000 F3000
M4 S200
G1 X44.400 Y109.000 F1500
M5
G0 X44.400 Y109.000 F3000
M4 S200
G1 X45.600 Y109.000 F1500
M5
G0 X78.624 Y102.794 F3000
M4 S1000
G1 X92.403 Y102.794 F240
G1 X92.563 Y102.786 F240
G1 X92.720 Y102.762 F240
G1 X92.870 Y102.723 F240
G1 X93.015 Y102.670 F240
G1 X93.153 Y102.604 F240
G1 X93.283 Y102.525 F240
G1 X93.404 Y102.434 F240
G1 X93.516 Y102.332 F240
G1 X93.617 Y102.221 F240
G1 X93.708 Y102.099 F240
G1 X93.787 Y101.970 F240
G1 X93.853 Y101.832 F240
G1 X93.906 Y101.687 F240
G1 X93.945 Y101.536 F240
G1 X93.969 Y101.380 F240
G1 X93.977 Y101.219 F240
G1 X93.977 Y92.960 F240
G1 X77.049 Y92.960 F240
G1 X77.049 Y101.219 F240
G1 X77.057 Y101.380 F240
G1 X77.081 Y101.536 F240
G1 X77.120 Y101.687 F240
G1 X77.173 Y101.832 F240
G1 X77.239 Y101.969 F240
G1 X77.318 Y102.099 F240
G1 X77.409 Y102.220 F240
G1 X77.511 Y102.332 F240
G1 X77.622 Y102.434 F240
G1 X77.744 Y102.525 F240
G1 X77.873 Y102.604 F240
G1 X78.011 Y102.670 F240
G1 X78.156 Y102.723 F240
G1 X78.307 Y102.762 F240
G1 X78.463 Y102.786 F240
G1 X78.624 Y102.794 F240
G1 X78.624 Y102.794 F240
M5
G0 X104.951 Y97.416 F3000
M4 S1000
G1 X104.929 Y96.979 F240
G1 X104.864 Y96.547 F240
G1 X104.757 Y96.122 F240
G1 X104.609 Y95.711 F240
G1 X104.420 Y95.315 F240
G1 X104.194 Y94.940 F240
G1 X103.931 Y94.589 F240
G1 X103.635 Y94.265 F240
G1 X103.309 Y93.971 F240
G1 X102.955 Y93.711 F240
G1 X102.577 Y93.486 F240
G1 X102.178 Y93.299 F240
G1 X101.763 Y93.152 F240
G1 X101.336 Y93.045 F240
G1 X100.900 Y92.981 F240
G1 X100.459 Y92.960 F240
G1 X100.019 Y92.981 F240
G1 X99.583 Y93.045 F240
G1 X99.156 Y93.152 F240
G1 X98.741 Y93.299 F240
G1 X98.342 Y93.486 F240
G1 X97.964 Y93.711 F240
G1 X97.610 Y93.971 F240
G1 X97.283 Y94.265 F240
G1 X96.987 Y94.589 F240
G1 X96.725 Y94.940 F240
G1 X96.498 Y95.315 F240
G1 X96.310 Y95.711 F240
G1 X96.161 Y96.122 F240
G1 X96.054 Y96.547 F240
G1 X95.990 Y96.979 F240
G1 X95.968 Y97.416 F240
G1 X95.990 Y97.853 F240
G1 X96.054 Y98.285 F240
G1 X96.161 Y98.709 F240
G1 X96.310 Y99.121 F240
G1 X96.498 Y99.516 F240
G1 X96.725 Y99.892 F240
G1 X96.987 Y100.243 F240
G1 X97.283 Y100.567 F240
G1 X97.610 Y100.861 F240
G1 X97.964 Y101.121 F240
G1 X98.342 Y101.346 F240
G1 X98.741 Y101.533 F240
G1 X99.156 Y101.680 F240
G1 X99.583 Y101.786 F240
G1 X100.019 Y101.851 F240
G1 X100.459 Y101.872 F240
G1 X100.900 Y101.851 F240
G1 X101.336 Y101.786 F240
G1 X101.763 Y101.680 F240
G1 X102.178 Y101.533 F240
G1 X102.577 Y101.346 F240
G1 X102.955 Y101.121 F240
G1 X103.309 Y100.861 F240
G1 X103.635 Y100.567 F240
G1 X103.931 Y100.243 F240
G1 X104.194 Y99.892 F240
G1 X104.420 Y99.516 F240
G1 X104.609 Y99.121 F240
G1 X104.757 Y98.709 F240
G1 X104.864 Y98.285 F240
G1 X104.929 Y97.853 F240
G1 X104.951 Y97.416 F240
M5
G0 X91.568 Y79.390 F3000
M4 S1000
G1 X104.488 Y88.972 F240
G1 X104.633 Y89.098 F240
G1 X104.748 Y89.239 F240
G1 X104.835 Y89.391 F240
G1 X104.895 Y89.550 F240
G1 X104.928 Y89.714 F240
G1 X104.936 Y89.880 F240
G1 X104.919 Y90.044 F240
G1 X104.878 Y90.205 F240
G1 X104.815 Y90.357 F240
G1 X104.731 Y90.499 F240
G1 X104.626 Y90.628 F240
G1 X104.502 Y90.740 F240
G1 X104.359 Y90.833 F240
G1 X104.199 Y90.903 F240
G1 X104.022 Y90.947 F240
G1 X103.830 Y90.962 F240
G1 X78.192 Y90.962 F240
G1 X78.000 Y90.947 F240
G1 X77.823 Y90.903 F240
G1 X77.663 Y90.833 F240
G1 X77.520 Y90.740 F240
G1 X77.396 Y90.628 F240
G1 X77.291 Y90.499 F240
G1 X77.207 Y90.357 F240
G1 X77.144 Y90.205 F240
G1 X77.103 Y90.044 F240
G1 X77.086 Y89.880 F240
G1 X77.094 Y89.714 F240
G1 X77.127 Y89.550 F240
G1 X77.186 Y89.391 F240
G1 X77.273 Y89.239 F240
G1 X77.389 Y89.098 F240
G1 X77.534 Y88.972 F240
G1 X90.454 Y79.390 F240
G1 X90.517 Y79.347 F240
G1 X90.583 Y79.310 F240
G1 X90.651 Y79.278 F240
G1 X90.721 Y79.252 F240
G1 X90.792 Y79.232 F240
G1 X90.865 Y79.218 F240
G1 X90.937 Y79.209 F240
G1 X91.011 Y79.206 F240
G1 X91.084 Y79.209 F240
G1 X91.157 Y79.218 F240
G1 X91.229 Y79.232 F240
G1 X91.301 Y79.252 F240
G1 X91.370 Y79.278 F240
G1 X91.438 Y79.310 F240
G1 X91.504 Y79.347 F240
G1 X91.567 Y79.390 F240
G1 X91.568 Y79.390 F240
M5
; pasada 2/2: aplicar z_step_mm de la configuracion (ajuste manual de Z o G-code M-code segun el firmware)
G0 X78.624 Y102.794 F3000
M4 S1000
G1 X92.403 Y102.794 F240
G1 X92.563 Y102.786 F240
G1 X92.720 Y102.762 F240
G1 X92.870 Y102.723 F240
G1 X93.015 Y102.670 F240
G1 X93.153 Y102.604 F240
G1 X93.283 Y102.525 F240
G1 X93.404 Y102.434 F240
G1 X93.516 Y102.332 F240
G1 X93.617 Y102.221 F240
G1 X93.708 Y102.099 F240
G1 X93.787 Y101.970 F240
G1 X93.853 Y101.832 F240
G1 X93.906 Y101.687 F240
G1 X93.945 Y101.536 F240
G1 X93.969 Y101.380 F240
G1 X93.977 Y101.219 F240
G1 X93.977 Y92.960 F240
G1 X77.049 Y92.960 F240
G1 X77.049 Y101.219 F240
G1 X77.057 Y101.380 F240
G1 X77.081 Y101.536 F240
G1 X77.120 Y101.687 F240
G1 X77.173 Y101.832 F240
G1 X77.239 Y101.969 F240
G1 X77.318 Y102.099 F240
G1 X77.409 Y102.220 F240
G1 X77.511 Y102.332 F240
G1 X77.622 Y102.434 F240
G1 X77.744 Y102.525 F240
G1 X77.873 Y102.604 F240
G1 X78.011 Y102.670 F240
G1 X78.156 Y102.723 F240
G1 X78.307 Y102.762 F240
G1 X78.463 Y102.786 F240
G1 X78.624 Y102.794 F240
G1 X78.624 Y102.794 F240
M5
G0 X104.951 Y97.416 F3000
M4 S1000
G1 X104.929 Y96.979 F240
G1 X104.864 Y96.547 F240
G1 X104.757 Y96.122 F240
G1 X104.609 Y95.711 F240
G1 X104.420 Y95.315 F240
G1 X104.194 Y94.940 F240
G1 X103.931 Y94.589 F240
G1 X103.635 Y94.265 F240
G1 X103.309 Y93.971 F240
G1 X102.955 Y93.711 F240
G1 X102.577 Y93.486 F240
G1 X102.178 Y93.299 F240
G1 X101.763 Y93.152 F240
G1 X101.336 Y93.045 F240
G1 X100.900 Y92.981 F240
G1 X100.459 Y92.960 F240
G1 X100.019 Y92.981 F240
G1 X99.583 Y93.045 F240
G1 X99.156 Y93.152 F240
G1 X98.741 Y93.299 F240
G1 X98.342 Y93.486 F240
G1 X97.964 Y93.711 F240
G1 X97.610 Y93.971 F240
G1 X97.283 Y94.265 F240
G1 X96.987 Y94.589 F240
G1 X96.725 Y94.940 F240
G1 X96.498 Y95.315 F240
G1 X96.310 Y95.711 F240
G1 X96.161 Y96.122 F240
G1 X96.054 Y96.547 F240
G1 X95.990 Y96.979 F240
G1 X95.968 Y97.416 F240
G1 X95.990 Y97.853 F240
G1 X96.054 Y98.285 F240
G1 X96.161 Y98.709 F240
G1 X96.310 Y99.121 F240
G1 X96.498 Y99.516 F240
G1 X96.725 Y99.892 F240
G1 X96.987 Y100.243 F240
G1 X97.283 Y100.567 F240
G1 X97.610 Y100.861 F240
G1 X97.964 Y101.121 F240
G1 X98.342 Y101.346 F240
G1 X98.741 Y101.533 F240
G1 X99.156 Y101.680 F240
G1 X99.583 Y101.786 F240
G1 X100.019 Y101.851 F240
G1 X100.459 Y101.872 F240
G1 X100.900 Y101.851 F240
G1 X101.336 Y101.786 F240
G1 X101.763 Y101.680 F240
G1 X102.178 Y101.533 F240
G1 X102.577 Y101.346 F240
G1 X102.955 Y101.121 F240
G1 X103.309 Y100.861 F240
G1 X103.635 Y100.567 F240
G1 X103.931 Y100.243 F240
G1 X104.194 Y99.892 F240
G1 X104.420 Y99.516 F240
G1 X104.609 Y99.121 F240
G1 X104.757 Y98.709 F240
G1 X104.864 Y98.285 F240
G1 X104.929 Y97.853 F240
G1 X104.951 Y97.416 F240
M5
G0 X91.568 Y79.390 F3000
M4 S1000
G1 X104.488 Y88.972 F240
G1 X104.633 Y89.098 F240
G1 X104.748 Y89.239 F240
G1 X104.835 Y89.391 F240
G1 X104.895 Y89.550 F240
G1 X104.928 Y89.714 F240
G1 X104.936 Y89.880 F240
G1 X104.919 Y90.044 F240
G1 X104.878 Y90.205 F240
G1 X104.815 Y90.357 F240
G1 X104.731 Y90.499 F240
G1 X104.626 Y90.628 F240
G1 X104.502 Y90.740 F240
G1 X104.359 Y90.833 F240
G1 X104.199 Y90.903 F240
G1 X104.022 Y90.947 F240
G1 X103.830 Y90.962 F240
G1 X78.192 Y90.962 F240
G1 X78.000 Y90.947 F240
G1 X77.823 Y90.903 F240
G1 X77.663 Y90.833 F240
G1 X77.520 Y90.740 F240
G1 X77.396 Y90.628 F240
G1 X77.291 Y90.499 F240
G1 X77.207 Y90.357 F240
G1 X77.144 Y90.205 F240
G1 X77.103 Y90.044 F240
G1 X77.086 Y89.880 F240
G1 X77.094 Y89.714 F240
G1 X77.127 Y89.550 F240
G1 X77.186 Y89.391 F240
G1 X77.273 Y89.239 F240
G1 X77.389 Y89.098 F240
G1 X77.534 Y88.972 F240
G1 X90.454 Y79.390 F240
G1 X90.517 Y79.347 F240
G1 X90.583 Y79.310 F240
G1 X90.651 Y79.278 F240
G1 X90.721 Y79.252 F240
G1 X90.792 Y79.232 F240
G1 X90.865 Y79.218 F240
G1 X90.937 Y79.209 F240
G1 X91.011 Y79.206 F240
G1 X91.084 Y79.209 F240
G1 X91.157 Y79.218 F240
G1 X91.229 Y79.232 F240
G1 X91.301 Y79.252 F240
G1 X91.370 Y79.278 F240
G1 X91.438 Y79.310 F240
G1 X91.504 Y79.347 F240
G1 X91.567 Y79.390 F240
G1 X91.568 Y79.390 F240
M5
G0 X76.000 Y111.000 F3000
M4 S200
G1 X77.200 Y111.000 F1500
M5
G0 X76.000 Y111.000 F3000
M4 S200
G1 X76.000 Y110.000 F1500
M5
G0 X76.000 Y110.000 F3000
M4 S200
G1 X76.000 Y109.000 F1500
M5
G0 X76.000 Y109.000 F3000
M4 S200
G1 X77.200 Y109.000 F1500
M5
G0 X77.600 Y110.000 F3000
M4 S200
G1 X78.800 Y110.000 F1500
M5
G0 X79.200 Y111.000 F3000
M4 S200
G1 X80.400 Y111.000 F1500
M5
G0 X80.400 Y111.000 F3000
M4 S200
G1 X80.400 Y110.000 F1500
M5
G0 X80.400 Y110.000 F3000
M4 S200
G1 X80.400 Y109.000 F1500
M5
G0 X79.200 Y109.000 F3000
M4 S200
G1 X80.400 Y109.000 F1500
M5
G0 X79.200 Y110.000 F3000
M4 S200
G1 X79.200 Y109.000 F1500
M5
G0 X79.200 Y111.000 F3000
M4 S200
G1 X79.200 Y110.000 F1500
M5
G0 X82.000 Y111.000 F3000
M4 S200
G1 X82.000 Y110.000 F1500
M5
G0 X82.000 Y110.000 F3000
M4 S200
G1 X82.000 Y109.000 F1500
M5
G0 X82.400 Y111.000 F3000
M4 S200
G1 X83.600 Y111.000 F1500
M5
G0 X83.600 Y111.000 F3000
M4 S200
G1 X83.600 Y110.000 F1500
M5
G0 X82.400 Y110.000 F3000
M4 S200
G1 X83.600 Y110.000 F1500
M5
G0 X83.600 Y110.000 F3000
M4 S200
G1 X83.600 Y109.000 F1500
M5
G0 X82.400 Y109.000 F3000
M4 S200
G1 X83.600 Y109.000 F1500
M5
G0 X116.624 Y102.794 F3000
M4 S1000
G1 X130.403 Y102.794 F270
G1 X130.563 Y102.786 F270
G1 X130.720 Y102.762 F270
G1 X130.870 Y102.723 F270
G1 X131.015 Y102.670 F270
G1 X131.153 Y102.604 F270
G1 X131.283 Y102.525 F270
G1 X131.404 Y102.434 F270
G1 X131.516 Y102.332 F270
G1 X131.617 Y102.221 F270
G1 X131.708 Y102.099 F270
G1 X131.787 Y101.970 F270
G1 X131.853 Y101.832 F270
G1 X131.906 Y101.687 F270
G1 X131.945 Y101.536 F270
G1 X131.969 Y101.380 F270
G1 X131.977 Y101.219 F270
G1 X131.977 Y92.960 F270
G1 X115.049 Y92.960 F270
G1 X115.049 Y101.219 F270
G1 X115.057 Y101.380 F270
G1 X115.081 Y101.536 F270
G1 X115.120 Y101.687 F270
G1 X115.173 Y101.832 F270
G1 X115.239 Y101.969 F270
G1 X115.318 Y102.099 F270
G1 X115.409 Y102.220 F270
G1 X115.511 Y102.332 F270
G1 X115.622 Y102.434 F270
G1 X115.744 Y102.525 F270
G1 X115.873 Y102.604 F270
G1 X116.011 Y102.670 F270
G1 X116.156 Y102.723 F270
G1 X116.307 Y102.762 F270
G1 X116.463 Y102.786 F270
G1 X116.624 Y102.794 F270
G1 X116.624 Y102.794 F270
M5
G0 X142.951 Y97.416 F3000
M4 S1000
G1 X142.929 Y96.979 F270
G1 X142.864 Y96.547 F270
G1 X142.757 Y96.122 F270
G1 X142.609 Y95.711 F270
G1 X142.420 Y95.315 F270
G1 X142.194 Y94.940 F270
G1 X141.931 Y94.589 F270
G1 X141.635 Y94.265 F270
G1 X141.309 Y93.971 F270
G1 X140.955 Y93.711 F270
G1 X140.577 Y93.486 F270
G1 X140.178 Y93.299 F270
G1 X139.763 Y93.152 F270
G1 X139.336 Y93.045 F270
G1 X138.900 Y92.981 F270
G1 X138.459 Y92.960 F270
G1 X138.019 Y92.981 F270
G1 X137.583 Y93.045 F270
G1 X137.156 Y93.152 F270
G1 X136.741 Y93.299 F270
G1 X136.342 Y93.486 F270
G1 X135.964 Y93.711 F270
G1 X135.610 Y93.971 F270
G1 X135.283 Y94.265 F270
G1 X134.987 Y94.589 F270
G1 X134.725 Y94.940 F270
G1 X134.498 Y95.315 F270
G1 X134.310 Y95.711 F270
G1 X134.161 Y96.122 F270
G1 X134.054 Y96.547 F270
G1 X133.990 Y96.979 F270
G1 X133.968 Y97.416 F270
G1 X133.990 Y97.853 F270
G1 X134.054 Y98.285 F270
G1 X134.161 Y98.709 F270
G1 X134.310 Y99.121 F270
G1 X134.498 Y99.516 F270
G1 X134.725 Y99.892 F270
G1 X134.987 Y100.243 F270
G1 X135.283 Y100.567 F270
G1 X135.610 Y100.861 F270
G1 X135.964 Y101.121 F270
G1 X136.342 Y101.346 F270
G1 X136.741 Y101.533 F270
G1 X137.156 Y101.680 F270
G1 X137.583 Y101.786 F270
G1 X138.019 Y101.851 F270
G1 X138.459 Y101.872 F270
G1 X138.900 Y101.851 F270
G1 X139.336 Y101.786 F270
G1 X139.763 Y101.680 F270
G1 X140.178 Y101.533 F270
G1 X140.577 Y101.346 F270
G1 X140.955 Y101.121 F270
G1 X141.309 Y100.861 F270
G1 X141.635 Y100.567 F270
G1 X141.931 Y100.243 F270
G1 X142.194 Y99.892 F270
G1 X142.420 Y99.516 F270
G1 X142.609 Y99.121 F270
G1 X142.757 Y98.709 F270
G1 X142.864 Y98.285 F270
G1 X142.929 Y97.853 F270
G1 X142.951 Y97.416 F270
M5
G0 X129.568 Y79.390 F3000
M4 S1000
G1 X142.488 Y88.972 F270
G1 X142.633 Y89.098 F270
G1 X142.748 Y89.239 F270
G1 X142.835 Y89.391 F270
G1 X142.895 Y89.550 F270
G1 X142.928 Y89.714 F270
G1 X142.936 Y89.880 F270
G1 X142.919 Y90.044 F270
G1 X142.878 Y90.205 F270
G1 X142.815 Y90.357 F270
G1 X142.731 Y90.499 F270
G1 X142.626 Y90.628 F270
G1 X142.502 Y90.740 F270
G1 X142.359 Y90.833 F270
G1 X142.199 Y90.903 F270
G1 X142.022 Y90.947 F270
G1 X141.830 Y90.962 F270
G1 X116.192 Y90.962 F270
G1 X116.000 Y90.947 F270
G1 X115.823 Y90.903 F270
G1 X115.663 Y90.833 F270
G1 X115.520 Y90.740 F270
G1 X115.396 Y90.628 F270
G1 X115.291 Y90.499 F270
G1 X115.207 Y90.357 F270
G1 X115.144 Y90.205 F270
G1 X115.103 Y90.044 F270
G1 X115.086 Y89.880 F270
G1 X115.094 Y89.714 F270
G1 X115.127 Y89.550 F270
G1 X115.186 Y89.391 F270
G1 X115.273 Y89.239 F270
G1 X115.389 Y89.098 F270
G1 X115.534 Y88.972 F270
G1 X128.454 Y79.390 F270
G1 X128.517 Y79.347 F270
G1 X128.583 Y79.310 F270
G1 X128.651 Y79.278 F270
G1 X128.721 Y79.252 F270
G1 X128.792 Y79.232 F270
G1 X128.865 Y79.218 F270
G1 X128.937 Y79.209 F270
G1 X129.011 Y79.206 F270
G1 X129.084 Y79.209 F270
G1 X129.157 Y79.218 F270
G1 X129.229 Y79.232 F270
G1 X129.301 Y79.252 F270
G1 X129.370 Y79.278 F270
G1 X129.438 Y79.310 F270
G1 X129.504 Y79.347 F270
G1 X129.567 Y79.390 F270
G1 X129.568 Y79.390 F270
M5
; pasada 2/2: aplicar z_step_mm de la configuracion (ajuste manual de Z o G-code M-code segun el firmware)
G0 X116.624 Y102.794 F3000
M4 S1000
G1 X130.403 Y102.794 F270
G1 X130.563 Y102.786 F270
G1 X130.720 Y102.762 F270
G1 X130.870 Y102.723 F270
G1 X131.015 Y102.670 F270
G1 X131.153 Y102.604 F270
G1 X131.283 Y102.525 F270
G1 X131.404 Y102.434 F270
G1 X131.516 Y102.332 F270
G1 X131.617 Y102.221 F270
G1 X131.708 Y102.099 F270
G1 X131.787 Y101.970 F270
G1 X131.853 Y101.832 F270
G1 X131.906 Y101.687 F270
G1 X131.945 Y101.536 F270
G1 X131.969 Y101.380 F270
G1 X131.977 Y101.219 F270
G1 X131.977 Y92.960 F270
G1 X115.049 Y92.960 F270
G1 X115.049 Y101.219 F270
G1 X115.057 Y101.380 F270
G1 X115.081 Y101.536 F270
G1 X115.120 Y101.687 F270
G1 X115.173 Y101.832 F270
G1 X115.239 Y101.969 F270
G1 X115.318 Y102.099 F270
G1 X115.409 Y102.220 F270
G1 X115.511 Y102.332 F270
G1 X115.622 Y102.434 F270
G1 X115.744 Y102.525 F270
G1 X115.873 Y102.604 F270
G1 X116.011 Y102.670 F270
G1 X116.156 Y102.723 F270
G1 X116.307 Y102.762 F270
G1 X116.463 Y102.786 F270
G1 X116.624 Y102.794 F270
G1 X116.624 Y102.794 F270
M5
G0 X142.951 Y97.416 F3000
M4 S1000
G1 X142.929 Y96.979 F270
G1 X142.864 Y96.547 F270
G1 X142.757 Y96.122 F270
G1 X142.609 Y95.711 F270
G1 X142.420 Y95.315 F270
G1 X142.194 Y94.940 F270
G1 X141.931 Y94.589 F270
G1 X141.635 Y94.265 F270
G1 X141.309 Y93.971 F270
G1 X140.955 Y93.711 F270
G1 X140.577 Y93.486 F270
G1 X140.178 Y93.299 F270
G1 X139.763 Y93.152 F270
G1 X139.336 Y93.045 F270
G1 X138.900 Y92.981 F270
G1 X138.459 Y92.960 F270
G1 X138.019 Y92.981 F270
G1 X137.583 Y93.045 F270
G1 X137.156 Y93.152 F270
G1 X136.741 Y93.299 F270
G1 X136.342 Y93.486 F270
G1 X135.964 Y93.711 F270
G1 X135.610 Y93.971 F270
G1 X135.283 Y94.265 F270
G1 X134.987 Y94.589 F270
G1 X134.725 Y94.940 F270
G1 X134.498 Y95.315 F270
G1 X134.310 Y95.711 F270
G1 X134.161 Y96.122 F270
G1 X134.054 Y96.547 F270
G1 X133.990 Y96.979 F270
G1 X133.968 Y97.416 F270
G1 X133.990 Y97.853 F270
G1 X134.054 Y98.285 F270
G1 X134.161 Y98.709 F270
G1 X134.310 Y99.121 F270
G1 X134.498 Y99.516 F270
G1 X134.725 Y99.892 F270
G1 X134.987 Y100.243 F270
G1 X135.283 Y100.567 F270
G1 X135.610 Y100.861 F270
G1 X135.964 Y101.121 F270
G1 X136.342 Y101.346 F270
G1 X136.741 Y101.533 F270
G1 X137.156 Y101.680 F270
G1 X137.583 Y101.786 F270
G1 X138.019 Y101.851 F270
G1 X138.459 Y101.872 F270
G1 X138.900 Y101.851 F270
G1 X139.336 Y101.786 F270
G1 X139.763 Y101.680 F270
G1 X140.178 Y101.533 F270
G1 X140.577 Y101.346 F270
G1 X140.955 Y101.121 F270
G1 X141.309 Y100.861 F270
G1 X141.635 Y100.567 F270
G1 X141.931 Y100.243 F270
G1 X142.194 Y99.892 F270
G1 X142.420 Y99.516 F270
G1 X142.609 Y99.121 F270
G1 X142.757 Y98.709 F270
G1 X142.864 Y98.285 F270
G1 X142.929 Y97.853 F270
G1 X142.951 Y97.416 F270
M5
G0 X129.568 Y79.390 F3000
M4 S1000
G1 X142.488 Y88.972 F270
G1 X142.633 Y89.098 F270
G1 X142.748 Y89.239 F270
G1 X142.835 Y89.391 F270
G1 X142.895 Y89.550 F270
G1 X142.928 Y89.714 F270
G1 X142.936 Y89.880 F270
G1 X142.919 Y90.044 F270
G1 X142.878 Y90.205 F270
G1 X142.815 Y90.357 F270
G1 X142.731 Y90.499 F270
G1 X142.626 Y90.628 F270
G1 X142.502 Y90.740 F270
G1 X142.359 Y90.833 F270
G1 X142.199 Y90.903 F270
G1 X142.022 Y90.947 F270
G1 X141.830 Y90.962 F270
G1 X116.192 Y90.962 F270
G1 X116.000 Y90.947 F270
G1 X115.823 Y90.903 F270
G1 X115.663 Y90.833 F270
G1 X115.520 Y90.740 F270
G1 X115.396 Y90.628 F270
G1 X115.291 Y90.499 F270
G1 X115.207 Y90.357 F270
G1 X115.144 Y90.205 F270
G1 X115.103 Y90.044 F270
G1 X115.086 Y89.880 F270
G1 X115.094 Y89.714 F270
G1 X115.127 Y89.550 F270
G1 X115.186 Y89.391 F270
G1 X115.273 Y89.239 F270
G1 X115.389 Y89.098 F270
G1 X115.534 Y88.972 F270
G1 X128.454 Y79.390 F270
G1 X128.517 Y79.347 F270
G1 X128.583 Y79.310 F270
G1 X128.651 Y79.278 F270
G1 X128.721 Y79.252 F270
G1 X128.792 Y79.232 F270
G1 X128.865 Y79.218 F270
G1 X128.937 Y79.209 F270
G1 X129.011 Y79.206 F270
G1 X129.084 Y79.209 F270
G1 X129.157 Y79.218 F270
G1 X129.229 Y79.232 F270
G1 X129.301 Y79.252 F270
G1 X129.370 Y79.278 F270
G1 X129.438 Y79.310 F270
G1 X129.504 Y79.347 F270
G1 X129.567 Y79.390 F270
G1 X129.568 Y79.390 F270
M5
G0 X114.000 Y111.000 F3000
M4 S200
G1 X115.200 Y111.000 F1500
M5
G0 X114.000 Y111.000 F3000
M4 S200
G1 X114.000 Y110.000 F1500
M5
G0 X114.000 Y110.000 F3000
M4 S200
G1 X114.000 Y109.000 F1500
M5
G0 X114.000 Y109.000 F3000
M4 S200
G1 X115.200 Y109.000 F1500
M5
G0 X115.600 Y110.000 F3000
M4 S200
G1 X116.800 Y110.000 F1500
M5
G0 X117.200 Y111.000 F3000
M4 S200
G1 X118.400 Y111.000 F1500
M5
G0 X118.400 Y111.000 F3000
M4 S200
G1 X118.400 Y110.000 F1500
M5
G0 X118.400 Y110.000 F3000
M4 S200
G1 X118.400 Y109.000 F1500
M5
G0 X117.200 Y109.000 F3000
M4 S200
G1 X118.400 Y109.000 F1500
M5
G0 X117.200 Y110.000 F3000
M4 S200
G1 X117.200 Y109.000 F1500
M5
G0 X117.200 Y111.000 F3000
M4 S200
G1 X117.200 Y110.000 F1500
M5
G0 X120.000 Y111.000 F3000
M4 S200
G1 X120.000 Y110.000 F1500
M5
G0 X120.000 Y110.000 F3000
M4 S200
G1 X120.000 Y109.000 F1500
M5
G0 X120.400 Y111.000 F3000
M4 S200
G1 X120.400 Y110.000 F1500
M5
G0 X120.400 Y110.000 F3000
M4 S200
G1 X121.600 Y110.000 F1500
M5
G0 X121.600 Y111.000 F3000
M4 S200
G1 X121.600 Y110.000 F1500
M5
G0 X121.600 Y110.000 F3000
M4 S200
G1 X121.600 Y109.000 F1500
M5
G0 X154.624 Y102.794 F3000
M4 S1000
G1 X168.403 Y102.794 F300
G1 X168.563 Y102.786 F300
G1 X168.720 Y102.762 F300
G1 X168.870 Y102.723 F300
G1 X169.015 Y102.670 F300
G1 X169.153 Y102.604 F300
G1 X169.283 Y102.525 F300
G1 X169.404 Y102.434 F300
G1 X169.516 Y102.332 F300
G1 X169.617 Y102.221 F300
G1 X169.708 Y102.099 F300
G1 X169.787 Y101.970 F300
G1 X169.853 Y101.832 F300
G1 X169.906 Y101.687 F300
G1 X169.945 Y101.536 F300
G1 X169.969 Y101.380 F300
G1 X169.977 Y101.219 F300
G1 X169.977 Y92.960 F300
G1 X153.049 Y92.960 F300
G1 X153.049 Y101.219 F300
G1 X153.057 Y101.380 F300
G1 X153.081 Y101.536 F300
G1 X153.120 Y101.687 F300
G1 X153.173 Y101.832 F300
G1 X153.239 Y101.969 F300
G1 X153.318 Y102.099 F300
G1 X153.409 Y102.220 F300
G1 X153.511 Y102.332 F300
G1 X153.622 Y102.434 F300
G1 X153.744 Y102.525 F300
G1 X153.873 Y102.604 F300
G1 X154.011 Y102.670 F300
G1 X154.156 Y102.723 F300
G1 X154.307 Y102.762 F300
G1 X154.463 Y102.786 F300
G1 X154.624 Y102.794 F300
G1 X154.624 Y102.794 F300
M5
G0 X180.951 Y97.416 F3000
M4 S1000
G1 X180.929 Y96.979 F300
G1 X180.864 Y96.547 F300
G1 X180.757 Y96.122 F300
G1 X180.609 Y95.711 F300
G1 X180.420 Y95.315 F300
G1 X180.194 Y94.940 F300
G1 X179.931 Y94.589 F300
G1 X179.635 Y94.265 F300
G1 X179.309 Y93.971 F300
G1 X178.955 Y93.711 F300
G1 X178.577 Y93.486 F300
G1 X178.178 Y93.299 F300
G1 X177.763 Y93.152 F300
G1 X177.336 Y93.045 F300
G1 X176.900 Y92.981 F300
G1 X176.459 Y92.960 F300
G1 X176.019 Y92.981 F300
G1 X175.583 Y93.045 F300
G1 X175.156 Y93.152 F300
G1 X174.741 Y93.299 F300
G1 X174.342 Y93.486 F300
G1 X173.964 Y93.711 F300
G1 X173.610 Y93.971 F300
G1 X173.283 Y94.265 F300
G1 X172.987 Y94.589 F300
G1 X172.725 Y94.940 F300
G1 X172.498 Y95.315 F300
G1 X172.310 Y95.711 F300
G1 X172.161 Y96.122 F300
G1 X172.054 Y96.547 F300
G1 X171.990 Y96.979 F300
G1 X171.968 Y97.416 F300
G1 X171.990 Y97.853 F300
G1 X172.054 Y98.285 F300
G1 X172.161 Y98.709 F300
G1 X172.310 Y99.121 F300
G1 X172.498 Y99.516 F300
G1 X172.725 Y99.892 F300
G1 X172.987 Y100.243 F300
G1 X173.283 Y100.567 F300
G1 X173.610 Y100.861 F300
G1 X173.964 Y101.121 F300
G1 X174.342 Y101.346 F300
G1 X174.741 Y101.533 F300
G1 X175.156 Y101.680 F300
G1 X175.583 Y101.786 F300
G1 X176.019 Y101.851 F300
G1 X176.459 Y101.872 F300
G1 X176.900 Y101.851 F300
G1 X177.336 Y101.786 F300
G1 X177.763 Y101.680 F300
G1 X178.178 Y101.533 F300
G1 X178.577 Y101.346 F300
G1 X178.955 Y101.121 F300
G1 X179.309 Y100.861 F300
G1 X179.635 Y100.567 F300
G1 X179.931 Y100.243 F300
G1 X180.194 Y99.892 F300
G1 X180.420 Y99.516 F300
G1 X180.609 Y99.121 F300
G1 X180.757 Y98.709 F300
G1 X180.864 Y98.285 F300
G1 X180.929 Y97.853 F300
G1 X180.951 Y97.416 F300
M5
G0 X167.568 Y79.390 F3000
M4 S1000
G1 X180.488 Y88.972 F300
G1 X180.633 Y89.098 F300
G1 X180.748 Y89.239 F300
G1 X180.835 Y89.391 F300
G1 X180.895 Y89.550 F300
G1 X180.928 Y89.714 F300
G1 X180.936 Y89.880 F300
G1 X180.919 Y90.044 F300
G1 X180.878 Y90.205 F300
G1 X180.815 Y90.357 F300
G1 X180.731 Y90.499 F300
G1 X180.626 Y90.628 F300
G1 X180.502 Y90.740 F300
G1 X180.359 Y90.833 F300
G1 X180.199 Y90.903 F300
G1 X180.022 Y90.947 F300
G1 X179.830 Y90.962 F300
G1 X154.192 Y90.962 F300
G1 X154.000 Y90.947 F300
G1 X153.823 Y90.903 F300
G1 X153.663 Y90.833 F300
G1 X153.520 Y90.740 F300
G1 X153.396 Y90.628 F300
G1 X153.291 Y90.499 F300
G1 X153.207 Y90.357 F300
G1 X153.144 Y90.205 F300
G1 X153.103 Y90.044 F300
G1 X153.086 Y89.880 F300
G1 X153.094 Y89.714 F300
G1 X153.127 Y89.550 F300
G1 X153.186 Y89.391 F300
G1 X153.273 Y89.239 F300
G1 X153.389 Y89.098 F300
G1 X153.534 Y88.972 F300
G1 X166.454 Y79.390 F300
G1 X166.517 Y79.347 F300
G1 X166.583 Y79.310 F300
G1 X166.651 Y79.278 F300
G1 X166.721 Y79.252 F300
G1 X166.792 Y79.232 F300
G1 X166.865 Y79.218 F300
G1 X166.937 Y79.209 F300
G1 X167.011 Y79.206 F300
G1 X167.084 Y79.209 F300
G1 X167.157 Y79.218 F300
G1 X167.229 Y79.232 F300
G1 X167.301 Y79.252 F300
G1 X167.370 Y79.278 F300
G1 X167.438 Y79.310 F300
G1 X167.504 Y79.347 F300
G1 X167.567 Y79.390 F300
G1 X167.568 Y79.390 F300
M5
; pasada 2/2: aplicar z_step_mm de la configuracion (ajuste manual de Z o G-code M-code segun el firmware)
G0 X154.624 Y102.794 F3000
M4 S1000
G1 X168.403 Y102.794 F300
G1 X168.563 Y102.786 F300
G1 X168.720 Y102.762 F300
G1 X168.870 Y102.723 F300
G1 X169.015 Y102.670 F300
G1 X169.153 Y102.604 F300
G1 X169.283 Y102.525 F300
G1 X169.404 Y102.434 F300
G1 X169.516 Y102.332 F300
G1 X169.617 Y102.221 F300
G1 X169.708 Y102.099 F300
G1 X169.787 Y101.970 F300
G1 X169.853 Y101.832 F300
G1 X169.906 Y101.687 F300
G1 X169.945 Y101.536 F300
G1 X169.969 Y101.380 F300
G1 X169.977 Y101.219 F300
G1 X169.977 Y92.960 F300
G1 X153.049 Y92.960 F300
G1 X153.049 Y101.219 F300
G1 X153.057 Y101.380 F300
G1 X153.081 Y101.536 F300
G1 X153.120 Y101.687 F300
G1 X153.173 Y101.832 F300
G1 X153.239 Y101.969 F300
G1 X153.318 Y102.099 F300
G1 X153.409 Y102.220 F300
G1 X153.511 Y102.332 F300
G1 X153.622 Y102.434 F300
G1 X153.744 Y102.525 F300
G1 X153.873 Y102.604 F300
G1 X154.011 Y102.670 F300
G1 X154.156 Y102.723 F300
G1 X154.307 Y102.762 F300
G1 X154.463 Y102.786 F300
G1 X154.624 Y102.794 F300
G1 X154.624 Y102.794 F300
M5
G0 X180.951 Y97.416 F3000
M4 S1000
G1 X180.929 Y96.979 F300
G1 X180.864 Y96.547 F300
G1 X180.757 Y96.122 F300
G1 X180.609 Y95.711 F300
G1 X180.420 Y95.315 F300
G1 X180.194 Y94.940 F300
G1 X179.931 Y94.589 F300
G1 X179.635 Y94.265 F300
G1 X179.309 Y93.971 F300
G1 X178.955 Y93.711 F300
G1 X178.577 Y93.486 F300
G1 X178.178 Y93.299 F300
G1 X177.763 Y93.152 F300
G1 X177.336 Y93.045 F300
G1 X176.900 Y92.981 F300
G1 X176.459 Y92.960 F300
G1 X176.019 Y92.981 F300
G1 X175.583 Y93.045 F300
G1 X175.156 Y93.152 F300
G1 X174.741 Y93.299 F300
G1 X174.342 Y93.486 F300
G1 X173.964 Y93.711 F300
G1 X173.610 Y93.971 F300
G1 X173.283 Y94.265 F300
G1 X172.987 Y94.589 F300
G1 X172.725 Y94.940 F300
G1 X172.498 Y95.315 F300
G1 X172.310 Y95.711 F300
G1 X172.161 Y96.122 F300
G1 X172.054 Y96.547 F300
G1 X171.990 Y96.979 F300
G1 X171.968 Y97.416 F300
G1 X171.990 Y97.853 F300
G1 X172.054 Y98.285 F300
G1 X172.161 Y98.709 F300
G1 X172.310 Y99.121 F300
G1 X172.498 Y99.516 F300
G1 X172.725 Y99.892 F300
G1 X172.987 Y100.243 F300
G1 X173.283 Y100.567 F300
G1 X173.610 Y100.861 F300
G1 X173.964 Y101.121 F300
G1 X174.342 Y101.346 F300
G1 X174.741 Y101.533 F300
G1 X175.156 Y101.680 F300
G1 X175.583 Y101.786 F300
G1 X176.019 Y101.851 F300
G1 X176.459 Y101.872 F300
G1 X176.900 Y101.851 F300
G1 X177.336 Y101.786 F300
G1 X177.763 Y101.680 F300
G1 X178.178 Y101.533 F300
G1 X178.577 Y101.346 F300
G1 X178.955 Y101.121 F300
G1 X179.309 Y100.861 F300
G1 X179.635 Y100.567 F300
G1 X179.931 Y100.243 F300
G1 X180.194 Y99.892 F300
G1 X180.420 Y99.516 F300
G1 X180.609 Y99.121 F300
G1 X180.757 Y98.709 F300
G1 X180.864 Y98.285 F300
G1 X180.929 Y97.853 F300
G1 X180.951 Y97.416 F300
M5
G0 X167.568 Y79.390 F3000
M4 S1000
G1 X180.488 Y88.972 F300
G1 X180.633 Y89.098 F300
G1 X180.748 Y89.239 F300
G1 X180.835 Y89.391 F300
G1 X180.895 Y89.550 F300
G1 X180.928 Y89.714 F300
G1 X180.936 Y89.880 F300
G1 X180.919 Y90.044 F300
G1 X180.878 Y90.205 F300
G1 X180.815 Y90.357 F300
G1 X180.731 Y90.499 F300
G1 X180.626 Y90.628 F300
G1 X180.502 Y90.740 F300
G1 X180.359 Y90.833 F300
G1 X180.199 Y90.903 F300
G1 X180.022 Y90.947 F300
G1 X179.830 Y90.962 F300
G1 X154.192 Y90.962 F300
G1 X154.000 Y90.947 F300
G1 X153.823 Y90.903 F300
G1 X153.663 Y90.833 F300
G1 X153.520 Y90.740 F300
G1 X153.396 Y90.628 F300
G1 X153.291 Y90.499 F300
G1 X153.207 Y90.357 F300
G1 X153.144 Y90.205 F300
G1 X153.103 Y90.044 F300
G1 X153.086 Y89.880 F300
G1 X153.094 Y89.714 F300
G1 X153.127 Y89.550 F300
G1 X153.186 Y89.391 F300
G1 X153.273 Y89.239 F300
G1 X153.389 Y89.098 F300
G1 X153.534 Y88.972 F300
G1 X166.454 Y79.390 F300
G1 X166.517 Y79.347 F300
G1 X166.583 Y79.310 F300
G1 X166.651 Y79.278 F300
G1 X166.721 Y79.252 F300
G1 X166.792 Y79.232 F300
G1 X166.865 Y79.218 F300
G1 X166.937 Y79.209 F300
G1 X167.011 Y79.206 F300
G1 X167.084 Y79.209 F300
G1 X167.157 Y79.218 F300
G1 X167.229 Y79.232 F300
G1 X167.301 Y79.252 F300
G1 X167.370 Y79.278 F300
G1 X167.438 Y79.310 F300
G1 X167.504 Y79.347 F300
G1 X167.567 Y79.390 F300
G1 X167.568 Y79.390 F300
M5
G0 X152.000 Y111.000 F3000
M4 S200
G1 X153.200 Y111.000 F1500
M5
G0 X152.000 Y111.000 F3000
M4 S200
G1 X152.000 Y110.000 F1500
M5
G0 X152.000 Y110.000 F3000
M4 S200
G1 X152.000 Y109.000 F1500
M5
G0 X152.000 Y109.000 F3000
M4 S200
G1 X153.200 Y109.000 F1500
M5
G0 X153.600 Y110.000 F3000
M4 S200
G1 X154.800 Y110.000 F1500
M5
G0 X155.200 Y111.000 F3000
M4 S200
G1 X156.400 Y111.000 F1500
M5
G0 X156.400 Y111.000 F3000
M4 S200
G1 X156.400 Y110.000 F1500
M5
G0 X156.400 Y110.000 F3000
M4 S200
G1 X156.400 Y109.000 F1500
M5
G0 X155.200 Y109.000 F3000
M4 S200
G1 X156.400 Y109.000 F1500
M5
G0 X155.200 Y110.000 F3000
M4 S200
G1 X155.200 Y109.000 F1500
M5
G0 X155.200 Y111.000 F3000
M4 S200
G1 X155.200 Y110.000 F1500
M5
G0 X158.000 Y111.000 F3000
M4 S200
G1 X158.000 Y110.000 F1500
M5
G0 X158.000 Y110.000 F3000
M4 S200
G1 X158.000 Y109.000 F1500
M5
G0 X158.400 Y111.000 F3000
M4 S200
G1 X159.600 Y111.000 F1500
M5
G0 X158.400 Y111.000 F3000
M4 S200
G1 X158.400 Y110.000 F1500
M5
G0 X158.400 Y110.000 F3000
M4 S200
G1 X159.600 Y110.000 F1500
M5
G0 X159.600 Y110.000 F3000
M4 S200
G1 X159.600 Y109.000 F1500
M5
G0 X158.400 Y109.000 F3000
M4 S200
G1 X159.600 Y109.000 F1500
M5
M5 ; laser apagado
G0 X0 Y0 ; volver al origen
