; Suite de GRABADO -- MDF Comercial 3.0mm -- lote L01
; Generado por laser_toolkit -- no editar a mano, regenerar desde el YAML de configuracion
G21 ; unidades en milimetros
G90 ; posicionamiento absoluto
M5 ; laser apagado por seguridad al iniciar
G0 X0.000 Y0.000 F3000
M4 S2000
G1 X7.000 Y0.000 F1500
G0 Y0.080 F3000
G1 X0.000 Y0.080 F1500
G0 Y0.160 F3000
G1 X7.000 Y0.160 F1500
G0 Y0.240 F3000
G1 X0.000 Y0.240 F1500
G0 Y0.320 F3000
G1 X7.000 Y0.320 F1500
G0 Y0.400 F3000
G1 X0.000 Y0.400 F1500
G0 Y0.480 F3000
G1 X7.000 Y0.480 F1500
G0 Y0.560 F3000
G1 X0.000 Y0.560 F1500
G0 Y0.640 F3000
G1 X7.000 Y0.640 F1500
G0 Y0.720 F3000
G1 X0.000 Y0.720 F1500
G0 Y0.800 F3000
G1 X7.000 Y0.800 F1500
G0 Y0.880 F3000
G1 X0.000 Y0.880 F1500
G0 Y0.960 F3000
G1 X7.000 Y0.960 F1500
G0 Y1.040 F3000
G1 X0.000 Y1.040 F1500
G0 Y1.120 F3000
G1 X7.000 Y1.120 F1500
G0 Y1.200 F3000
G1 X0.000 Y1.200 F1500
G0 Y1.280 F3000
G1 X7.000 Y1.280 F1500
G0 Y1.360 F3000
G1 X0.000 Y1.360 F1500
G0 Y1.440 F3000
G1 X7.000 Y1.440 F1500
G0 Y1.520 F3000
G1 X0.000 Y1.520 F1500
G0 Y1.600 F3000
G1 X7.000 Y1.600 F1500
G0 Y1.680 F3000
G1 X0.000 Y1.680 F1500
G0 Y1.760 F3000
G1 X7.000 Y1.760 F1500
G0 Y1.840 F3000
G1 X0.000 Y1.840 F1500
G0 Y1.920 F3000
G1 X7.000 Y1.920 F1500
G0 Y2.000 F3000
G1 X0.000 Y2.000 F1500
G0 Y2.080 F3000
G1 X7.000 Y2.080 F1500
G0 Y2.160 F3000
G1 X0.000 Y2.160 F1500
G0 Y2.240 F3000
G1 X7.000 Y2.240 F1500
G0 Y2.320 F3000
G1 X0.000 Y2.320 F1500
G0 Y2.400 F3000
G1 X7.000 Y2.400 F1500
G0 Y2.480 F3000
G1 X0.000 Y2.480 F1500
G0 Y2.560 F3000
G1 X7.000 Y2.560 F1500
G0 Y2.640 F3000
G1 X0.000 Y2.640 F1500
G0 Y2.720 F3000
G1 X7.000 Y2.720 F1500
G0 Y2.800 F3000
G1 X0.000 Y2.800 F1500
G0 Y2.880 F3000
G1 X7.000 Y2.880 F1500
G0 Y2.960 F3000
G1 X0.000 Y2.960 F1500
G0 Y3.040 F3000
G1 X7.000 Y3.040 F1500
G0 Y3.120 F3000
G1 X0.000 Y3.120 F1500
G0 Y3.200 F3000
G1 X7.000 Y3.200 F1500
G0 Y3.280 F3000
G1 X0.000 Y3.280 F1500
G0 Y3.360 F3000
G1 X7.000 Y3.360 F1500
G0 Y3.440 F3000
G1 X0.000 Y3.440 F1500
G0 Y3.520 F3000
G1 X7.000 Y3.520 F1500
G0 Y3.600 F3000
G1 X0.000 Y3.600 F1500
G0 Y3.680 F3000
G1 X7.000 Y3.680 F1500
G0 Y3.760 F3000
G1 X0.000 Y3.760 F1500
G0 Y3.840 F3000
G1 X7.000 Y3.840 F1500
G0 Y3.920 F3000
G1 X0.000 Y3.920 F1500
G0 Y4.000 F3000
G1 X7.000 Y4.000 F1500
G0 Y4.080 F3000
G1 X0.000 Y4.080 F1500
G0 Y4.160 F3000
G1 X7.000 Y4.160 F1500
G0 Y4.240 F3000
G1 X0.000 Y4.240 F1500
G0 Y4.320 F3000
G1 X7.000 Y4.320 F1500
G0 Y4.400 F3000
G1 X0.000 Y4.400 F1500
G0 Y4.480 F3000
G1 X7.000 Y4.480 F1500
G0 Y4.560 F3000
G1 X0.000 Y4.560 F1500
G0 Y4.640 F3000
G1 X7.000 Y4.640 F1500
G0 Y4.720 F3000
G1 X0.000 Y4.720 F1500
G0 Y4.800 F3000
G1 X7.000 Y4.800 F1500
G0 Y4.880 F3000
G1 X0.000 Y4.880 F1500
G0 Y4.960 F3000
G1 X7.000 Y4.960 F1500
G0 Y5.040 F3000
G1 X0.000 Y5.040 F1500
G0 Y5.120 F3000
G1 X7.000 Y5.120 F1500
G0 Y5.200 F3000
G1 X0.000 Y5.200 F1500
G0 Y5.280 F3000
G1 X7.000 Y5.280 F1500
G0 Y5.360 F3000
G1 X0.000 Y5.360 F1500
G0 Y5.440 F3000
G1 X7.000 Y5.440 F1500
G0 Y5.520 F3000
G1 X0.000 Y5.520 F1500
G0 Y5.600 F3000
G1 X7.000 Y5.600 F1500
G0 Y5.680 F3000
G1 X0.000 Y5.680 F1500
G0 Y5.760 F3000
G1 X7.000 Y5.760 F1500
G0 Y5.840 F3000
G1 X0.000 Y5.840 F1500
G0 Y5.920 F3000
G1 X7.000 Y5.920 F1500
G0 Y6.000 F3000
G1 X0.000 Y6.000 F1500
G0 Y6.080 F3000
G1 X7.000 Y6.080 F1500
G0 Y6.160 F3000
G1 X0.000 Y6.160 F1500
G0 Y6.240 F3000
G1 X7.000 Y6.240 F1500
G0 Y6.320 F3000
G1 X0.000 Y6.320 F1500
G0 Y6.400 F3000
G1 X7.000 Y6.400 F1500
G0 Y6.480 F3000
G1 X0.000 Y6.480 F1500
G0 Y6.560 F3000
G1 X7.000 Y6.560 F1500
G0 Y6.640 F3000
G1 X0.000 Y6.640 F1500
G0 Y6.720 F3000
G1 X7.000 Y6.720 F1500
G0 Y6.800 F3000
G1 X0.000 Y6.800 F1500
G0 Y6.880 F3000
G1 X7.000 Y6.880 F1500
G0 Y6.960 F3000
G1 X0.000 Y6.960 F1500
M5
G0 X0.000 Y9.700 F3000
M4 S2000
G1 X0.648 Y9.700 F1500
M5
G0 X0.000 Y9.700 F3000
M4 S2000
G1 X0.000 Y9.160 F1500
M5
G0 X0.000 Y9.160 F3000
M4 S2000
G1 X0.000 Y8.620 F1500
M5
G0 X0.000 Y8.620 F3000
M4 S2000
G1 X0.648 Y8.620 F1500
M5
G0 X0.648 Y9.160 F3000
M4 S2000
G1 X0.648 Y8.620 F1500
M5
G0 X0.000 Y9.160 F3000
M4 S2000
G1 X0.648 Y9.160 F1500
M5
G0 X0.864 Y9.160 F3000
M4 S2000
G1 X1.512 Y9.160 F1500
M5
G0 X1.728 Y9.700 F3000
M4 S2000
G1 X2.376 Y9.700 F1500
M5
G0 X2.376 Y9.700 F3000
M4 S2000
G1 X2.376 Y9.160 F1500
M5
G0 X2.376 Y9.160 F3000
M4 S2000
G1 X2.376 Y8.620 F1500
M5
G0 X1.728 Y8.620 F3000
M4 S2000
G1 X2.376 Y8.620 F1500
M5
G0 X1.728 Y9.160 F3000
M4 S2000
G1 X1.728 Y8.620 F1500
M5
G0 X1.728 Y9.700 F3000
M4 S2000
G1 X1.728 Y9.160 F1500
M5
G0 X2.592 Y9.700 F3000
M4 S2000
G1 X3.240 Y9.700 F1500
M5
G0 X3.240 Y9.700 F3000
M4 S2000
G1 X3.240 Y9.160 F1500
M5
G0 X3.240 Y9.160 F3000
M4 S2000
G1 X3.240 Y8.620 F1500
M5
G0 X2.592 Y8.620 F3000
M4 S2000
G1 X3.240 Y8.620 F1500
M5
G0 X2.592 Y9.160 F3000
M4 S2000
G1 X2.592 Y8.620 F1500
M5
G0 X2.592 Y9.700 F3000
M4 S2000
G1 X2.592 Y9.160 F1500
M5
G0 X4.104 Y9.700 F3000
M4 S2000
G1 X4.104 Y9.160 F1500
M5
G0 X4.104 Y9.160 F3000
M4 S2000
G1 X4.104 Y8.620 F1500
M5
G0 X10.000 Y0.000 F3000
M4 S2000
G1 X17.000 Y0.000 F2000
G0 Y0.080 F3000
G1 X10.000 Y0.080 F2000
G0 Y0.160 F3000
G1 X17.000 Y0.160 F2000
G0 Y0.240 F3000
G1 X10.000 Y0.240 F2000
G0 Y0.320 F3000
G1 X17.000 Y0.320 F2000
G0 Y0.400 F3000
G1 X10.000 Y0.400 F2000
G0 Y0.480 F3000
G1 X17.000 Y0.480 F2000
G0 Y0.560 F3000
G1 X10.000 Y0.560 F2000
G0 Y0.640 F3000
G1 X17.000 Y0.640 F2000
G0 Y0.720 F3000
G1 X10.000 Y0.720 F2000
G0 Y0.800 F3000
G1 X17.000 Y0.800 F2000
G0 Y0.880 F3000
G1 X10.000 Y0.880 F2000
G0 Y0.960 F3000
G1 X17.000 Y0.960 F2000
G0 Y1.040 F3000
G1 X10.000 Y1.040 F2000
G0 Y1.120 F3000
G1 X17.000 Y1.120 F2000
G0 Y1.200 F3000
G1 X10.000 Y1.200 F2000
G0 Y1.280 F3000
G1 X17.000 Y1.280 F2000
G0 Y1.360 F3000
G1 X10.000 Y1.360 F2000
G0 Y1.440 F3000
G1 X17.000 Y1.440 F2000
G0 Y1.520 F3000
G1 X10.000 Y1.520 F2000
G0 Y1.600 F3000
G1 X17.000 Y1.600 F2000
G0 Y1.680 F3000
G1 X10.000 Y1.680 F2000
G0 Y1.760 F3000
G1 X17.000 Y1.760 F2000
G0 Y1.840 F3000
G1 X10.000 Y1.840 F2000
G0 Y1.920 F3000
G1 X17.000 Y1.920 F2000
G0 Y2.000 F3000
G1 X10.000 Y2.000 F2000
G0 Y2.080 F3000
G1 X17.000 Y2.080 F2000
G0 Y2.160 F3000
G1 X10.000 Y2.160 F2000
G0 Y2.240 F3000
G1 X17.000 Y2.240 F2000
G0 Y2.320 F3000
G1 X10.000 Y2.320 F2000
G0 Y2.400 F3000
G1 X17.000 Y2.400 F2000
G0 Y2.480 F3000
G1 X10.000 Y2.480 F2000
G0 Y2.560 F3000
G1 X17.000 Y2.560 F2000
G0 Y2.640 F3000
G1 X10.000 Y2.640 F2000
G0 Y2.720 F3000
G1 X17.000 Y2.720 F2000
G0 Y2.800 F3000
G1 X10.000 Y2.800 F2000
G0 Y2.880 F3000
G1 X17.000 Y2.880 F2000
G0 Y2.960 F3000
G1 X10.000 Y2.960 F2000
G0 Y3.040 F3000
G1 X17.000 Y3.040 F2000
G0 Y3.120 F3000
G1 X10.000 Y3.120 F2000
G0 Y3.200 F3000
G1 X17.000 Y3.200 F2000
G0 Y3.280 F3000
G1 X10.000 Y3.280 F2000
G0 Y3.360 F3000
G1 X17.000 Y3.360 F2000
G0 Y3.440 F3000
G1 X10.000 Y3.440 F2000
G0 Y3.520 F3000
G1 X17.000 Y3.520 F2000
G0 Y3.600 F3000
G1 X10.000 Y3.600 F2000
G0 Y3.680 F3000
G1 X17.000 Y3.680 F2000
G0 Y3.760 F3000
G1 X10.000 Y3.760 F2000
G0 Y3.840 F3000
G1 X17.000 Y3.840 F2000
G0 Y3.920 F3000
G1 X10.000 Y3.920 F2000
G0 Y4.000 F3000
G1 X17.000 Y4.000 F2000
G0 Y4.080 F3000
G1 X10.000 Y4.080 F2000
G0 Y4.160 F3000
G1 X17.000 Y4.160 F2000
G0 Y4.240 F3000
G1 X10.000 Y4.240 F2000
G0 Y4.320 F3000
G1 X17.000 Y4.320 F2000
G0 Y4.400 F3000
G1 X10.000 Y4.400 F2000
G0 Y4.480 F3000
G1 X17.000 Y4.480 F2000
G0 Y4.560 F3000
G1 X10.000 Y4.560 F2000
G0 Y4.640 F3000
G1 X17.000 Y4.640 F2000
G0 Y4.720 F3000
G1 X10.000 Y4.720 F2000
G0 Y4.800 F3000
G1 X17.000 Y4.800 F2000
G0 Y4.880 F3000
G1 X10.000 Y4.880 F2000
G0 Y4.960 F3000
G1 X17.000 Y4.960 F2000
G0 Y5.040 F3000
G1 X10.000 Y5.040 F2000
G0 Y5.120 F3000
G1 X17.000 Y5.120 F2000
G0 Y5.200 F3000
G1 X10.000 Y5.200 F2000
G0 Y5.280 F3000
G1 X17.000 Y5.280 F2000
G0 Y5.360 F3000
G1 X10.000 Y5.360 F2000
G0 Y5.440 F3000
G1 X17.000 Y5.440 F2000
G0 Y5.520 F3000
G1 X10.000 Y5.520 F2000
G0 Y5.600 F3000
G1 X17.000 Y5.600 F2000
G0 Y5.680 F3000
G1 X10.000 Y5.680 F2000
G0 Y5.760 F3000
G1 X17.000 Y5.760 F2000
G0 Y5.840 F3000
G1 X10.000 Y5.840 F2000
G0 Y5.920 F3000
G1 X17.000 Y5.920 F2000
G0 Y6.000 F3000
G1 X10.000 Y6.000 F2000
G0 Y6.080 F3000
G1 X17.000 Y6.080 F2000
G0 Y6.160 F3000
G1 X10.000 Y6.160 F2000
G0 Y6.240 F3000
G1 X17.000 Y6.240 F2000
G0 Y6.320 F3000
G1 X10.000 Y6.320 F2000
G0 Y6.400 F3000
G1 X17.000 Y6.400 F2000
G0 Y6.480 F3000
G1 X10.000 Y6.480 F2000
G0 Y6.560 F3000
G1 X17.000 Y6.560 F2000
G0 Y6.640 F3000
G1 X10.000 Y6.640 F2000
G0 Y6.720 F3000
G1 X17.000 Y6.720 F2000
G0 Y6.800 F3000
G1 X10.000 Y6.800 F2000
G0 Y6.880 F3000
G1 X17.000 Y6.880 F2000
G0 Y6.960 F3000
G1 X10.000 Y6.960 F2000
M5
G0 X10.000 Y9.700 F3000
M4 S2000
G1 X10.648 Y9.700 F1500
M5
G0 X10.000 Y9.700 F3000
M4 S2000
G1 X10.000 Y9.160 F1500
M5
G0 X10.000 Y9.160 F3000
M4 S2000
G1 X10.000 Y8.620 F1500
M5
G0 X10.000 Y8.620 F3000
M4 S2000
G1 X10.648 Y8.620 F1500
M5
G0 X10.648 Y9.160 F3000
M4 S2000
G1 X10.648 Y8.620 F1500
M5
G0 X10.000 Y9.160 F3000
M4 S2000
G1 X10.648 Y9.160 F1500
M5
G0 X10.864 Y9.160 F3000
M4 S2000
G1 X11.512 Y9.160 F1500
M5
G0 X11.728 Y9.700 F3000
M4 S2000
G1 X12.376 Y9.700 F1500
M5
G0 X12.376 Y9.700 F3000
M4 S2000
G1 X12.376 Y9.160 F1500
M5
G0 X12.376 Y9.160 F3000
M4 S2000
G1 X12.376 Y8.620 F1500
M5
G0 X11.728 Y8.620 F3000
M4 S2000
G1 X12.376 Y8.620 F1500
M5
G0 X11.728 Y9.160 F3000
M4 S2000
G1 X11.728 Y8.620 F1500
M5
G0 X11.728 Y9.700 F3000
M4 S2000
G1 X11.728 Y9.160 F1500
M5
G0 X12.592 Y9.700 F3000
M4 S2000
G1 X13.240 Y9.700 F1500
M5
G0 X13.240 Y9.700 F3000
M4 S2000
G1 X13.240 Y9.160 F1500
M5
G0 X13.240 Y9.160 F3000
M4 S2000
G1 X13.240 Y8.620 F1500
M5
G0 X12.592 Y8.620 F3000
M4 S2000
G1 X13.240 Y8.620 F1500
M5
G0 X12.592 Y9.160 F3000
M4 S2000
G1 X12.592 Y8.620 F1500
M5
G0 X12.592 Y9.700 F3000
M4 S2000
G1 X12.592 Y9.160 F1500
M5
G0 X13.456 Y9.700 F3000
M4 S2000
G1 X14.104 Y9.700 F1500
M5
G0 X14.104 Y9.700 F3000
M4 S2000
G1 X14.104 Y9.160 F1500
M5
G0 X13.456 Y9.160 F3000
M4 S2000
G1 X14.104 Y9.160 F1500
M5
G0 X13.456 Y9.160 F3000
M4 S2000
G1 X13.456 Y8.620 F1500
M5
G0 X13.456 Y8.620 F3000
M4 S2000
G1 X14.104 Y8.620 F1500
M5
G0 X20.000 Y0.000 F3000
M4 S2000
G1 X27.000 Y0.000 F2500
G0 Y0.080 F3000
G1 X20.000 Y0.080 F2500
G0 Y0.160 F3000
G1 X27.000 Y0.160 F2500
G0 Y0.240 F3000
G1 X20.000 Y0.240 F2500
G0 Y0.320 F3000
G1 X27.000 Y0.320 F2500
G0 Y0.400 F3000
G1 X20.000 Y0.400 F2500
G0 Y0.480 F3000
G1 X27.000 Y0.480 F2500
G0 Y0.560 F3000
G1 X20.000 Y0.560 F2500
G0 Y0.640 F3000
G1 X27.000 Y0.640 F2500
G0 Y0.720 F3000
G1 X20.000 Y0.720 F2500
G0 Y0.800 F3000
G1 X27.000 Y0.800 F2500
G0 Y0.880 F3000
G1 X20.000 Y0.880 F2500
G0 Y0.960 F3000
G1 X27.000 Y0.960 F2500
G0 Y1.040 F3000
G1 X20.000 Y1.040 F2500
G0 Y1.120 F3000
G1 X27.000 Y1.120 F2500
G0 Y1.200 F3000
G1 X20.000 Y1.200 F2500
G0 Y1.280 F3000
G1 X27.000 Y1.280 F2500
G0 Y1.360 F3000
G1 X20.000 Y1.360 F2500
G0 Y1.440 F3000
G1 X27.000 Y1.440 F2500
G0 Y1.520 F3000
G1 X20.000 Y1.520 F2500
G0 Y1.600 F3000
G1 X27.000 Y1.600 F2500
G0 Y1.680 F3000
G1 X20.000 Y1.680 F2500
G0 Y1.760 F3000
G1 X27.000 Y1.760 F2500
G0 Y1.840 F3000
G1 X20.000 Y1.840 F2500
G0 Y1.920 F3000
G1 X27.000 Y1.920 F2500
G0 Y2.000 F3000
G1 X20.000 Y2.000 F2500
G0 Y2.080 F3000
G1 X27.000 Y2.080 F2500
G0 Y2.160 F3000
G1 X20.000 Y2.160 F2500
G0 Y2.240 F3000
G1 X27.000 Y2.240 F2500
G0 Y2.320 F3000
G1 X20.000 Y2.320 F2500
G0 Y2.400 F3000
G1 X27.000 Y2.400 F2500
G0 Y2.480 F3000
G1 X20.000 Y2.480 F2500
G0 Y2.560 F3000
G1 X27.000 Y2.560 F2500
G0 Y2.640 F3000
G1 X20.000 Y2.640 F2500
G0 Y2.720 F3000
G1 X27.000 Y2.720 F2500
G0 Y2.800 F3000
G1 X20.000 Y2.800 F2500
G0 Y2.880 F3000
G1 X27.000 Y2.880 F2500
G0 Y2.960 F3000
G1 X20.000 Y2.960 F2500
G0 Y3.040 F3000
G1 X27.000 Y3.040 F2500
G0 Y3.120 F3000
G1 X20.000 Y3.120 F2500
G0 Y3.200 F3000
G1 X27.000 Y3.200 F2500
G0 Y3.280 F3000
G1 X20.000 Y3.280 F2500
G0 Y3.360 F3000
G1 X27.000 Y3.360 F2500
G0 Y3.440 F3000
G1 X20.000 Y3.440 F2500
G0 Y3.520 F3000
G1 X27.000 Y3.520 F2500
G0 Y3.600 F3000
G1 X20.000 Y3.600 F2500
G0 Y3.680 F3000
G1 X27.000 Y3.680 F2500
G0 Y3.760 F3000
G1 X20.000 Y3.760 F2500
G0 Y3.840 F3000
G1 X27.000 Y3.840 F2500
G0 Y3.920 F3000
G1 X20.000 Y3.920 F2500
G0 Y4.000 F3000
G1 X27.000 Y4.000 F2500
G0 Y4.080 F3000
G1 X20.000 Y4.080 F2500
G0 Y4.160 F3000
G1 X27.000 Y4.160 F2500
G0 Y4.240 F3000
G1 X20.000 Y4.240 F2500
G0 Y4.320 F3000
G1 X27.000 Y4.320 F2500
G0 Y4.400 F3000
G1 X20.000 Y4.400 F2500
G0 Y4.480 F3000
G1 X27.000 Y4.480 F2500
G0 Y4.560 F3000
G1 X20.000 Y4.560 F2500
G0 Y4.640 F3000
G1 X27.000 Y4.640 F2500
G0 Y4.720 F3000
G1 X20.000 Y4.720 F2500
G0 Y4.800 F3000
G1 X27.000 Y4.800 F2500
G0 Y4.880 F3000
G1 X20.000 Y4.880 F2500
G0 Y4.960 F3000
G1 X27.000 Y4.960 F2500
G0 Y5.040 F3000
G1 X20.000 Y5.040 F2500
G0 Y5.120 F3000
G1 X27.000 Y5.120 F2500
G0 Y5.200 F3000
G1 X20.000 Y5.200 F2500
G0 Y5.280 F3000
G1 X27.000 Y5.280 F2500
G0 Y5.360 F3000
G1 X20.000 Y5.360 F2500
G0 Y5.440 F3000
G1 X27.000 Y5.440 F2500
G0 Y5.520 F3000
G1 X20.000 Y5.520 F2500
G0 Y5.600 F3000
G1 X27.000 Y5.600 F2500
G0 Y5.680 F3000
G1 X20.000 Y5.680 F2500
G0 Y5.760 F3000
G1 X27.000 Y5.760 F2500
G0 Y5.840 F3000
G1 X20.000 Y5.840 F2500
G0 Y5.920 F3000
G1 X27.000 Y5.920 F2500
G0 Y6.000 F3000
G1 X20.000 Y6.000 F2500
G0 Y6.080 F3000
G1 X27.000 Y6.080 F2500
G0 Y6.160 F3000
G1 X20.000 Y6.160 F2500
G0 Y6.240 F3000
G1 X27.000 Y6.240 F2500
G0 Y6.320 F3000
G1 X20.000 Y6.320 F2500
G0 Y6.400 F3000
G1 X27.000 Y6.400 F2500
G0 Y6.480 F3000
G1 X20.000 Y6.480 F2500
G0 Y6.560 F3000
G1 X27.000 Y6.560 F2500
G0 Y6.640 F3000
G1 X20.000 Y6.640 F2500
G0 Y6.720 F3000
G1 X27.000 Y6.720 F2500
G0 Y6.800 F3000
G1 X20.000 Y6.800 F2500
G0 Y6.880 F3000
G1 X27.000 Y6.880 F2500
G0 Y6.960 F3000
G1 X20.000 Y6.960 F2500
M5
G0 X20.000 Y9.700 F3000
M4 S2000
G1 X20.648 Y9.700 F1500
M5
G0 X20.000 Y9.700 F3000
M4 S2000
G1 X20.000 Y9.160 F1500
M5
G0 X20.000 Y9.160 F3000
M4 S2000
G1 X20.000 Y8.620 F1500
M5
G0 X20.000 Y8.620 F3000
M4 S2000
G1 X20.648 Y8.620 F1500
M5
G0 X20.648 Y9.160 F3000
M4 S2000
G1 X20.648 Y8.620 F1500
M5
G0 X20.000 Y9.160 F3000
M4 S2000
G1 X20.648 Y9.160 F1500
M5
G0 X20.864 Y9.160 F3000
M4 S2000
G1 X21.512 Y9.160 F1500
M5
G0 X21.728 Y9.700 F3000
M4 S2000
G1 X22.376 Y9.700 F1500
M5
G0 X22.376 Y9.700 F3000
M4 S2000
G1 X22.376 Y9.160 F1500
M5
G0 X22.376 Y9.160 F3000
M4 S2000
G1 X22.376 Y8.620 F1500
M5
G0 X21.728 Y8.620 F3000
M4 S2000
G1 X22.376 Y8.620 F1500
M5
G0 X21.728 Y9.160 F3000
M4 S2000
G1 X21.728 Y8.620 F1500
M5
G0 X21.728 Y9.700 F3000
M4 S2000
G1 X21.728 Y9.160 F1500
M5
G0 X22.592 Y9.700 F3000
M4 S2000
G1 X23.240 Y9.700 F1500
M5
G0 X23.240 Y9.700 F3000
M4 S2000
G1 X23.240 Y9.160 F1500
M5
G0 X23.240 Y9.160 F3000
M4 S2000
G1 X23.240 Y8.620 F1500
M5
G0 X22.592 Y8.620 F3000
M4 S2000
G1 X23.240 Y8.620 F1500
M5
G0 X22.592 Y9.160 F3000
M4 S2000
G1 X22.592 Y8.620 F1500
M5
G0 X22.592 Y9.700 F3000
M4 S2000
G1 X22.592 Y9.160 F1500
M5
G0 X23.456 Y9.700 F3000
M4 S2000
G1 X24.104 Y9.700 F1500
M5
G0 X24.104 Y9.700 F3000
M4 S2000
G1 X24.104 Y9.160 F1500
M5
G0 X23.456 Y9.160 F3000
M4 S2000
G1 X24.104 Y9.160 F1500
M5
G0 X24.104 Y9.160 F3000
M4 S2000
G1 X24.104 Y8.620 F1500
M5
G0 X23.456 Y8.620 F3000
M4 S2000
G1 X24.104 Y8.620 F1500
M5
G0 X30.000 Y0.000 F3000
M4 S2000
G1 X37.000 Y0.000 F3000
G0 Y0.080 F3000
G1 X30.000 Y0.080 F3000
G0 Y0.160 F3000
G1 X37.000 Y0.160 F3000
G0 Y0.240 F3000
G1 X30.000 Y0.240 F3000
G0 Y0.320 F3000
G1 X37.000 Y0.320 F3000
G0 Y0.400 F3000
G1 X30.000 Y0.400 F3000
G0 Y0.480 F3000
G1 X37.000 Y0.480 F3000
G0 Y0.560 F3000
G1 X30.000 Y0.560 F3000
G0 Y0.640 F3000
G1 X37.000 Y0.640 F3000
G0 Y0.720 F3000
G1 X30.000 Y0.720 F3000
G0 Y0.800 F3000
G1 X37.000 Y0.800 F3000
G0 Y0.880 F3000
G1 X30.000 Y0.880 F3000
G0 Y0.960 F3000
G1 X37.000 Y0.960 F3000
G0 Y1.040 F3000
G1 X30.000 Y1.040 F3000
G0 Y1.120 F3000
G1 X37.000 Y1.120 F3000
G0 Y1.200 F3000
G1 X30.000 Y1.200 F3000
G0 Y1.280 F3000
G1 X37.000 Y1.280 F3000
G0 Y1.360 F3000
G1 X30.000 Y1.360 F3000
G0 Y1.440 F3000
G1 X37.000 Y1.440 F3000
G0 Y1.520 F3000
G1 X30.000 Y1.520 F3000
G0 Y1.600 F3000
G1 X37.000 Y1.600 F3000
G0 Y1.680 F3000
G1 X30.000 Y1.680 F3000
G0 Y1.760 F3000
G1 X37.000 Y1.760 F3000
G0 Y1.840 F3000
G1 X30.000 Y1.840 F3000
G0 Y1.920 F3000
G1 X37.000 Y1.920 F3000
G0 Y2.000 F3000
G1 X30.000 Y2.000 F3000
G0 Y2.080 F3000
G1 X37.000 Y2.080 F3000
G0 Y2.160 F3000
G1 X30.000 Y2.160 F3000
G0 Y2.240 F3000
G1 X37.000 Y2.240 F3000
G0 Y2.320 F3000
G1 X30.000 Y2.320 F3000
G0 Y2.400 F3000
G1 X37.000 Y2.400 F3000
G0 Y2.480 F3000
G1 X30.000 Y2.480 F3000
G0 Y2.560 F3000
G1 X37.000 Y2.560 F3000
G0 Y2.640 F3000
G1 X30.000 Y2.640 F3000
G0 Y2.720 F3000
G1 X37.000 Y2.720 F3000
G0 Y2.800 F3000
G1 X30.000 Y2.800 F3000
G0 Y2.880 F3000
G1 X37.000 Y2.880 F3000
G0 Y2.960 F3000
G1 X30.000 Y2.960 F3000
G0 Y3.040 F3000
G1 X37.000 Y3.040 F3000
G0 Y3.120 F3000
G1 X30.000 Y3.120 F3000
G0 Y3.200 F3000
G1 X37.000 Y3.200 F3000
G0 Y3.280 F3000
G1 X30.000 Y3.280 F3000
G0 Y3.360 F3000
G1 X37.000 Y3.360 F3000
G0 Y3.440 F3000
G1 X30.000 Y3.440 F3000
G0 Y3.520 F3000
G1 X37.000 Y3.520 F3000
G0 Y3.600 F3000
G1 X30.000 Y3.600 F3000
G0 Y3.680 F3000
G1 X37.000 Y3.680 F3000
G0 Y3.760 F3000
G1 X30.000 Y3.760 F3000
G0 Y3.840 F3000
G1 X37.000 Y3.840 F3000
G0 Y3.920 F3000
G1 X30.000 Y3.920 F3000
G0 Y4.000 F3000
G1 X37.000 Y4.000 F3000
G0 Y4.080 F3000
G1 X30.000 Y4.080 F3000
G0 Y4.160 F3000
G1 X37.000 Y4.160 F3000
G0 Y4.240 F3000
G1 X30.000 Y4.240 F3000
G0 Y4.320 F3000
G1 X37.000 Y4.320 F3000
G0 Y4.400 F3000
G1 X30.000 Y4.400 F3000
G0 Y4.480 F3000
G1 X37.000 Y4.480 F3000
G0 Y4.560 F3000
G1 X30.000 Y4.560 F3000
G0 Y4.640 F3000
G1 X37.000 Y4.640 F3000
G0 Y4.720 F3000
G1 X30.000 Y4.720 F3000
G0 Y4.800 F3000
G1 X37.000 Y4.800 F3000
G0 Y4.880 F3000
G1 X30.000 Y4.880 F3000
G0 Y4.960 F3000
G1 X37.000 Y4.960 F3000
G0 Y5.040 F3000
G1 X30.000 Y5.040 F3000
G0 Y5.120 F3000
G1 X37.000 Y5.120 F3000
G0 Y5.200 F3000
G1 X30.000 Y5.200 F3000
G0 Y5.280 F3000
G1 X37.000 Y5.280 F3000
G0 Y5.360 F3000
G1 X30.000 Y5.360 F3000
G0 Y5.440 F3000
G1 X37.000 Y5.440 F3000
G0 Y5.520 F3000
G1 X30.000 Y5.520 F3000
G0 Y5.600 F3000
G1 X37.000 Y5.600 F3000
G0 Y5.680 F3000
G1 X30.000 Y5.680 F3000
G0 Y5.760 F3000
G1 X37.000 Y5.760 F3000
G0 Y5.840 F3000
G1 X30.000 Y5.840 F3000
G0 Y5.920 F3000
G1 X37.000 Y5.920 F3000
G0 Y6.000 F3000
G1 X30.000 Y6.000 F3000
G0 Y6.080 F3000
G1 X37.000 Y6.080 F3000
G0 Y6.160 F3000
G1 X30.000 Y6.160 F3000
G0 Y6.240 F3000
G1 X37.000 Y6.240 F3000
G0 Y6.320 F3000
G1 X30.000 Y6.320 F3000
G0 Y6.400 F3000
G1 X37.000 Y6.400 F3000
G0 Y6.480 F3000
G1 X30.000 Y6.480 F3000
G0 Y6.560 F3000
G1 X37.000 Y6.560 F3000
G0 Y6.640 F3000
G1 X30.000 Y6.640 F3000
G0 Y6.720 F3000
G1 X37.000 Y6.720 F3000
G0 Y6.800 F3000
G1 X30.000 Y6.800 F3000
G0 Y6.880 F3000
G1 X37.000 Y6.880 F3000
G0 Y6.960 F3000
G1 X30.000 Y6.960 F3000
M5
G0 X30.000 Y9.700 F3000
M4 S2000
G1 X30.648 Y9.700 F1500
M5
G0 X30.000 Y9.700 F3000
M4 S2000
G1 X30.000 Y9.160 F1500
M5
G0 X30.000 Y9.160 F3000
M4 S2000
G1 X30.000 Y8.620 F1500
M5
G0 X30.000 Y8.620 F3000
M4 S2000
G1 X30.648 Y8.620 F1500
M5
G0 X30.648 Y9.160 F3000
M4 S2000
G1 X30.648 Y8.620 F1500
M5
G0 X30.000 Y9.160 F3000
M4 S2000
G1 X30.648 Y9.160 F1500
M5
G0 X30.864 Y9.160 F3000
M4 S2000
G1 X31.512 Y9.160 F1500
M5
G0 X31.728 Y9.700 F3000
M4 S2000
G1 X32.376 Y9.700 F1500
M5
G0 X32.376 Y9.700 F3000
M4 S2000
G1 X32.376 Y9.160 F1500
M5
G0 X32.376 Y9.160 F3000
M4 S2000
G1 X32.376 Y8.620 F1500
M5
G0 X31.728 Y8.620 F3000
M4 S2000
G1 X32.376 Y8.620 F1500
M5
G0 X31.728 Y9.160 F3000
M4 S2000
G1 X31.728 Y8.620 F1500
M5
G0 X31.728 Y9.700 F3000
M4 S2000
G1 X31.728 Y9.160 F1500
M5
G0 X32.592 Y9.700 F3000
M4 S2000
G1 X33.240 Y9.700 F1500
M5
G0 X33.240 Y9.700 F3000
M4 S2000
G1 X33.240 Y9.160 F1500
M5
G0 X33.240 Y9.160 F3000
M4 S2000
G1 X33.240 Y8.620 F1500
M5
G0 X32.592 Y8.620 F3000
M4 S2000
G1 X33.240 Y8.620 F1500
M5
G0 X32.592 Y9.160 F3000
M4 S2000
G1 X32.592 Y8.620 F1500
M5
G0 X32.592 Y9.700 F3000
M4 S2000
G1 X32.592 Y9.160 F1500
M5
G0 X33.456 Y9.700 F3000
M4 S2000
G1 X33.456 Y9.160 F1500
M5
G0 X33.456 Y9.160 F3000
M4 S2000
G1 X34.104 Y9.160 F1500
M5
G0 X34.104 Y9.700 F3000
M4 S2000
G1 X34.104 Y9.160 F1500
M5
G0 X34.104 Y9.160 F3000
M4 S2000
G1 X34.104 Y8.620 F1500
M5
G0 X40.000 Y0.000 F3000
M4 S2000
G1 X47.000 Y0.000 F3500
G0 Y0.080 F3000
G1 X40.000 Y0.080 F3500
G0 Y0.160 F3000
G1 X47.000 Y0.160 F3500
G0 Y0.240 F3000
G1 X40.000 Y0.240 F3500
G0 Y0.320 F3000
G1 X47.000 Y0.320 F3500
G0 Y0.400 F3000
G1 X40.000 Y0.400 F3500
G0 Y0.480 F3000
G1 X47.000 Y0.480 F3500
G0 Y0.560 F3000
G1 X40.000 Y0.560 F3500
G0 Y0.640 F3000
G1 X47.000 Y0.640 F3500
G0 Y0.720 F3000
G1 X40.000 Y0.720 F3500
G0 Y0.800 F3000
G1 X47.000 Y0.800 F3500
G0 Y0.880 F3000
G1 X40.000 Y0.880 F3500
G0 Y0.960 F3000
G1 X47.000 Y0.960 F3500
G0 Y1.040 F3000
G1 X40.000 Y1.040 F3500
G0 Y1.120 F3000
G1 X47.000 Y1.120 F3500
G0 Y1.200 F3000
G1 X40.000 Y1.200 F3500
G0 Y1.280 F3000
G1 X47.000 Y1.280 F3500
G0 Y1.360 F3000
G1 X40.000 Y1.360 F3500
G0 Y1.440 F3000
G1 X47.000 Y1.440 F3500
G0 Y1.520 F3000
G1 X40.000 Y1.520 F3500
G0 Y1.600 F3000
G1 X47.000 Y1.600 F3500
G0 Y1.680 F3000
G1 X40.000 Y1.680 F3500
G0 Y1.760 F3000
G1 X47.000 Y1.760 F3500
G0 Y1.840 F3000
G1 X40.000 Y1.840 F3500
G0 Y1.920 F3000
G1 X47.000 Y1.920 F3500
G0 Y2.000 F3000
G1 X40.000 Y2.000 F3500
G0 Y2.080 F3000
G1 X47.000 Y2.080 F3500
G0 Y2.160 F3000
G1 X40.000 Y2.160 F3500
G0 Y2.240 F3000
G1 X47.000 Y2.240 F3500
G0 Y2.320 F3000
G1 X40.000 Y2.320 F3500
G0 Y2.400 F3000
G1 X47.000 Y2.400 F3500
G0 Y2.480 F3000
G1 X40.000 Y2.480 F3500
G0 Y2.560 F3000
G1 X47.000 Y2.560 F3500
G0 Y2.640 F3000
G1 X40.000 Y2.640 F3500
G0 Y2.720 F3000
G1 X47.000 Y2.720 F3500
G0 Y2.800 F3000
G1 X40.000 Y2.800 F3500
G0 Y2.880 F3000
G1 X47.000 Y2.880 F3500
G0 Y2.960 F3000
G1 X40.000 Y2.960 F3500
G0 Y3.040 F3000
G1 X47.000 Y3.040 F3500
G0 Y3.120 F3000
G1 X40.000 Y3.120 F3500
G0 Y3.200 F3000
G1 X47.000 Y3.200 F3500
G0 Y3.280 F3000
G1 X40.000 Y3.280 F3500
G0 Y3.360 F3000
G1 X47.000 Y3.360 F3500
G0 Y3.440 F3000
G1 X40.000 Y3.440 F3500
G0 Y3.520 F3000
G1 X47.000 Y3.520 F3500
G0 Y3.600 F3000
G1 X40.000 Y3.600 F3500
G0 Y3.680 F3000
G1 X47.000 Y3.680 F3500
G0 Y3.760 F3000
G1 X40.000 Y3.760 F3500
G0 Y3.840 F3000
G1 X47.000 Y3.840 F3500
G0 Y3.920 F3000
G1 X40.000 Y3.920 F3500
G0 Y4.000 F3000
G1 X47.000 Y4.000 F3500
G0 Y4.080 F3000
G1 X40.000 Y4.080 F3500
G0 Y4.160 F3000
G1 X47.000 Y4.160 F3500
G0 Y4.240 F3000
G1 X40.000 Y4.240 F3500
G0 Y4.320 F3000
G1 X47.000 Y4.320 F3500
G0 Y4.400 F3000
G1 X40.000 Y4.400 F3500
G0 Y4.480 F3000
G1 X47.000 Y4.480 F3500
G0 Y4.560 F3000
G1 X40.000 Y4.560 F3500
G0 Y4.640 F3000
G1 X47.000 Y4.640 F3500
G0 Y4.720 F3000
G1 X40.000 Y4.720 F3500
G0 Y4.800 F3000
G1 X47.000 Y4.800 F3500
G0 Y4.880 F3000
G1 X40.000 Y4.880 F3500
G0 Y4.960 F3000
G1 X47.000 Y4.960 F3500
G0 Y5.040 F3000
G1 X40.000 Y5.040 F3500
G0 Y5.120 F3000
G1 X47.000 Y5.120 F3500
G0 Y5.200 F3000
G1 X40.000 Y5.200 F3500
G0 Y5.280 F3000
G1 X47.000 Y5.280 F3500
G0 Y5.360 F3000
G1 X40.000 Y5.360 F3500
G0 Y5.440 F3000
G1 X47.000 Y5.440 F3500
G0 Y5.520 F3000
G1 X40.000 Y5.520 F3500
G0 Y5.600 F3000
G1 X47.000 Y5.600 F3500
G0 Y5.680 F3000
G1 X40.000 Y5.680 F3500
G0 Y5.760 F3000
G1 X47.000 Y5.760 F3500
G0 Y5.840 F3000
G1 X40.000 Y5.840 F3500
G0 Y5.920 F3000
G1 X47.000 Y5.920 F3500
G0 Y6.000 F3000
G1 X40.000 Y6.000 F3500
G0 Y6.080 F3000
G1 X47.000 Y6.080 F3500
G0 Y6.160 F3000
G1 X40.000 Y6.160 F3500
G0 Y6.240 F3000
G1 X47.000 Y6.240 F3500
G0 Y6.320 F3000
G1 X40.000 Y6.320 F3500
G0 Y6.400 F3000
G1 X47.000 Y6.400 F3500
G0 Y6.480 F3000
G1 X40.000 Y6.480 F3500
G0 Y6.560 F3000
G1 X47.000 Y6.560 F3500
G0 Y6.640 F3000
G1 X40.000 Y6.640 F3500
G0 Y6.720 F3000
G1 X47.000 Y6.720 F3500
G0 Y6.800 F3000
G1 X40.000 Y6.800 F3500
G0 Y6.880 F3000
G1 X47.000 Y6.880 F3500
G0 Y6.960 F3000
G1 X40.000 Y6.960 F3500
M5
G0 X40.000 Y9.700 F3000
M4 S2000
G1 X40.648 Y9.700 F1500
M5
G0 X40.000 Y9.700 F3000
M4 S2000
G1 X40.000 Y9.160 F1500
M5
G0 X40.000 Y9.160 F3000
M4 S2000
G1 X40.000 Y8.620 F1500
M5
G0 X40.000 Y8.620 F3000
M4 S2000
G1 X40.648 Y8.620 F1500
M5
G0 X40.648 Y9.160 F3000
M4 S2000
G1 X40.648 Y8.620 F1500
M5
G0 X40.000 Y9.160 F3000
M4 S2000
G1 X40.648 Y9.160 F1500
M5
G0 X40.864 Y9.160 F3000
M4 S2000
G1 X41.512 Y9.160 F1500
M5
G0 X41.728 Y9.700 F3000
M4 S2000
G1 X42.376 Y9.700 F1500
M5
G0 X42.376 Y9.700 F3000
M4 S2000
G1 X42.376 Y9.160 F1500
M5
G0 X42.376 Y9.160 F3000
M4 S2000
G1 X42.376 Y8.620 F1500
M5
G0 X41.728 Y8.620 F3000
M4 S2000
G1 X42.376 Y8.620 F1500
M5
G0 X41.728 Y9.160 F3000
M4 S2000
G1 X41.728 Y8.620 F1500
M5
G0 X41.728 Y9.700 F3000
M4 S2000
G1 X41.728 Y9.160 F1500
M5
G0 X42.592 Y9.700 F3000
M4 S2000
G1 X43.240 Y9.700 F1500
M5
G0 X43.240 Y9.700 F3000
M4 S2000
G1 X43.240 Y9.160 F1500
M5
G0 X43.240 Y9.160 F3000
M4 S2000
G1 X43.240 Y8.620 F1500
M5
G0 X42.592 Y8.620 F3000
M4 S2000
G1 X43.240 Y8.620 F1500
M5
G0 X42.592 Y9.160 F3000
M4 S2000
G1 X42.592 Y8.620 F1500
M5
G0 X42.592 Y9.700 F3000
M4 S2000
G1 X42.592 Y9.160 F1500
M5
G0 X43.456 Y9.700 F3000
M4 S2000
G1 X44.104 Y9.700 F1500
M5
G0 X43.456 Y9.700 F3000
M4 S2000
G1 X43.456 Y9.160 F1500
M5
G0 X43.456 Y9.160 F3000
M4 S2000
G1 X44.104 Y9.160 F1500
M5
G0 X44.104 Y9.160 F3000
M4 S2000
G1 X44.104 Y8.620 F1500
M5
G0 X43.456 Y8.620 F3000
M4 S2000
G1 X44.104 Y8.620 F1500
M5
G0 X40.000 Y10.000 F3000
M4 S3500
G1 X47.000 Y10.000 F3500
G0 Y10.080 F3000
G1 X40.000 Y10.080 F3500
G0 Y10.160 F3000
G1 X47.000 Y10.160 F3500
G0 Y10.240 F3000
G1 X40.000 Y10.240 F3500
G0 Y10.320 F3000
G1 X47.000 Y10.320 F3500
G0 Y10.400 F3000
G1 X40.000 Y10.400 F3500
G0 Y10.480 F3000
G1 X47.000 Y10.480 F3500
G0 Y10.560 F3000
G1 X40.000 Y10.560 F3500
G0 Y10.640 F3000
G1 X47.000 Y10.640 F3500
G0 Y10.720 F3000
G1 X40.000 Y10.720 F3500
G0 Y10.800 F3000
G1 X47.000 Y10.800 F3500
G0 Y10.880 F3000
G1 X40.000 Y10.880 F3500
G0 Y10.960 F3000
G1 X47.000 Y10.960 F3500
G0 Y11.040 F3000
G1 X40.000 Y11.040 F3500
G0 Y11.120 F3000
G1 X47.000 Y11.120 F3500
G0 Y11.200 F3000
G1 X40.000 Y11.200 F3500
G0 Y11.280 F3000
G1 X47.000 Y11.280 F3500
G0 Y11.360 F3000
G1 X40.000 Y11.360 F3500
G0 Y11.440 F3000
G1 X47.000 Y11.440 F3500
G0 Y11.520 F3000
G1 X40.000 Y11.520 F3500
G0 Y11.600 F3000
G1 X47.000 Y11.600 F3500
G0 Y11.680 F3000
G1 X40.000 Y11.680 F3500
G0 Y11.760 F3000
G1 X47.000 Y11.760 F3500
G0 Y11.840 F3000
G1 X40.000 Y11.840 F3500
G0 Y11.920 F3000
G1 X47.000 Y11.920 F3500
G0 Y12.000 F3000
G1 X40.000 Y12.000 F3500
G0 Y12.080 F3000
G1 X47.000 Y12.080 F3500
G0 Y12.160 F3000
G1 X40.000 Y12.160 F3500
G0 Y12.240 F3000
G1 X47.000 Y12.240 F3500
G0 Y12.320 F3000
G1 X40.000 Y12.320 F3500
G0 Y12.400 F3000
G1 X47.000 Y12.400 F3500
G0 Y12.480 F3000
G1 X40.000 Y12.480 F3500
G0 Y12.560 F3000
G1 X47.000 Y12.560 F3500
G0 Y12.640 F3000
G1 X40.000 Y12.640 F3500
G0 Y12.720 F3000
G1 X47.000 Y12.720 F3500
G0 Y12.800 F3000
G1 X40.000 Y12.800 F3500
G0 Y12.880 F3000
G1 X47.000 Y12.880 F3500
G0 Y12.960 F3000
G1 X40.000 Y12.960 F3500
G0 Y13.040 F3000
G1 X47.000 Y13.040 F3500
G0 Y13.120 F3000
G1 X40.000 Y13.120 F3500
G0 Y13.200 F3000
G1 X47.000 Y13.200 F3500
G0 Y13.280 F3000
G1 X40.000 Y13.280 F3500
G0 Y13.360 F3000
G1 X47.000 Y13.360 F3500
G0 Y13.440 F3000
G1 X40.000 Y13.440 F3500
G0 Y13.520 F3000
G1 X47.000 Y13.520 F3500
G0 Y13.600 F3000
G1 X40.000 Y13.600 F3500
G0 Y13.680 F3000
G1 X47.000 Y13.680 F3500
G0 Y13.760 F3000
G1 X40.000 Y13.760 F3500
G0 Y13.840 F3000
G1 X47.000 Y13.840 F3500
G0 Y13.920 F3000
G1 X40.000 Y13.920 F3500
G0 Y14.000 F3000
G1 X47.000 Y14.000 F3500
G0 Y14.080 F3000
G1 X40.000 Y14.080 F3500
G0 Y14.160 F3000
G1 X47.000 Y14.160 F3500
G0 Y14.240 F3000
G1 X40.000 Y14.240 F3500
G0 Y14.320 F3000
G1 X47.000 Y14.320 F3500
G0 Y14.400 F3000
G1 X40.000 Y14.400 F3500
G0 Y14.480 F3000
G1 X47.000 Y14.480 F3500
G0 Y14.560 F3000
G1 X40.000 Y14.560 F3500
G0 Y14.640 F3000
G1 X47.000 Y14.640 F3500
G0 Y14.720 F3000
G1 X40.000 Y14.720 F3500
G0 Y14.800 F3000
G1 X47.000 Y14.800 F3500
G0 Y14.880 F3000
G1 X40.000 Y14.880 F3500
G0 Y14.960 F3000
G1 X47.000 Y14.960 F3500
G0 Y15.040 F3000
G1 X40.000 Y15.040 F3500
G0 Y15.120 F3000
G1 X47.000 Y15.120 F3500
G0 Y15.200 F3000
G1 X40.000 Y15.200 F3500
G0 Y15.280 F3000
G1 X47.000 Y15.280 F3500
G0 Y15.360 F3000
G1 X40.000 Y15.360 F3500
G0 Y15.440 F3000
G1 X47.000 Y15.440 F3500
G0 Y15.520 F3000
G1 X40.000 Y15.520 F3500
G0 Y15.600 F3000
G1 X47.000 Y15.600 F3500
G0 Y15.680 F3000
G1 X40.000 Y15.680 F3500
G0 Y15.760 F3000
G1 X47.000 Y15.760 F3500
G0 Y15.840 F3000
G1 X40.000 Y15.840 F3500
G0 Y15.920 F3000
G1 X47.000 Y15.920 F3500
G0 Y16.000 F3000
G1 X40.000 Y16.000 F3500
G0 Y16.080 F3000
G1 X47.000 Y16.080 F3500
G0 Y16.160 F3000
G1 X40.000 Y16.160 F3500
G0 Y16.240 F3000
G1 X47.000 Y16.240 F3500
G0 Y16.320 F3000
G1 X40.000 Y16.320 F3500
G0 Y16.400 F3000
G1 X47.000 Y16.400 F3500
G0 Y16.480 F3000
G1 X40.000 Y16.480 F3500
G0 Y16.560 F3000
G1 X47.000 Y16.560 F3500
G0 Y16.640 F3000
G1 X40.000 Y16.640 F3500
G0 Y16.720 F3000
G1 X47.000 Y16.720 F3500
G0 Y16.800 F3000
G1 X40.000 Y16.800 F3500
G0 Y16.880 F3000
G1 X47.000 Y16.880 F3500
G0 Y16.960 F3000
G1 X40.000 Y16.960 F3500
M5
G0 X40.000 Y19.700 F3000
M4 S2000
G1 X40.648 Y19.700 F1500
M5
G0 X40.000 Y19.700 F3000
M4 S2000
G1 X40.000 Y19.160 F1500
M5
G0 X40.000 Y19.160 F3000
M4 S2000
G1 X40.000 Y18.620 F1500
M5
G0 X40.000 Y18.620 F3000
M4 S2000
G1 X40.648 Y18.620 F1500
M5
G0 X40.648 Y19.160 F3000
M4 S2000
G1 X40.648 Y18.620 F1500
M5
G0 X40.000 Y19.160 F3000
M4 S2000
G1 X40.648 Y19.160 F1500
M5
G0 X40.864 Y19.160 F3000
M4 S2000
G1 X41.512 Y19.160 F1500
M5
G0 X41.728 Y19.700 F3000
M4 S2000
G1 X42.376 Y19.700 F1500
M5
G0 X42.376 Y19.700 F3000
M4 S2000
G1 X42.376 Y19.160 F1500
M5
G0 X42.376 Y19.160 F3000
M4 S2000
G1 X42.376 Y18.620 F1500
M5
G0 X41.728 Y18.620 F3000
M4 S2000
G1 X42.376 Y18.620 F1500
M5
G0 X41.728 Y19.160 F3000
M4 S2000
G1 X41.728 Y18.620 F1500
M5
G0 X41.728 Y19.700 F3000
M4 S2000
G1 X41.728 Y19.160 F1500
M5
G0 X42.592 Y19.700 F3000
M4 S2000
G1 X43.240 Y19.700 F1500
M5
G0 X43.240 Y19.700 F3000
M4 S2000
G1 X43.240 Y19.160 F1500
M5
G0 X43.240 Y19.160 F3000
M4 S2000
G1 X43.240 Y18.620 F1500
M5
G0 X42.592 Y18.620 F3000
M4 S2000
G1 X43.240 Y18.620 F1500
M5
G0 X42.592 Y19.160 F3000
M4 S2000
G1 X42.592 Y18.620 F1500
M5
G0 X42.592 Y19.700 F3000
M4 S2000
G1 X42.592 Y19.160 F1500
M5
G0 X43.456 Y19.700 F3000
M4 S2000
G1 X44.104 Y19.700 F1500
M5
G0 X43.456 Y19.700 F3000
M4 S2000
G1 X43.456 Y19.160 F1500
M5
G0 X43.456 Y19.160 F3000
M4 S2000
G1 X44.104 Y19.160 F1500
M5
G0 X43.456 Y19.160 F3000
M4 S2000
G1 X43.456 Y18.620 F1500
M5
G0 X44.104 Y19.160 F3000
M4 S2000
G1 X44.104 Y18.620 F1500
M5
G0 X43.456 Y18.620 F3000
M4 S2000
G1 X44.104 Y18.620 F1500
M5
G0 X30.000 Y10.000 F3000
M4 S3500
G1 X37.000 Y10.000 F3000
G0 Y10.080 F3000
G1 X30.000 Y10.080 F3000
G0 Y10.160 F3000
G1 X37.000 Y10.160 F3000
G0 Y10.240 F3000
G1 X30.000 Y10.240 F3000
G0 Y10.320 F3000
G1 X37.000 Y10.320 F3000
G0 Y10.400 F3000
G1 X30.000 Y10.400 F3000
G0 Y10.480 F3000
G1 X37.000 Y10.480 F3000
G0 Y10.560 F3000
G1 X30.000 Y10.560 F3000
G0 Y10.640 F3000
G1 X37.000 Y10.640 F3000
G0 Y10.720 F3000
G1 X30.000 Y10.720 F3000
G0 Y10.800 F3000
G1 X37.000 Y10.800 F3000
G0 Y10.880 F3000
G1 X30.000 Y10.880 F3000
G0 Y10.960 F3000
G1 X37.000 Y10.960 F3000
G0 Y11.040 F3000
G1 X30.000 Y11.040 F3000
G0 Y11.120 F3000
G1 X37.000 Y11.120 F3000
G0 Y11.200 F3000
G1 X30.000 Y11.200 F3000
G0 Y11.280 F3000
G1 X37.000 Y11.280 F3000
G0 Y11.360 F3000
G1 X30.000 Y11.360 F3000
G0 Y11.440 F3000
G1 X37.000 Y11.440 F3000
G0 Y11.520 F3000
G1 X30.000 Y11.520 F3000
G0 Y11.600 F3000
G1 X37.000 Y11.600 F3000
G0 Y11.680 F3000
G1 X30.000 Y11.680 F3000
G0 Y11.760 F3000
G1 X37.000 Y11.760 F3000
G0 Y11.840 F3000
G1 X30.000 Y11.840 F3000
G0 Y11.920 F3000
G1 X37.000 Y11.920 F3000
G0 Y12.000 F3000
G1 X30.000 Y12.000 F3000
G0 Y12.080 F3000
G1 X37.000 Y12.080 F3000
G0 Y12.160 F3000
G1 X30.000 Y12.160 F3000
G0 Y12.240 F3000
G1 X37.000 Y12.240 F3000
G0 Y12.320 F3000
G1 X30.000 Y12.320 F3000
G0 Y12.400 F3000
G1 X37.000 Y12.400 F3000
G0 Y12.480 F3000
G1 X30.000 Y12.480 F3000
G0 Y12.560 F3000
G1 X37.000 Y12.560 F3000
G0 Y12.640 F3000
G1 X30.000 Y12.640 F3000
G0 Y12.720 F3000
G1 X37.000 Y12.720 F3000
G0 Y12.800 F3000
G1 X30.000 Y12.800 F3000
G0 Y12.880 F3000
G1 X37.000 Y12.880 F3000
G0 Y12.960 F3000
G1 X30.000 Y12.960 F3000
G0 Y13.040 F3000
G1 X37.000 Y13.040 F3000
G0 Y13.120 F3000
G1 X30.000 Y13.120 F3000
G0 Y13.200 F3000
G1 X37.000 Y13.200 F3000
G0 Y13.280 F3000
G1 X30.000 Y13.280 F3000
G0 Y13.360 F3000
G1 X37.000 Y13.360 F3000
G0 Y13.440 F3000
G1 X30.000 Y13.440 F3000
G0 Y13.520 F3000
G1 X37.000 Y13.520 F3000
G0 Y13.600 F3000
G1 X30.000 Y13.600 F3000
G0 Y13.680 F3000
G1 X37.000 Y13.680 F3000
G0 Y13.760 F3000
G1 X30.000 Y13.760 F3000
G0 Y13.840 F3000
G1 X37.000 Y13.840 F3000
G0 Y13.920 F3000
G1 X30.000 Y13.920 F3000
G0 Y14.000 F3000
G1 X37.000 Y14.000 F3000
G0 Y14.080 F3000
G1 X30.000 Y14.080 F3000
G0 Y14.160 F3000
G1 X37.000 Y14.160 F3000
G0 Y14.240 F3000
G1 X30.000 Y14.240 F3000
G0 Y14.320 F3000
G1 X37.000 Y14.320 F3000
G0 Y14.400 F3000
G1 X30.000 Y14.400 F3000
G0 Y14.480 F3000
G1 X37.000 Y14.480 F3000
G0 Y14.560 F3000
G1 X30.000 Y14.560 F3000
G0 Y14.640 F3000
G1 X37.000 Y14.640 F3000
G0 Y14.720 F3000
G1 X30.000 Y14.720 F3000
G0 Y14.800 F3000
G1 X37.000 Y14.800 F3000
G0 Y14.880 F3000
G1 X30.000 Y14.880 F3000
G0 Y14.960 F3000
G1 X37.000 Y14.960 F3000
G0 Y15.040 F3000
G1 X30.000 Y15.040 F3000
G0 Y15.120 F3000
G1 X37.000 Y15.120 F3000
G0 Y15.200 F3000
G1 X30.000 Y15.200 F3000
G0 Y15.280 F3000
G1 X37.000 Y15.280 F3000
G0 Y15.360 F3000
G1 X30.000 Y15.360 F3000
G0 Y15.440 F3000
G1 X37.000 Y15.440 F3000
G0 Y15.520 F3000
G1 X30.000 Y15.520 F3000
G0 Y15.600 F3000
G1 X37.000 Y15.600 F3000
G0 Y15.680 F3000
G1 X30.000 Y15.680 F3000
G0 Y15.760 F3000
G1 X37.000 Y15.760 F3000
G0 Y15.840 F3000
G1 X30.000 Y15.840 F3000
G0 Y15.920 F3000
G1 X37.000 Y15.920 F3000
G0 Y16.000 F3000
G1 X30.000 Y16.000 F3000
G0 Y16.080 F3000
G1 X37.000 Y16.080 F3000
G0 Y16.160 F3000
G1 X30.000 Y16.160 F3000
G0 Y16.240 F3000
G1 X37.000 Y16.240 F3000
G0 Y16.320 F3000
G1 X30.000 Y16.320 F3000
G0 Y16.400 F3000
G1 X37.000 Y16.400 F3000
G0 Y16.480 F3000
G1 X30.000 Y16.480 F3000
G0 Y16.560 F3000
G1 X37.000 Y16.560 F3000
G0 Y16.640 F3000
G1 X30.000 Y16.640 F3000
G0 Y16.720 F3000
G1 X37.000 Y16.720 F3000
G0 Y16.800 F3000
G1 X30.000 Y16.800 F3000
G0 Y16.880 F3000
G1 X37.000 Y16.880 F3000
G0 Y16.960 F3000
G1 X30.000 Y16.960 F3000
M5
G0 X30.000 Y19.700 F3000
M4 S2000
G1 X30.648 Y19.700 F1500
M5
G0 X30.000 Y19.700 F3000
M4 S2000
G1 X30.000 Y19.160 F1500
M5
G0 X30.000 Y19.160 F3000
M4 S2000
G1 X30.000 Y18.620 F1500
M5
G0 X30.000 Y18.620 F3000
M4 S2000
G1 X30.648 Y18.620 F1500
M5
G0 X30.648 Y19.160 F3000
M4 S2000
G1 X30.648 Y18.620 F1500
M5
G0 X30.000 Y19.160 F3000
M4 S2000
G1 X30.648 Y19.160 F1500
M5
G0 X30.864 Y19.160 F3000
M4 S2000
G1 X31.512 Y19.160 F1500
M5
G0 X31.728 Y19.700 F3000
M4 S2000
G1 X32.376 Y19.700 F1500
M5
G0 X32.376 Y19.700 F3000
M4 S2000
G1 X32.376 Y19.160 F1500
M5
G0 X32.376 Y19.160 F3000
M4 S2000
G1 X32.376 Y18.620 F1500
M5
G0 X31.728 Y18.620 F3000
M4 S2000
G1 X32.376 Y18.620 F1500
M5
G0 X31.728 Y19.160 F3000
M4 S2000
G1 X31.728 Y18.620 F1500
M5
G0 X31.728 Y19.700 F3000
M4 S2000
G1 X31.728 Y19.160 F1500
M5
G0 X32.592 Y19.700 F3000
M4 S2000
G1 X33.240 Y19.700 F1500
M5
G0 X33.240 Y19.700 F3000
M4 S2000
G1 X33.240 Y19.160 F1500
M5
G0 X33.240 Y19.160 F3000
M4 S2000
G1 X33.240 Y18.620 F1500
M5
G0 X32.592 Y18.620 F3000
M4 S2000
G1 X33.240 Y18.620 F1500
M5
G0 X32.592 Y19.160 F3000
M4 S2000
G1 X32.592 Y18.620 F1500
M5
G0 X32.592 Y19.700 F3000
M4 S2000
G1 X32.592 Y19.160 F1500
M5
G0 X33.456 Y19.700 F3000
M4 S2000
G1 X34.104 Y19.700 F1500
M5
G0 X34.104 Y19.700 F3000
M4 S2000
G1 X34.104 Y19.160 F1500
M5
G0 X34.104 Y19.160 F3000
M4 S2000
G1 X34.104 Y18.620 F1500
M5
G0 X20.000 Y10.000 F3000
M4 S3500
G1 X27.000 Y10.000 F2500
G0 Y10.080 F3000
G1 X20.000 Y10.080 F2500
G0 Y10.160 F3000
G1 X27.000 Y10.160 F2500
G0 Y10.240 F3000
G1 X20.000 Y10.240 F2500
G0 Y10.320 F3000
G1 X27.000 Y10.320 F2500
G0 Y10.400 F3000
G1 X20.000 Y10.400 F2500
G0 Y10.480 F3000
G1 X27.000 Y10.480 F2500
G0 Y10.560 F3000
G1 X20.000 Y10.560 F2500
G0 Y10.640 F3000
G1 X27.000 Y10.640 F2500
G0 Y10.720 F3000
G1 X20.000 Y10.720 F2500
G0 Y10.800 F3000
G1 X27.000 Y10.800 F2500
G0 Y10.880 F3000
G1 X20.000 Y10.880 F2500
G0 Y10.960 F3000
G1 X27.000 Y10.960 F2500
G0 Y11.040 F3000
G1 X20.000 Y11.040 F2500
G0 Y11.120 F3000
G1 X27.000 Y11.120 F2500
G0 Y11.200 F3000
G1 X20.000 Y11.200 F2500
G0 Y11.280 F3000
G1 X27.000 Y11.280 F2500
G0 Y11.360 F3000
G1 X20.000 Y11.360 F2500
G0 Y11.440 F3000
G1 X27.000 Y11.440 F2500
G0 Y11.520 F3000
G1 X20.000 Y11.520 F2500
G0 Y11.600 F3000
G1 X27.000 Y11.600 F2500
G0 Y11.680 F3000
G1 X20.000 Y11.680 F2500
G0 Y11.760 F3000
G1 X27.000 Y11.760 F2500
G0 Y11.840 F3000
G1 X20.000 Y11.840 F2500
G0 Y11.920 F3000
G1 X27.000 Y11.920 F2500
G0 Y12.000 F3000
G1 X20.000 Y12.000 F2500
G0 Y12.080 F3000
G1 X27.000 Y12.080 F2500
G0 Y12.160 F3000
G1 X20.000 Y12.160 F2500
G0 Y12.240 F3000
G1 X27.000 Y12.240 F2500
G0 Y12.320 F3000
G1 X20.000 Y12.320 F2500
G0 Y12.400 F3000
G1 X27.000 Y12.400 F2500
G0 Y12.480 F3000
G1 X20.000 Y12.480 F2500
G0 Y12.560 F3000
G1 X27.000 Y12.560 F2500
G0 Y12.640 F3000
G1 X20.000 Y12.640 F2500
G0 Y12.720 F3000
G1 X27.000 Y12.720 F2500
G0 Y12.800 F3000
G1 X20.000 Y12.800 F2500
G0 Y12.880 F3000
G1 X27.000 Y12.880 F2500
G0 Y12.960 F3000
G1 X20.000 Y12.960 F2500
G0 Y13.040 F3000
G1 X27.000 Y13.040 F2500
G0 Y13.120 F3000
G1 X20.000 Y13.120 F2500
G0 Y13.200 F3000
G1 X27.000 Y13.200 F2500
G0 Y13.280 F3000
G1 X20.000 Y13.280 F2500
G0 Y13.360 F3000
G1 X27.000 Y13.360 F2500
G0 Y13.440 F3000
G1 X20.000 Y13.440 F2500
G0 Y13.520 F3000
G1 X27.000 Y13.520 F2500
G0 Y13.600 F3000
G1 X20.000 Y13.600 F2500
G0 Y13.680 F3000
G1 X27.000 Y13.680 F2500
G0 Y13.760 F3000
G1 X20.000 Y13.760 F2500
G0 Y13.840 F3000
G1 X27.000 Y13.840 F2500
G0 Y13.920 F3000
G1 X20.000 Y13.920 F2500
G0 Y14.000 F3000
G1 X27.000 Y14.000 F2500
G0 Y14.080 F3000
G1 X20.000 Y14.080 F2500
G0 Y14.160 F3000
G1 X27.000 Y14.160 F2500
G0 Y14.240 F3000
G1 X20.000 Y14.240 F2500
G0 Y14.320 F3000
G1 X27.000 Y14.320 F2500
G0 Y14.400 F3000
G1 X20.000 Y14.400 F2500
G0 Y14.480 F3000
G1 X27.000 Y14.480 F2500
G0 Y14.560 F3000
G1 X20.000 Y14.560 F2500
G0 Y14.640 F3000
G1 X27.000 Y14.640 F2500
G0 Y14.720 F3000
G1 X20.000 Y14.720 F2500
G0 Y14.800 F3000
G1 X27.000 Y14.800 F2500
G0 Y14.880 F3000
G1 X20.000 Y14.880 F2500
G0 Y14.960 F3000
G1 X27.000 Y14.960 F2500
G0 Y15.040 F3000
G1 X20.000 Y15.040 F2500
G0 Y15.120 F3000
G1 X27.000 Y15.120 F2500
G0 Y15.200 F3000
G1 X20.000 Y15.200 F2500
G0 Y15.280 F3000
G1 X27.000 Y15.280 F2500
G0 Y15.360 F3000
G1 X20.000 Y15.360 F2500
G0 Y15.440 F3000
G1 X27.000 Y15.440 F2500
G0 Y15.520 F3000
G1 X20.000 Y15.520 F2500
G0 Y15.600 F3000
G1 X27.000 Y15.600 F2500
G0 Y15.680 F3000
G1 X20.000 Y15.680 F2500
G0 Y15.760 F3000
G1 X27.000 Y15.760 F2500
G0 Y15.840 F3000
G1 X20.000 Y15.840 F2500
G0 Y15.920 F3000
G1 X27.000 Y15.920 F2500
G0 Y16.000 F3000
G1 X20.000 Y16.000 F2500
G0 Y16.080 F3000
G1 X27.000 Y16.080 F2500
G0 Y16.160 F3000
G1 X20.000 Y16.160 F2500
G0 Y16.240 F3000
G1 X27.000 Y16.240 F2500
G0 Y16.320 F3000
G1 X20.000 Y16.320 F2500
G0 Y16.400 F3000
G1 X27.000 Y16.400 F2500
G0 Y16.480 F3000
G1 X20.000 Y16.480 F2500
G0 Y16.560 F3000
G1 X27.000 Y16.560 F2500
G0 Y16.640 F3000
G1 X20.000 Y16.640 F2500
G0 Y16.720 F3000
G1 X27.000 Y16.720 F2500
G0 Y16.800 F3000
G1 X20.000 Y16.800 F2500
G0 Y16.880 F3000
G1 X27.000 Y16.880 F2500
G0 Y16.960 F3000
G1 X20.000 Y16.960 F2500
M5
G0 X20.000 Y19.700 F3000
M4 S2000
G1 X20.648 Y19.700 F1500
M5
G0 X20.000 Y19.700 F3000
M4 S2000
G1 X20.000 Y19.160 F1500
M5
G0 X20.000 Y19.160 F3000
M4 S2000
G1 X20.000 Y18.620 F1500
M5
G0 X20.000 Y18.620 F3000
M4 S2000
G1 X20.648 Y18.620 F1500
M5
G0 X20.648 Y19.160 F3000
M4 S2000
G1 X20.648 Y18.620 F1500
M5
G0 X20.000 Y19.160 F3000
M4 S2000
G1 X20.648 Y19.160 F1500
M5
G0 X20.864 Y19.160 F3000
M4 S2000
G1 X21.512 Y19.160 F1500
M5
G0 X21.728 Y19.700 F3000
M4 S2000
G1 X22.376 Y19.700 F1500
M5
G0 X22.376 Y19.700 F3000
M4 S2000
G1 X22.376 Y19.160 F1500
M5
G0 X22.376 Y19.160 F3000
M4 S2000
G1 X22.376 Y18.620 F1500
M5
G0 X21.728 Y18.620 F3000
M4 S2000
G1 X22.376 Y18.620 F1500
M5
G0 X21.728 Y19.160 F3000
M4 S2000
G1 X21.728 Y18.620 F1500
M5
G0 X21.728 Y19.700 F3000
M4 S2000
G1 X21.728 Y19.160 F1500
M5
G0 X22.592 Y19.700 F3000
M4 S2000
G1 X23.240 Y19.700 F1500
M5
G0 X23.240 Y19.700 F3000
M4 S2000
G1 X23.240 Y19.160 F1500
M5
G0 X23.240 Y19.160 F3000
M4 S2000
G1 X23.240 Y18.620 F1500
M5
G0 X22.592 Y18.620 F3000
M4 S2000
G1 X23.240 Y18.620 F1500
M5
G0 X22.592 Y19.160 F3000
M4 S2000
G1 X22.592 Y18.620 F1500
M5
G0 X22.592 Y19.700 F3000
M4 S2000
G1 X22.592 Y19.160 F1500
M5
G0 X23.456 Y19.700 F3000
M4 S2000
G1 X24.104 Y19.700 F1500
M5
G0 X24.104 Y19.700 F3000
M4 S2000
G1 X24.104 Y19.160 F1500
M5
G0 X24.104 Y19.160 F3000
M4 S2000
G1 X24.104 Y18.620 F1500
M5
G0 X23.456 Y18.620 F3000
M4 S2000
G1 X24.104 Y18.620 F1500
M5
G0 X23.456 Y19.160 F3000
M4 S2000
G1 X23.456 Y18.620 F1500
M5
G0 X23.456 Y19.700 F3000
M4 S2000
G1 X23.456 Y19.160 F1500
M5
G0 X23.456 Y19.160 F3000
M4 S2000
G1 X24.104 Y19.160 F1500
M5
G0 X10.000 Y10.000 F3000
M4 S3500
G1 X17.000 Y10.000 F2000
G0 Y10.080 F3000
G1 X10.000 Y10.080 F2000
G0 Y10.160 F3000
G1 X17.000 Y10.160 F2000
G0 Y10.240 F3000
G1 X10.000 Y10.240 F2000
G0 Y10.320 F3000
G1 X17.000 Y10.320 F2000
G0 Y10.400 F3000
G1 X10.000 Y10.400 F2000
G0 Y10.480 F3000
G1 X17.000 Y10.480 F2000
G0 Y10.560 F3000
G1 X10.000 Y10.560 F2000
G0 Y10.640 F3000
G1 X17.000 Y10.640 F2000
G0 Y10.720 F3000
G1 X10.000 Y10.720 F2000
G0 Y10.800 F3000
G1 X17.000 Y10.800 F2000
G0 Y10.880 F3000
G1 X10.000 Y10.880 F2000
G0 Y10.960 F3000
G1 X17.000 Y10.960 F2000
G0 Y11.040 F3000
G1 X10.000 Y11.040 F2000
G0 Y11.120 F3000
G1 X17.000 Y11.120 F2000
G0 Y11.200 F3000
G1 X10.000 Y11.200 F2000
G0 Y11.280 F3000
G1 X17.000 Y11.280 F2000
G0 Y11.360 F3000
G1 X10.000 Y11.360 F2000
G0 Y11.440 F3000
G1 X17.000 Y11.440 F2000
G0 Y11.520 F3000
G1 X10.000 Y11.520 F2000
G0 Y11.600 F3000
G1 X17.000 Y11.600 F2000
G0 Y11.680 F3000
G1 X10.000 Y11.680 F2000
G0 Y11.760 F3000
G1 X17.000 Y11.760 F2000
G0 Y11.840 F3000
G1 X10.000 Y11.840 F2000
G0 Y11.920 F3000
G1 X17.000 Y11.920 F2000
G0 Y12.000 F3000
G1 X10.000 Y12.000 F2000
G0 Y12.080 F3000
G1 X17.000 Y12.080 F2000
G0 Y12.160 F3000
G1 X10.000 Y12.160 F2000
G0 Y12.240 F3000
G1 X17.000 Y12.240 F2000
G0 Y12.320 F3000
G1 X10.000 Y12.320 F2000
G0 Y12.400 F3000
G1 X17.000 Y12.400 F2000
G0 Y12.480 F3000
G1 X10.000 Y12.480 F2000
G0 Y12.560 F3000
G1 X17.000 Y12.560 F2000
G0 Y12.640 F3000
G1 X10.000 Y12.640 F2000
G0 Y12.720 F3000
G1 X17.000 Y12.720 F2000
G0 Y12.800 F3000
G1 X10.000 Y12.800 F2000
G0 Y12.880 F3000
G1 X17.000 Y12.880 F2000
G0 Y12.960 F3000
G1 X10.000 Y12.960 F2000
G0 Y13.040 F3000
G1 X17.000 Y13.040 F2000
G0 Y13.120 F3000
G1 X10.000 Y13.120 F2000
G0 Y13.200 F3000
G1 X17.000 Y13.200 F2000
G0 Y13.280 F3000
G1 X10.000 Y13.280 F2000
G0 Y13.360 F3000
G1 X17.000 Y13.360 F2000
G0 Y13.440 F3000
G1 X10.000 Y13.440 F2000
G0 Y13.520 F3000
G1 X17.000 Y13.520 F2000
G0 Y13.600 F3000
G1 X10.000 Y13.600 F2000
G0 Y13.680 F3000
G1 X17.000 Y13.680 F2000
G0 Y13.760 F3000
G1 X10.000 Y13.760 F2000
G0 Y13.840 F3000
G1 X17.000 Y13.840 F2000
G0 Y13.920 F3000
G1 X10.000 Y13.920 F2000
G0 Y14.000 F3000
G1 X17.000 Y14.000 F2000
G0 Y14.080 F3000
G1 X10.000 Y14.080 F2000
G0 Y14.160 F3000
G1 X17.000 Y14.160 F2000
G0 Y14.240 F3000
G1 X10.000 Y14.240 F2000
G0 Y14.320 F3000
G1 X17.000 Y14.320 F2000
G0 Y14.400 F3000
G1 X10.000 Y14.400 F2000
G0 Y14.480 F3000
G1 X17.000 Y14.480 F2000
G0 Y14.560 F3000
G1 X10.000 Y14.560 F2000
G0 Y14.640 F3000
G1 X17.000 Y14.640 F2000
G0 Y14.720 F3000
G1 X10.000 Y14.720 F2000
G0 Y14.800 F3000
G1 X17.000 Y14.800 F2000
G0 Y14.880 F3000
G1 X10.000 Y14.880 F2000
G0 Y14.960 F3000
G1 X17.000 Y14.960 F2000
G0 Y15.040 F3000
G1 X10.000 Y15.040 F2000
G0 Y15.120 F3000
G1 X17.000 Y15.120 F2000
G0 Y15.200 F3000
G1 X10.000 Y15.200 F2000
G0 Y15.280 F3000
G1 X17.000 Y15.280 F2000
G0 Y15.360 F3000
G1 X10.000 Y15.360 F2000
G0 Y15.440 F3000
G1 X17.000 Y15.440 F2000
G0 Y15.520 F3000
G1 X10.000 Y15.520 F2000
G0 Y15.600 F3000
G1 X17.000 Y15.600 F2000
G0 Y15.680 F3000
G1 X10.000 Y15.680 F2000
G0 Y15.760 F3000
G1 X17.000 Y15.760 F2000
G0 Y15.840 F3000
G1 X10.000 Y15.840 F2000
G0 Y15.920 F3000
G1 X17.000 Y15.920 F2000
G0 Y16.000 F3000
G1 X10.000 Y16.000 F2000
G0 Y16.080 F3000
G1 X17.000 Y16.080 F2000
G0 Y16.160 F3000
G1 X10.000 Y16.160 F2000
G0 Y16.240 F3000
G1 X17.000 Y16.240 F2000
G0 Y16.320 F3000
G1 X10.000 Y16.320 F2000
G0 Y16.400 F3000
G1 X17.000 Y16.400 F2000
G0 Y16.480 F3000
G1 X10.000 Y16.480 F2000
G0 Y16.560 F3000
G1 X17.000 Y16.560 F2000
G0 Y16.640 F3000
G1 X10.000 Y16.640 F2000
G0 Y16.720 F3000
G1 X17.000 Y16.720 F2000
G0 Y16.800 F3000
G1 X10.000 Y16.800 F2000
G0 Y16.880 F3000
G1 X17.000 Y16.880 F2000
G0 Y16.960 F3000
G1 X10.000 Y16.960 F2000
M5
G0 X10.000 Y19.700 F3000
M4 S2000
G1 X10.648 Y19.700 F1500
M5
G0 X10.000 Y19.700 F3000
M4 S2000
G1 X10.000 Y19.160 F1500
M5
G0 X10.000 Y19.160 F3000
M4 S2000
G1 X10.000 Y18.620 F1500
M5
G0 X10.000 Y18.620 F3000
M4 S2000
G1 X10.648 Y18.620 F1500
M5
G0 X10.648 Y19.160 F3000
M4 S2000
G1 X10.648 Y18.620 F1500
M5
G0 X10.000 Y19.160 F3000
M4 S2000
G1 X10.648 Y19.160 F1500
M5
G0 X10.864 Y19.160 F3000
M4 S2000
G1 X11.512 Y19.160 F1500
M5
G0 X11.728 Y19.700 F3000
M4 S2000
G1 X12.376 Y19.700 F1500
M5
G0 X12.376 Y19.700 F3000
M4 S2000
G1 X12.376 Y19.160 F1500
M5
G0 X12.376 Y19.160 F3000
M4 S2000
G1 X12.376 Y18.620 F1500
M5
G0 X11.728 Y18.620 F3000
M4 S2000
G1 X12.376 Y18.620 F1500
M5
G0 X11.728 Y19.160 F3000
M4 S2000
G1 X11.728 Y18.620 F1500
M5
G0 X11.728 Y19.700 F3000
M4 S2000
G1 X11.728 Y19.160 F1500
M5
G0 X12.592 Y19.700 F3000
M4 S2000
G1 X13.240 Y19.700 F1500
M5
G0 X13.240 Y19.700 F3000
M4 S2000
G1 X13.240 Y19.160 F1500
M5
G0 X13.240 Y19.160 F3000
M4 S2000
G1 X13.240 Y18.620 F1500
M5
G0 X12.592 Y18.620 F3000
M4 S2000
G1 X13.240 Y18.620 F1500
M5
G0 X12.592 Y19.160 F3000
M4 S2000
G1 X12.592 Y18.620 F1500
M5
G0 X12.592 Y19.700 F3000
M4 S2000
G1 X12.592 Y19.160 F1500
M5
G0 X13.456 Y19.700 F3000
M4 S2000
G1 X14.104 Y19.700 F1500
M5
G0 X14.104 Y19.700 F3000
M4 S2000
G1 X14.104 Y19.160 F1500
M5
G0 X14.104 Y19.160 F3000
M4 S2000
G1 X14.104 Y18.620 F1500
M5
G0 X13.456 Y18.620 F3000
M4 S2000
G1 X14.104 Y18.620 F1500
M5
G0 X13.456 Y19.700 F3000
M4 S2000
G1 X13.456 Y19.160 F1500
M5
G0 X13.456 Y19.160 F3000
M4 S2000
G1 X14.104 Y19.160 F1500
M5
G0 X0.000 Y10.000 F3000
M4 S3500
G1 X7.000 Y10.000 F1500
G0 Y10.080 F3000
G1 X0.000 Y10.080 F1500
G0 Y10.160 F3000
G1 X7.000 Y10.160 F1500
G0 Y10.240 F3000
G1 X0.000 Y10.240 F1500
G0 Y10.320 F3000
G1 X7.000 Y10.320 F1500
G0 Y10.400 F3000
G1 X0.000 Y10.400 F1500
G0 Y10.480 F3000
G1 X7.000 Y10.480 F1500
G0 Y10.560 F3000
G1 X0.000 Y10.560 F1500
G0 Y10.640 F3000
G1 X7.000 Y10.640 F1500
G0 Y10.720 F3000
G1 X0.000 Y10.720 F1500
G0 Y10.800 F3000
G1 X7.000 Y10.800 F1500
G0 Y10.880 F3000
G1 X0.000 Y10.880 F1500
G0 Y10.960 F3000
G1 X7.000 Y10.960 F1500
G0 Y11.040 F3000
G1 X0.000 Y11.040 F1500
G0 Y11.120 F3000
G1 X7.000 Y11.120 F1500
G0 Y11.200 F3000
G1 X0.000 Y11.200 F1500
G0 Y11.280 F3000
G1 X7.000 Y11.280 F1500
G0 Y11.360 F3000
G1 X0.000 Y11.360 F1500
G0 Y11.440 F3000
G1 X7.000 Y11.440 F1500
G0 Y11.520 F3000
G1 X0.000 Y11.520 F1500
G0 Y11.600 F3000
G1 X7.000 Y11.600 F1500
G0 Y11.680 F3000
G1 X0.000 Y11.680 F1500
G0 Y11.760 F3000
G1 X7.000 Y11.760 F1500
G0 Y11.840 F3000
G1 X0.000 Y11.840 F1500
G0 Y11.920 F3000
G1 X7.000 Y11.920 F1500
G0 Y12.000 F3000
G1 X0.000 Y12.000 F1500
G0 Y12.080 F3000
G1 X7.000 Y12.080 F1500
G0 Y12.160 F3000
G1 X0.000 Y12.160 F1500
G0 Y12.240 F3000
G1 X7.000 Y12.240 F1500
G0 Y12.320 F3000
G1 X0.000 Y12.320 F1500
G0 Y12.400 F3000
G1 X7.000 Y12.400 F1500
G0 Y12.480 F3000
G1 X0.000 Y12.480 F1500
G0 Y12.560 F3000
G1 X7.000 Y12.560 F1500
G0 Y12.640 F3000
G1 X0.000 Y12.640 F1500
G0 Y12.720 F3000
G1 X7.000 Y12.720 F1500
G0 Y12.800 F3000
G1 X0.000 Y12.800 F1500
G0 Y12.880 F3000
G1 X7.000 Y12.880 F1500
G0 Y12.960 F3000
G1 X0.000 Y12.960 F1500
G0 Y13.040 F3000
G1 X7.000 Y13.040 F1500
G0 Y13.120 F3000
G1 X0.000 Y13.120 F1500
G0 Y13.200 F3000
G1 X7.000 Y13.200 F1500
G0 Y13.280 F3000
G1 X0.000 Y13.280 F1500
G0 Y13.360 F3000
G1 X7.000 Y13.360 F1500
G0 Y13.440 F3000
G1 X0.000 Y13.440 F1500
G0 Y13.520 F3000
G1 X7.000 Y13.520 F1500
G0 Y13.600 F3000
G1 X0.000 Y13.600 F1500
G0 Y13.680 F3000
G1 X7.000 Y13.680 F1500
G0 Y13.760 F3000
G1 X0.000 Y13.760 F1500
G0 Y13.840 F3000
G1 X7.000 Y13.840 F1500
G0 Y13.920 F3000
G1 X0.000 Y13.920 F1500
G0 Y14.000 F3000
G1 X7.000 Y14.000 F1500
G0 Y14.080 F3000
G1 X0.000 Y14.080 F1500
G0 Y14.160 F3000
G1 X7.000 Y14.160 F1500
G0 Y14.240 F3000
G1 X0.000 Y14.240 F1500
G0 Y14.320 F3000
G1 X7.000 Y14.320 F1500
G0 Y14.400 F3000
G1 X0.000 Y14.400 F1500
G0 Y14.480 F3000
G1 X7.000 Y14.480 F1500
G0 Y14.560 F3000
G1 X0.000 Y14.560 F1500
G0 Y14.640 F3000
G1 X7.000 Y14.640 F1500
G0 Y14.720 F3000
G1 X0.000 Y14.720 F1500
G0 Y14.800 F3000
G1 X7.000 Y14.800 F1500
G0 Y14.880 F3000
G1 X0.000 Y14.880 F1500
G0 Y14.960 F3000
G1 X7.000 Y14.960 F1500
G0 Y15.040 F3000
G1 X0.000 Y15.040 F1500
G0 Y15.120 F3000
G1 X7.000 Y15.120 F1500
G0 Y15.200 F3000
G1 X0.000 Y15.200 F1500
G0 Y15.280 F3000
G1 X7.000 Y15.280 F1500
G0 Y15.360 F3000
G1 X0.000 Y15.360 F1500
G0 Y15.440 F3000
G1 X7.000 Y15.440 F1500
G0 Y15.520 F3000
G1 X0.000 Y15.520 F1500
G0 Y15.600 F3000
G1 X7.000 Y15.600 F1500
G0 Y15.680 F3000
G1 X0.000 Y15.680 F1500
G0 Y15.760 F3000
G1 X7.000 Y15.760 F1500
G0 Y15.840 F3000
G1 X0.000 Y15.840 F1500
G0 Y15.920 F3000
G1 X7.000 Y15.920 F1500
G0 Y16.000 F3000
G1 X0.000 Y16.000 F1500
G0 Y16.080 F3000
G1 X7.000 Y16.080 F1500
G0 Y16.160 F3000
G1 X0.000 Y16.160 F1500
G0 Y16.240 F3000
G1 X7.000 Y16.240 F1500
G0 Y16.320 F3000
G1 X0.000 Y16.320 F1500
G0 Y16.400 F3000
G1 X7.000 Y16.400 F1500
G0 Y16.480 F3000
G1 X0.000 Y16.480 F1500
G0 Y16.560 F3000
G1 X7.000 Y16.560 F1500
G0 Y16.640 F3000
G1 X0.000 Y16.640 F1500
G0 Y16.720 F3000
G1 X7.000 Y16.720 F1500
G0 Y16.800 F3000
G1 X0.000 Y16.800 F1500
G0 Y16.880 F3000
G1 X7.000 Y16.880 F1500
G0 Y16.960 F3000
G1 X0.000 Y16.960 F1500
M5
G0 X0.000 Y19.700 F3000
M4 S2000
G1 X0.648 Y19.700 F1500
M5
G0 X0.000 Y19.700 F3000
M4 S2000
G1 X0.000 Y19.160 F1500
M5
G0 X0.000 Y19.160 F3000
M4 S2000
G1 X0.000 Y18.620 F1500
M5
G0 X0.000 Y18.620 F3000
M4 S2000
G1 X0.648 Y18.620 F1500
M5
G0 X0.648 Y19.160 F3000
M4 S2000
G1 X0.648 Y18.620 F1500
M5
G0 X0.000 Y19.160 F3000
M4 S2000
G1 X0.648 Y19.160 F1500
M5
G0 X0.864 Y19.160 F3000
M4 S2000
G1 X1.512 Y19.160 F1500
M5
G0 X1.728 Y19.700 F3000
M4 S2000
G1 X2.376 Y19.700 F1500
M5
G0 X2.376 Y19.700 F3000
M4 S2000
G1 X2.376 Y19.160 F1500
M5
G0 X2.376 Y19.160 F3000
M4 S2000
G1 X2.376 Y18.620 F1500
M5
G0 X1.728 Y18.620 F3000
M4 S2000
G1 X2.376 Y18.620 F1500
M5
G0 X1.728 Y19.160 F3000
M4 S2000
G1 X1.728 Y18.620 F1500
M5
G0 X1.728 Y19.700 F3000
M4 S2000
G1 X1.728 Y19.160 F1500
M5
G0 X3.240 Y19.700 F3000
M4 S2000
G1 X3.240 Y19.160 F1500
M5
G0 X3.240 Y19.160 F3000
M4 S2000
G1 X3.240 Y18.620 F1500
M5
G0 X3.456 Y19.700 F3000
M4 S2000
G1 X4.104 Y19.700 F1500
M5
G0 X4.104 Y19.700 F3000
M4 S2000
G1 X4.104 Y19.160 F1500
M5
G0 X4.104 Y19.160 F3000
M4 S2000
G1 X4.104 Y18.620 F1500
M5
G0 X3.456 Y18.620 F3000
M4 S2000
G1 X4.104 Y18.620 F1500
M5
G0 X3.456 Y19.160 F3000
M4 S2000
G1 X3.456 Y18.620 F1500
M5
G0 X3.456 Y19.700 F3000
M4 S2000
G1 X3.456 Y19.160 F1500
M5
G0 X0.000 Y20.000 F3000
M4 S5000
G1 X7.000 Y20.000 F1500
G0 Y20.080 F3000
G1 X0.000 Y20.080 F1500
G0 Y20.160 F3000
G1 X7.000 Y20.160 F1500
G0 Y20.240 F3000
G1 X0.000 Y20.240 F1500
G0 Y20.320 F3000
G1 X7.000 Y20.320 F1500
G0 Y20.400 F3000
G1 X0.000 Y20.400 F1500
G0 Y20.480 F3000
G1 X7.000 Y20.480 F1500
G0 Y20.560 F3000
G1 X0.000 Y20.560 F1500
G0 Y20.640 F3000
G1 X7.000 Y20.640 F1500
G0 Y20.720 F3000
G1 X0.000 Y20.720 F1500
G0 Y20.800 F3000
G1 X7.000 Y20.800 F1500
G0 Y20.880 F3000
G1 X0.000 Y20.880 F1500
G0 Y20.960 F3000
G1 X7.000 Y20.960 F1500
G0 Y21.040 F3000
G1 X0.000 Y21.040 F1500
G0 Y21.120 F3000
G1 X7.000 Y21.120 F1500
G0 Y21.200 F3000
G1 X0.000 Y21.200 F1500
G0 Y21.280 F3000
G1 X7.000 Y21.280 F1500
G0 Y21.360 F3000
G1 X0.000 Y21.360 F1500
G0 Y21.440 F3000
G1 X7.000 Y21.440 F1500
G0 Y21.520 F3000
G1 X0.000 Y21.520 F1500
G0 Y21.600 F3000
G1 X7.000 Y21.600 F1500
G0 Y21.680 F3000
G1 X0.000 Y21.680 F1500
G0 Y21.760 F3000
G1 X7.000 Y21.760 F1500
G0 Y21.840 F3000
G1 X0.000 Y21.840 F1500
G0 Y21.920 F3000
G1 X7.000 Y21.920 F1500
G0 Y22.000 F3000
G1 X0.000 Y22.000 F1500
G0 Y22.080 F3000
G1 X7.000 Y22.080 F1500
G0 Y22.160 F3000
G1 X0.000 Y22.160 F1500
G0 Y22.240 F3000
G1 X7.000 Y22.240 F1500
G0 Y22.320 F3000
G1 X0.000 Y22.320 F1500
G0 Y22.400 F3000
G1 X7.000 Y22.400 F1500
G0 Y22.480 F3000
G1 X0.000 Y22.480 F1500
G0 Y22.560 F3000
G1 X7.000 Y22.560 F1500
G0 Y22.640 F3000
G1 X0.000 Y22.640 F1500
G0 Y22.720 F3000
G1 X7.000 Y22.720 F1500
G0 Y22.800 F3000
G1 X0.000 Y22.800 F1500
G0 Y22.880 F3000
G1 X7.000 Y22.880 F1500
G0 Y22.960 F3000
G1 X0.000 Y22.960 F1500
G0 Y23.040 F3000
G1 X7.000 Y23.040 F1500
G0 Y23.120 F3000
G1 X0.000 Y23.120 F1500
G0 Y23.200 F3000
G1 X7.000 Y23.200 F1500
G0 Y23.280 F3000
G1 X0.000 Y23.280 F1500
G0 Y23.360 F3000
G1 X7.000 Y23.360 F1500
G0 Y23.440 F3000
G1 X0.000 Y23.440 F1500
G0 Y23.520 F3000
G1 X7.000 Y23.520 F1500
G0 Y23.600 F3000
G1 X0.000 Y23.600 F1500
G0 Y23.680 F3000
G1 X7.000 Y23.680 F1500
G0 Y23.760 F3000
G1 X0.000 Y23.760 F1500
G0 Y23.840 F3000
G1 X7.000 Y23.840 F1500
G0 Y23.920 F3000
G1 X0.000 Y23.920 F1500
G0 Y24.000 F3000
G1 X7.000 Y24.000 F1500
G0 Y24.080 F3000
G1 X0.000 Y24.080 F1500
G0 Y24.160 F3000
G1 X7.000 Y24.160 F1500
G0 Y24.240 F3000
G1 X0.000 Y24.240 F1500
G0 Y24.320 F3000
G1 X7.000 Y24.320 F1500
G0 Y24.400 F3000
G1 X0.000 Y24.400 F1500
G0 Y24.480 F3000
G1 X7.000 Y24.480 F1500
G0 Y24.560 F3000
G1 X0.000 Y24.560 F1500
G0 Y24.640 F3000
G1 X7.000 Y24.640 F1500
G0 Y24.720 F3000
G1 X0.000 Y24.720 F1500
G0 Y24.800 F3000
G1 X7.000 Y24.800 F1500
G0 Y24.880 F3000
G1 X0.000 Y24.880 F1500
G0 Y24.960 F3000
G1 X7.000 Y24.960 F1500
G0 Y25.040 F3000
G1 X0.000 Y25.040 F1500
G0 Y25.120 F3000
G1 X7.000 Y25.120 F1500
G0 Y25.200 F3000
G1 X0.000 Y25.200 F1500
G0 Y25.280 F3000
G1 X7.000 Y25.280 F1500
G0 Y25.360 F3000
G1 X0.000 Y25.360 F1500
G0 Y25.440 F3000
G1 X7.000 Y25.440 F1500
G0 Y25.520 F3000
G1 X0.000 Y25.520 F1500
G0 Y25.600 F3000
G1 X7.000 Y25.600 F1500
G0 Y25.680 F3000
G1 X0.000 Y25.680 F1500
G0 Y25.760 F3000
G1 X7.000 Y25.760 F1500
G0 Y25.840 F3000
G1 X0.000 Y25.840 F1500
G0 Y25.920 F3000
G1 X7.000 Y25.920 F1500
G0 Y26.000 F3000
G1 X0.000 Y26.000 F1500
G0 Y26.080 F3000
G1 X7.000 Y26.080 F1500
G0 Y26.160 F3000
G1 X0.000 Y26.160 F1500
G0 Y26.240 F3000
G1 X7.000 Y26.240 F1500
G0 Y26.320 F3000
G1 X0.000 Y26.320 F1500
G0 Y26.400 F3000
G1 X7.000 Y26.400 F1500
G0 Y26.480 F3000
G1 X0.000 Y26.480 F1500
G0 Y26.560 F3000
G1 X7.000 Y26.560 F1500
G0 Y26.640 F3000
G1 X0.000 Y26.640 F1500
G0 Y26.720 F3000
G1 X7.000 Y26.720 F1500
G0 Y26.800 F3000
G1 X0.000 Y26.800 F1500
G0 Y26.880 F3000
G1 X7.000 Y26.880 F1500
G0 Y26.960 F3000
G1 X0.000 Y26.960 F1500
M5
G0 X0.000 Y29.700 F3000
M4 S2000
G1 X0.648 Y29.700 F1500
M5
G0 X0.000 Y29.700 F3000
M4 S2000
G1 X0.000 Y29.160 F1500
M5
G0 X0.000 Y29.160 F3000
M4 S2000
G1 X0.000 Y28.620 F1500
M5
G0 X0.000 Y28.620 F3000
M4 S2000
G1 X0.648 Y28.620 F1500
M5
G0 X0.648 Y29.160 F3000
M4 S2000
G1 X0.648 Y28.620 F1500
M5
G0 X0.000 Y29.160 F3000
M4 S2000
G1 X0.648 Y29.160 F1500
M5
G0 X0.864 Y29.160 F3000
M4 S2000
G1 X1.512 Y29.160 F1500
M5
G0 X1.728 Y29.700 F3000
M4 S2000
G1 X2.376 Y29.700 F1500
M5
G0 X2.376 Y29.700 F3000
M4 S2000
G1 X2.376 Y29.160 F1500
M5
G0 X2.376 Y29.160 F3000
M4 S2000
G1 X2.376 Y28.620 F1500
M5
G0 X1.728 Y28.620 F3000
M4 S2000
G1 X2.376 Y28.620 F1500
M5
G0 X1.728 Y29.160 F3000
M4 S2000
G1 X1.728 Y28.620 F1500
M5
G0 X1.728 Y29.700 F3000
M4 S2000
G1 X1.728 Y29.160 F1500
M5
G0 X3.240 Y29.700 F3000
M4 S2000
G1 X3.240 Y29.160 F1500
M5
G0 X3.240 Y29.160 F3000
M4 S2000
G1 X3.240 Y28.620 F1500
M5
G0 X4.104 Y29.700 F3000
M4 S2000
G1 X4.104 Y29.160 F1500
M5
G0 X4.104 Y29.160 F3000
M4 S2000
G1 X4.104 Y28.620 F1500
M5
G0 X10.000 Y20.000 F3000
M4 S5000
G1 X17.000 Y20.000 F2000
G0 Y20.080 F3000
G1 X10.000 Y20.080 F2000
G0 Y20.160 F3000
G1 X17.000 Y20.160 F2000
G0 Y20.240 F3000
G1 X10.000 Y20.240 F2000
G0 Y20.320 F3000
G1 X17.000 Y20.320 F2000
G0 Y20.400 F3000
G1 X10.000 Y20.400 F2000
G0 Y20.480 F3000
G1 X17.000 Y20.480 F2000
G0 Y20.560 F3000
G1 X10.000 Y20.560 F2000
G0 Y20.640 F3000
G1 X17.000 Y20.640 F2000
G0 Y20.720 F3000
G1 X10.000 Y20.720 F2000
G0 Y20.800 F3000
G1 X17.000 Y20.800 F2000
G0 Y20.880 F3000
G1 X10.000 Y20.880 F2000
G0 Y20.960 F3000
G1 X17.000 Y20.960 F2000
G0 Y21.040 F3000
G1 X10.000 Y21.040 F2000
G0 Y21.120 F3000
G1 X17.000 Y21.120 F2000
G0 Y21.200 F3000
G1 X10.000 Y21.200 F2000
G0 Y21.280 F3000
G1 X17.000 Y21.280 F2000
G0 Y21.360 F3000
G1 X10.000 Y21.360 F2000
G0 Y21.440 F3000
G1 X17.000 Y21.440 F2000
G0 Y21.520 F3000
G1 X10.000 Y21.520 F2000
G0 Y21.600 F3000
G1 X17.000 Y21.600 F2000
G0 Y21.680 F3000
G1 X10.000 Y21.680 F2000
G0 Y21.760 F3000
G1 X17.000 Y21.760 F2000
G0 Y21.840 F3000
G1 X10.000 Y21.840 F2000
G0 Y21.920 F3000
G1 X17.000 Y21.920 F2000
G0 Y22.000 F3000
G1 X10.000 Y22.000 F2000
G0 Y22.080 F3000
G1 X17.000 Y22.080 F2000
G0 Y22.160 F3000
G1 X10.000 Y22.160 F2000
G0 Y22.240 F3000
G1 X17.000 Y22.240 F2000
G0 Y22.320 F3000
G1 X10.000 Y22.320 F2000
G0 Y22.400 F3000
G1 X17.000 Y22.400 F2000
G0 Y22.480 F3000
G1 X10.000 Y22.480 F2000
G0 Y22.560 F3000
G1 X17.000 Y22.560 F2000
G0 Y22.640 F3000
G1 X10.000 Y22.640 F2000
G0 Y22.720 F3000
G1 X17.000 Y22.720 F2000
G0 Y22.800 F3000
G1 X10.000 Y22.800 F2000
G0 Y22.880 F3000
G1 X17.000 Y22.880 F2000
G0 Y22.960 F3000
G1 X10.000 Y22.960 F2000
G0 Y23.040 F3000
G1 X17.000 Y23.040 F2000
G0 Y23.120 F3000
G1 X10.000 Y23.120 F2000
G0 Y23.200 F3000
G1 X17.000 Y23.200 F2000
G0 Y23.280 F3000
G1 X10.000 Y23.280 F2000
G0 Y23.360 F3000
G1 X17.000 Y23.360 F2000
G0 Y23.440 F3000
G1 X10.000 Y23.440 F2000
G0 Y23.520 F3000
G1 X17.000 Y23.520 F2000
G0 Y23.600 F3000
G1 X10.000 Y23.600 F2000
G0 Y23.680 F3000
G1 X17.000 Y23.680 F2000
G0 Y23.760 F3000
G1 X10.000 Y23.760 F2000
G0 Y23.840 F3000
G1 X17.000 Y23.840 F2000
G0 Y23.920 F3000
G1 X10.000 Y23.920 F2000
G0 Y24.000 F3000
G1 X17.000 Y24.000 F2000
G0 Y24.080 F3000
G1 X10.000 Y24.080 F2000
G0 Y24.160 F3000
G1 X17.000 Y24.160 F2000
G0 Y24.240 F3000
G1 X10.000 Y24.240 F2000
G0 Y24.320 F3000
G1 X17.000 Y24.320 F2000
G0 Y24.400 F3000
G1 X10.000 Y24.400 F2000
G0 Y24.480 F3000
G1 X17.000 Y24.480 F2000
G0 Y24.560 F3000
G1 X10.000 Y24.560 F2000
G0 Y24.640 F3000
G1 X17.000 Y24.640 F2000
G0 Y24.720 F3000
G1 X10.000 Y24.720 F2000
G0 Y24.800 F3000
G1 X17.000 Y24.800 F2000
G0 Y24.880 F3000
G1 X10.000 Y24.880 F2000
G0 Y24.960 F3000
G1 X17.000 Y24.960 F2000
G0 Y25.040 F3000
G1 X10.000 Y25.040 F2000
G0 Y25.120 F3000
G1 X17.000 Y25.120 F2000
G0 Y25.200 F3000
G1 X10.000 Y25.200 F2000
G0 Y25.280 F3000
G1 X17.000 Y25.280 F2000
G0 Y25.360 F3000
G1 X10.000 Y25.360 F2000
G0 Y25.440 F3000
G1 X17.000 Y25.440 F2000
G0 Y25.520 F3000
G1 X10.000 Y25.520 F2000
G0 Y25.600 F3000
G1 X17.000 Y25.600 F2000
G0 Y25.680 F3000
G1 X10.000 Y25.680 F2000
G0 Y25.760 F3000
G1 X17.000 Y25.760 F2000
G0 Y25.840 F3000
G1 X10.000 Y25.840 F2000
G0 Y25.920 F3000
G1 X17.000 Y25.920 F2000
G0 Y26.000 F3000
G1 X10.000 Y26.000 F2000
G0 Y26.080 F3000
G1 X17.000 Y26.080 F2000
G0 Y26.160 F3000
G1 X10.000 Y26.160 F2000
G0 Y26.240 F3000
G1 X17.000 Y26.240 F2000
G0 Y26.320 F3000
G1 X10.000 Y26.320 F2000
G0 Y26.400 F3000
G1 X17.000 Y26.400 F2000
G0 Y26.480 F3000
G1 X10.000 Y26.480 F2000
G0 Y26.560 F3000
G1 X17.000 Y26.560 F2000
G0 Y26.640 F3000
G1 X10.000 Y26.640 F2000
G0 Y26.720 F3000
G1 X17.000 Y26.720 F2000
G0 Y26.800 F3000
G1 X10.000 Y26.800 F2000
G0 Y26.880 F3000
G1 X17.000 Y26.880 F2000
G0 Y26.960 F3000
G1 X10.000 Y26.960 F2000
M5
G0 X10.000 Y29.700 F3000
M4 S2000
G1 X10.648 Y29.700 F1500
M5
G0 X10.000 Y29.700 F3000
M4 S2000
G1 X10.000 Y29.160 F1500
M5
G0 X10.000 Y29.160 F3000
M4 S2000
G1 X10.000 Y28.620 F1500
M5
G0 X10.000 Y28.620 F3000
M4 S2000
G1 X10.648 Y28.620 F1500
M5
G0 X10.648 Y29.160 F3000
M4 S2000
G1 X10.648 Y28.620 F1500
M5
G0 X10.000 Y29.160 F3000
M4 S2000
G1 X10.648 Y29.160 F1500
M5
G0 X10.864 Y29.160 F3000
M4 S2000
G1 X11.512 Y29.160 F1500
M5
G0 X11.728 Y29.700 F3000
M4 S2000
G1 X12.376 Y29.700 F1500
M5
G0 X12.376 Y29.700 F3000
M4 S2000
G1 X12.376 Y29.160 F1500
M5
G0 X12.376 Y29.160 F3000
M4 S2000
G1 X12.376 Y28.620 F1500
M5
G0 X11.728 Y28.620 F3000
M4 S2000
G1 X12.376 Y28.620 F1500
M5
G0 X11.728 Y29.160 F3000
M4 S2000
G1 X11.728 Y28.620 F1500
M5
G0 X11.728 Y29.700 F3000
M4 S2000
G1 X11.728 Y29.160 F1500
M5
G0 X13.240 Y29.700 F3000
M4 S2000
G1 X13.240 Y29.160 F1500
M5
G0 X13.240 Y29.160 F3000
M4 S2000
G1 X13.240 Y28.620 F1500
M5
G0 X13.456 Y29.700 F3000
M4 S2000
G1 X14.104 Y29.700 F1500
M5
G0 X14.104 Y29.700 F3000
M4 S2000
G1 X14.104 Y29.160 F1500
M5
G0 X13.456 Y29.160 F3000
M4 S2000
G1 X14.104 Y29.160 F1500
M5
G0 X13.456 Y29.160 F3000
M4 S2000
G1 X13.456 Y28.620 F1500
M5
G0 X13.456 Y28.620 F3000
M4 S2000
G1 X14.104 Y28.620 F1500
M5
G0 X20.000 Y20.000 F3000
M4 S5000
G1 X27.000 Y20.000 F2500
G0 Y20.080 F3000
G1 X20.000 Y20.080 F2500
G0 Y20.160 F3000
G1 X27.000 Y20.160 F2500
G0 Y20.240 F3000
G1 X20.000 Y20.240 F2500
G0 Y20.320 F3000
G1 X27.000 Y20.320 F2500
G0 Y20.400 F3000
G1 X20.000 Y20.400 F2500
G0 Y20.480 F3000
G1 X27.000 Y20.480 F2500
G0 Y20.560 F3000
G1 X20.000 Y20.560 F2500
G0 Y20.640 F3000
G1 X27.000 Y20.640 F2500
G0 Y20.720 F3000
G1 X20.000 Y20.720 F2500
G0 Y20.800 F3000
G1 X27.000 Y20.800 F2500
G0 Y20.880 F3000
G1 X20.000 Y20.880 F2500
G0 Y20.960 F3000
G1 X27.000 Y20.960 F2500
G0 Y21.040 F3000
G1 X20.000 Y21.040 F2500
G0 Y21.120 F3000
G1 X27.000 Y21.120 F2500
G0 Y21.200 F3000
G1 X20.000 Y21.200 F2500
G0 Y21.280 F3000
G1 X27.000 Y21.280 F2500
G0 Y21.360 F3000
G1 X20.000 Y21.360 F2500
G0 Y21.440 F3000
G1 X27.000 Y21.440 F2500
G0 Y21.520 F3000
G1 X20.000 Y21.520 F2500
G0 Y21.600 F3000
G1 X27.000 Y21.600 F2500
G0 Y21.680 F3000
G1 X20.000 Y21.680 F2500
G0 Y21.760 F3000
G1 X27.000 Y21.760 F2500
G0 Y21.840 F3000
G1 X20.000 Y21.840 F2500
G0 Y21.920 F3000
G1 X27.000 Y21.920 F2500
G0 Y22.000 F3000
G1 X20.000 Y22.000 F2500
G0 Y22.080 F3000
G1 X27.000 Y22.080 F2500
G0 Y22.160 F3000
G1 X20.000 Y22.160 F2500
G0 Y22.240 F3000
G1 X27.000 Y22.240 F2500
G0 Y22.320 F3000
G1 X20.000 Y22.320 F2500
G0 Y22.400 F3000
G1 X27.000 Y22.400 F2500
G0 Y22.480 F3000
G1 X20.000 Y22.480 F2500
G0 Y22.560 F3000
G1 X27.000 Y22.560 F2500
G0 Y22.640 F3000
G1 X20.000 Y22.640 F2500
G0 Y22.720 F3000
G1 X27.000 Y22.720 F2500
G0 Y22.800 F3000
G1 X20.000 Y22.800 F2500
G0 Y22.880 F3000
G1 X27.000 Y22.880 F2500
G0 Y22.960 F3000
G1 X20.000 Y22.960 F2500
G0 Y23.040 F3000
G1 X27.000 Y23.040 F2500
G0 Y23.120 F3000
G1 X20.000 Y23.120 F2500
G0 Y23.200 F3000
G1 X27.000 Y23.200 F2500
G0 Y23.280 F3000
G1 X20.000 Y23.280 F2500
G0 Y23.360 F3000
G1 X27.000 Y23.360 F2500
G0 Y23.440 F3000
G1 X20.000 Y23.440 F2500
G0 Y23.520 F3000
G1 X27.000 Y23.520 F2500
G0 Y23.600 F3000
G1 X20.000 Y23.600 F2500
G0 Y23.680 F3000
G1 X27.000 Y23.680 F2500
G0 Y23.760 F3000
G1 X20.000 Y23.760 F2500
G0 Y23.840 F3000
G1 X27.000 Y23.840 F2500
G0 Y23.920 F3000
G1 X20.000 Y23.920 F2500
G0 Y24.000 F3000
G1 X27.000 Y24.000 F2500
G0 Y24.080 F3000
G1 X20.000 Y24.080 F2500
G0 Y24.160 F3000
G1 X27.000 Y24.160 F2500
G0 Y24.240 F3000
G1 X20.000 Y24.240 F2500
G0 Y24.320 F3000
G1 X27.000 Y24.320 F2500
G0 Y24.400 F3000
G1 X20.000 Y24.400 F2500
G0 Y24.480 F3000
G1 X27.000 Y24.480 F2500
G0 Y24.560 F3000
G1 X20.000 Y24.560 F2500
G0 Y24.640 F3000
G1 X27.000 Y24.640 F2500
G0 Y24.720 F3000
G1 X20.000 Y24.720 F2500
G0 Y24.800 F3000
G1 X27.000 Y24.800 F2500
G0 Y24.880 F3000
G1 X20.000 Y24.880 F2500
G0 Y24.960 F3000
G1 X27.000 Y24.960 F2500
G0 Y25.040 F3000
G1 X20.000 Y25.040 F2500
G0 Y25.120 F3000
G1 X27.000 Y25.120 F2500
G0 Y25.200 F3000
G1 X20.000 Y25.200 F2500
G0 Y25.280 F3000
G1 X27.000 Y25.280 F2500
G0 Y25.360 F3000
G1 X20.000 Y25.360 F2500
G0 Y25.440 F3000
G1 X27.000 Y25.440 F2500
G0 Y25.520 F3000
G1 X20.000 Y25.520 F2500
G0 Y25.600 F3000
G1 X27.000 Y25.600 F2500
G0 Y25.680 F3000
G1 X20.000 Y25.680 F2500
G0 Y25.760 F3000
G1 X27.000 Y25.760 F2500
G0 Y25.840 F3000
G1 X20.000 Y25.840 F2500
G0 Y25.920 F3000
G1 X27.000 Y25.920 F2500
G0 Y26.000 F3000
G1 X20.000 Y26.000 F2500
G0 Y26.080 F3000
G1 X27.000 Y26.080 F2500
G0 Y26.160 F3000
G1 X20.000 Y26.160 F2500
G0 Y26.240 F3000
G1 X27.000 Y26.240 F2500
G0 Y26.320 F3000
G1 X20.000 Y26.320 F2500
G0 Y26.400 F3000
G1 X27.000 Y26.400 F2500
G0 Y26.480 F3000
G1 X20.000 Y26.480 F2500
G0 Y26.560 F3000
G1 X27.000 Y26.560 F2500
G0 Y26.640 F3000
G1 X20.000 Y26.640 F2500
G0 Y26.720 F3000
G1 X27.000 Y26.720 F2500
G0 Y26.800 F3000
G1 X20.000 Y26.800 F2500
G0 Y26.880 F3000
G1 X27.000 Y26.880 F2500
G0 Y26.960 F3000
G1 X20.000 Y26.960 F2500
M5
G0 X20.000 Y29.700 F3000
M4 S2000
G1 X20.648 Y29.700 F1500
M5
G0 X20.000 Y29.700 F3000
M4 S2000
G1 X20.000 Y29.160 F1500
M5
G0 X20.000 Y29.160 F3000
M4 S2000
G1 X20.000 Y28.620 F1500
M5
G0 X20.000 Y28.620 F3000
M4 S2000
G1 X20.648 Y28.620 F1500
M5
G0 X20.648 Y29.160 F3000
M4 S2000
G1 X20.648 Y28.620 F1500
M5
G0 X20.000 Y29.160 F3000
M4 S2000
G1 X20.648 Y29.160 F1500
M5
G0 X20.864 Y29.160 F3000
M4 S2000
G1 X21.512 Y29.160 F1500
M5
G0 X21.728 Y29.700 F3000
M4 S2000
G1 X22.376 Y29.700 F1500
M5
G0 X22.376 Y29.700 F3000
M4 S2000
G1 X22.376 Y29.160 F1500
M5
G0 X22.376 Y29.160 F3000
M4 S2000
G1 X22.376 Y28.620 F1500
M5
G0 X21.728 Y28.620 F3000
M4 S2000
G1 X22.376 Y28.620 F1500
M5
G0 X21.728 Y29.160 F3000
M4 S2000
G1 X21.728 Y28.620 F1500
M5
G0 X21.728 Y29.700 F3000
M4 S2000
G1 X21.728 Y29.160 F1500
M5
G0 X23.240 Y29.700 F3000
M4 S2000
G1 X23.240 Y29.160 F1500
M5
G0 X23.240 Y29.160 F3000
M4 S2000
G1 X23.240 Y28.620 F1500
M5
G0 X23.456 Y29.700 F3000
M4 S2000
G1 X24.104 Y29.700 F1500
M5
G0 X24.104 Y29.700 F3000
M4 S2000
G1 X24.104 Y29.160 F1500
M5
G0 X23.456 Y29.160 F3000
M4 S2000
G1 X24.104 Y29.160 F1500
M5
G0 X24.104 Y29.160 F3000
M4 S2000
G1 X24.104 Y28.620 F1500
M5
G0 X23.456 Y28.620 F3000
M4 S2000
G1 X24.104 Y28.620 F1500
M5
G0 X30.000 Y20.000 F3000
M4 S5000
G1 X37.000 Y20.000 F3000
G0 Y20.080 F3000
G1 X30.000 Y20.080 F3000
G0 Y20.160 F3000
G1 X37.000 Y20.160 F3000
G0 Y20.240 F3000
G1 X30.000 Y20.240 F3000
G0 Y20.320 F3000
G1 X37.000 Y20.320 F3000
G0 Y20.400 F3000
G1 X30.000 Y20.400 F3000
G0 Y20.480 F3000
G1 X37.000 Y20.480 F3000
G0 Y20.560 F3000
G1 X30.000 Y20.560 F3000
G0 Y20.640 F3000
G1 X37.000 Y20.640 F3000
G0 Y20.720 F3000
G1 X30.000 Y20.720 F3000
G0 Y20.800 F3000
G1 X37.000 Y20.800 F3000
G0 Y20.880 F3000
G1 X30.000 Y20.880 F3000
G0 Y20.960 F3000
G1 X37.000 Y20.960 F3000
G0 Y21.040 F3000
G1 X30.000 Y21.040 F3000
G0 Y21.120 F3000
G1 X37.000 Y21.120 F3000
G0 Y21.200 F3000
G1 X30.000 Y21.200 F3000
G0 Y21.280 F3000
G1 X37.000 Y21.280 F3000
G0 Y21.360 F3000
G1 X30.000 Y21.360 F3000
G0 Y21.440 F3000
G1 X37.000 Y21.440 F3000
G0 Y21.520 F3000
G1 X30.000 Y21.520 F3000
G0 Y21.600 F3000
G1 X37.000 Y21.600 F3000
G0 Y21.680 F3000
G1 X30.000 Y21.680 F3000
G0 Y21.760 F3000
G1 X37.000 Y21.760 F3000
G0 Y21.840 F3000
G1 X30.000 Y21.840 F3000
G0 Y21.920 F3000
G1 X37.000 Y21.920 F3000
G0 Y22.000 F3000
G1 X30.000 Y22.000 F3000
G0 Y22.080 F3000
G1 X37.000 Y22.080 F3000
G0 Y22.160 F3000
G1 X30.000 Y22.160 F3000
G0 Y22.240 F3000
G1 X37.000 Y22.240 F3000
G0 Y22.320 F3000
G1 X30.000 Y22.320 F3000
G0 Y22.400 F3000
G1 X37.000 Y22.400 F3000
G0 Y22.480 F3000
G1 X30.000 Y22.480 F3000
G0 Y22.560 F3000
G1 X37.000 Y22.560 F3000
G0 Y22.640 F3000
G1 X30.000 Y22.640 F3000
G0 Y22.720 F3000
G1 X37.000 Y22.720 F3000
G0 Y22.800 F3000
G1 X30.000 Y22.800 F3000
G0 Y22.880 F3000
G1 X37.000 Y22.880 F3000
G0 Y22.960 F3000
G1 X30.000 Y22.960 F3000
G0 Y23.040 F3000
G1 X37.000 Y23.040 F3000
G0 Y23.120 F3000
G1 X30.000 Y23.120 F3000
G0 Y23.200 F3000
G1 X37.000 Y23.200 F3000
G0 Y23.280 F3000
G1 X30.000 Y23.280 F3000
G0 Y23.360 F3000
G1 X37.000 Y23.360 F3000
G0 Y23.440 F3000
G1 X30.000 Y23.440 F3000
G0 Y23.520 F3000
G1 X37.000 Y23.520 F3000
G0 Y23.600 F3000
G1 X30.000 Y23.600 F3000
G0 Y23.680 F3000
G1 X37.000 Y23.680 F3000
G0 Y23.760 F3000
G1 X30.000 Y23.760 F3000
G0 Y23.840 F3000
G1 X37.000 Y23.840 F3000
G0 Y23.920 F3000
G1 X30.000 Y23.920 F3000
G0 Y24.000 F3000
G1 X37.000 Y24.000 F3000
G0 Y24.080 F3000
G1 X30.000 Y24.080 F3000
G0 Y24.160 F3000
G1 X37.000 Y24.160 F3000
G0 Y24.240 F3000
G1 X30.000 Y24.240 F3000
G0 Y24.320 F3000
G1 X37.000 Y24.320 F3000
G0 Y24.400 F3000
G1 X30.000 Y24.400 F3000
G0 Y24.480 F3000
G1 X37.000 Y24.480 F3000
G0 Y24.560 F3000
G1 X30.000 Y24.560 F3000
G0 Y24.640 F3000
G1 X37.000 Y24.640 F3000
G0 Y24.720 F3000
G1 X30.000 Y24.720 F3000
G0 Y24.800 F3000
G1 X37.000 Y24.800 F3000
G0 Y24.880 F3000
G1 X30.000 Y24.880 F3000
G0 Y24.960 F3000
G1 X37.000 Y24.960 F3000
G0 Y25.040 F3000
G1 X30.000 Y25.040 F3000
G0 Y25.120 F3000
G1 X37.000 Y25.120 F3000
G0 Y25.200 F3000
G1 X30.000 Y25.200 F3000
G0 Y25.280 F3000
G1 X37.000 Y25.280 F3000
G0 Y25.360 F3000
G1 X30.000 Y25.360 F3000
G0 Y25.440 F3000
G1 X37.000 Y25.440 F3000
G0 Y25.520 F3000
G1 X30.000 Y25.520 F3000
G0 Y25.600 F3000
G1 X37.000 Y25.600 F3000
G0 Y25.680 F3000
G1 X30.000 Y25.680 F3000
G0 Y25.760 F3000
G1 X37.000 Y25.760 F3000
G0 Y25.840 F3000
G1 X30.000 Y25.840 F3000
G0 Y25.920 F3000
G1 X37.000 Y25.920 F3000
G0 Y26.000 F3000
G1 X30.000 Y26.000 F3000
G0 Y26.080 F3000
G1 X37.000 Y26.080 F3000
G0 Y26.160 F3000
G1 X30.000 Y26.160 F3000
G0 Y26.240 F3000
G1 X37.000 Y26.240 F3000
G0 Y26.320 F3000
G1 X30.000 Y26.320 F3000
G0 Y26.400 F3000
G1 X37.000 Y26.400 F3000
G0 Y26.480 F3000
G1 X30.000 Y26.480 F3000
G0 Y26.560 F3000
G1 X37.000 Y26.560 F3000
G0 Y26.640 F3000
G1 X30.000 Y26.640 F3000
G0 Y26.720 F3000
G1 X37.000 Y26.720 F3000
G0 Y26.800 F3000
G1 X30.000 Y26.800 F3000
G0 Y26.880 F3000
G1 X37.000 Y26.880 F3000
G0 Y26.960 F3000
G1 X30.000 Y26.960 F3000
M5
G0 X30.000 Y29.700 F3000
M4 S2000
G1 X30.648 Y29.700 F1500
M5
G0 X30.000 Y29.700 F3000
M4 S2000
G1 X30.000 Y29.160 F1500
M5
G0 X30.000 Y29.160 F3000
M4 S2000
G1 X30.000 Y28.620 F1500
M5
G0 X30.000 Y28.620 F3000
M4 S2000
G1 X30.648 Y28.620 F1500
M5
G0 X30.648 Y29.160 F3000
M4 S2000
G1 X30.648 Y28.620 F1500
M5
G0 X30.000 Y29.160 F3000
M4 S2000
G1 X30.648 Y29.160 F1500
M5
G0 X30.864 Y29.160 F3000
M4 S2000
G1 X31.512 Y29.160 F1500
M5
G0 X31.728 Y29.700 F3000
M4 S2000
G1 X32.376 Y29.700 F1500
M5
G0 X32.376 Y29.700 F3000
M4 S2000
G1 X32.376 Y29.160 F1500
M5
G0 X32.376 Y29.160 F3000
M4 S2000
G1 X32.376 Y28.620 F1500
M5
G0 X31.728 Y28.620 F3000
M4 S2000
G1 X32.376 Y28.620 F1500
M5
G0 X31.728 Y29.160 F3000
M4 S2000
G1 X31.728 Y28.620 F1500
M5
G0 X31.728 Y29.700 F3000
M4 S2000
G1 X31.728 Y29.160 F1500
M5
G0 X33.240 Y29.700 F3000
M4 S2000
G1 X33.240 Y29.160 F1500
M5
G0 X33.240 Y29.160 F3000
M4 S2000
G1 X33.240 Y28.620 F1500
M5
G0 X33.456 Y29.700 F3000
M4 S2000
G1 X33.456 Y29.160 F1500
M5
G0 X33.456 Y29.160 F3000
M4 S2000
G1 X34.104 Y29.160 F1500
M5
G0 X34.104 Y29.700 F3000
M4 S2000
G1 X34.104 Y29.160 F1500
M5
G0 X34.104 Y29.160 F3000
M4 S2000
G1 X34.104 Y28.620 F1500
M5
G0 X40.000 Y20.000 F3000
M4 S5000
G1 X47.000 Y20.000 F3500
G0 Y20.080 F3000
G1 X40.000 Y20.080 F3500
G0 Y20.160 F3000
G1 X47.000 Y20.160 F3500
G0 Y20.240 F3000
G1 X40.000 Y20.240 F3500
G0 Y20.320 F3000
G1 X47.000 Y20.320 F3500
G0 Y20.400 F3000
G1 X40.000 Y20.400 F3500
G0 Y20.480 F3000
G1 X47.000 Y20.480 F3500
G0 Y20.560 F3000
G1 X40.000 Y20.560 F3500
G0 Y20.640 F3000
G1 X47.000 Y20.640 F3500
G0 Y20.720 F3000
G1 X40.000 Y20.720 F3500
G0 Y20.800 F3000
G1 X47.000 Y20.800 F3500
G0 Y20.880 F3000
G1 X40.000 Y20.880 F3500
G0 Y20.960 F3000
G1 X47.000 Y20.960 F3500
G0 Y21.040 F3000
G1 X40.000 Y21.040 F3500
G0 Y21.120 F3000
G1 X47.000 Y21.120 F3500
G0 Y21.200 F3000
G1 X40.000 Y21.200 F3500
G0 Y21.280 F3000
G1 X47.000 Y21.280 F3500
G0 Y21.360 F3000
G1 X40.000 Y21.360 F3500
G0 Y21.440 F3000
G1 X47.000 Y21.440 F3500
G0 Y21.520 F3000
G1 X40.000 Y21.520 F3500
G0 Y21.600 F3000
G1 X47.000 Y21.600 F3500
G0 Y21.680 F3000
G1 X40.000 Y21.680 F3500
G0 Y21.760 F3000
G1 X47.000 Y21.760 F3500
G0 Y21.840 F3000
G1 X40.000 Y21.840 F3500
G0 Y21.920 F3000
G1 X47.000 Y21.920 F3500
G0 Y22.000 F3000
G1 X40.000 Y22.000 F3500
G0 Y22.080 F3000
G1 X47.000 Y22.080 F3500
G0 Y22.160 F3000
G1 X40.000 Y22.160 F3500
G0 Y22.240 F3000
G1 X47.000 Y22.240 F3500
G0 Y22.320 F3000
G1 X40.000 Y22.320 F3500
G0 Y22.400 F3000
G1 X47.000 Y22.400 F3500
G0 Y22.480 F3000
G1 X40.000 Y22.480 F3500
G0 Y22.560 F3000
G1 X47.000 Y22.560 F3500
G0 Y22.640 F3000
G1 X40.000 Y22.640 F3500
G0 Y22.720 F3000
G1 X47.000 Y22.720 F3500
G0 Y22.800 F3000
G1 X40.000 Y22.800 F3500
G0 Y22.880 F3000
G1 X47.000 Y22.880 F3500
G0 Y22.960 F3000
G1 X40.000 Y22.960 F3500
G0 Y23.040 F3000
G1 X47.000 Y23.040 F3500
G0 Y23.120 F3000
G1 X40.000 Y23.120 F3500
G0 Y23.200 F3000
G1 X47.000 Y23.200 F3500
G0 Y23.280 F3000
G1 X40.000 Y23.280 F3500
G0 Y23.360 F3000
G1 X47.000 Y23.360 F3500
G0 Y23.440 F3000
G1 X40.000 Y23.440 F3500
G0 Y23.520 F3000
G1 X47.000 Y23.520 F3500
G0 Y23.600 F3000
G1 X40.000 Y23.600 F3500
G0 Y23.680 F3000
G1 X47.000 Y23.680 F3500
G0 Y23.760 F3000
G1 X40.000 Y23.760 F3500
G0 Y23.840 F3000
G1 X47.000 Y23.840 F3500
G0 Y23.920 F3000
G1 X40.000 Y23.920 F3500
G0 Y24.000 F3000
G1 X47.000 Y24.000 F3500
G0 Y24.080 F3000
G1 X40.000 Y24.080 F3500
G0 Y24.160 F3000
G1 X47.000 Y24.160 F3500
G0 Y24.240 F3000
G1 X40.000 Y24.240 F3500
G0 Y24.320 F3000
G1 X47.000 Y24.320 F3500
G0 Y24.400 F3000
G1 X40.000 Y24.400 F3500
G0 Y24.480 F3000
G1 X47.000 Y24.480 F3500
G0 Y24.560 F3000
G1 X40.000 Y24.560 F3500
G0 Y24.640 F3000
G1 X47.000 Y24.640 F3500
G0 Y24.720 F3000
G1 X40.000 Y24.720 F3500
G0 Y24.800 F3000
G1 X47.000 Y24.800 F3500
G0 Y24.880 F3000
G1 X40.000 Y24.880 F3500
G0 Y24.960 F3000
G1 X47.000 Y24.960 F3500
G0 Y25.040 F3000
G1 X40.000 Y25.040 F3500
G0 Y25.120 F3000
G1 X47.000 Y25.120 F3500
G0 Y25.200 F3000
G1 X40.000 Y25.200 F3500
G0 Y25.280 F3000
G1 X47.000 Y25.280 F3500
G0 Y25.360 F3000
G1 X40.000 Y25.360 F3500
G0 Y25.440 F3000
G1 X47.000 Y25.440 F3500
G0 Y25.520 F3000
G1 X40.000 Y25.520 F3500
G0 Y25.600 F3000
G1 X47.000 Y25.600 F3500
G0 Y25.680 F3000
G1 X40.000 Y25.680 F3500
G0 Y25.760 F3000
G1 X47.000 Y25.760 F3500
G0 Y25.840 F3000
G1 X40.000 Y25.840 F3500
G0 Y25.920 F3000
G1 X47.000 Y25.920 F3500
G0 Y26.000 F3000
G1 X40.000 Y26.000 F3500
G0 Y26.080 F3000
G1 X47.000 Y26.080 F3500
G0 Y26.160 F3000
G1 X40.000 Y26.160 F3500
G0 Y26.240 F3000
G1 X47.000 Y26.240 F3500
G0 Y26.320 F3000
G1 X40.000 Y26.320 F3500
G0 Y26.400 F3000
G1 X47.000 Y26.400 F3500
G0 Y26.480 F3000
G1 X40.000 Y26.480 F3500
G0 Y26.560 F3000
G1 X47.000 Y26.560 F3500
G0 Y26.640 F3000
G1 X40.000 Y26.640 F3500
G0 Y26.720 F3000
G1 X47.000 Y26.720 F3500
G0 Y26.800 F3000
G1 X40.000 Y26.800 F3500
G0 Y26.880 F3000
G1 X47.000 Y26.880 F3500
G0 Y26.960 F3000
G1 X40.000 Y26.960 F3500
M5
G0 X40.000 Y29.700 F3000
M4 S2000
G1 X40.648 Y29.700 F1500
M5
G0 X40.000 Y29.700 F3000
M4 S2000
G1 X40.000 Y29.160 F1500
M5
G0 X40.000 Y29.160 F3000
M4 S2000
G1 X40.000 Y28.620 F1500
M5
G0 X40.000 Y28.620 F3000
M4 S2000
G1 X40.648 Y28.620 F1500
M5
G0 X40.648 Y29.160 F3000
M4 S2000
G1 X40.648 Y28.620 F1500
M5
G0 X40.000 Y29.160 F3000
M4 S2000
G1 X40.648 Y29.160 F1500
M5
G0 X40.864 Y29.160 F3000
M4 S2000
G1 X41.512 Y29.160 F1500
M5
G0 X41.728 Y29.700 F3000
M4 S2000
G1 X42.376 Y29.700 F1500
M5
G0 X42.376 Y29.700 F3000
M4 S2000
G1 X42.376 Y29.160 F1500
M5
G0 X42.376 Y29.160 F3000
M4 S2000
G1 X42.376 Y28.620 F1500
M5
G0 X41.728 Y28.620 F3000
M4 S2000
G1 X42.376 Y28.620 F1500
M5
G0 X41.728 Y29.160 F3000
M4 S2000
G1 X41.728 Y28.620 F1500
M5
G0 X41.728 Y29.700 F3000
M4 S2000
G1 X41.728 Y29.160 F1500
M5
G0 X43.240 Y29.700 F3000
M4 S2000
G1 X43.240 Y29.160 F1500
M5
G0 X43.240 Y29.160 F3000
M4 S2000
G1 X43.240 Y28.620 F1500
M5
G0 X43.456 Y29.700 F3000
M4 S2000
G1 X44.104 Y29.700 F1500
M5
G0 X43.456 Y29.700 F3000
M4 S2000
G1 X43.456 Y29.160 F1500
M5
G0 X43.456 Y29.160 F3000
M4 S2000
G1 X44.104 Y29.160 F1500
M5
G0 X44.104 Y29.160 F3000
M4 S2000
G1 X44.104 Y28.620 F1500
M5
G0 X43.456 Y28.620 F3000
M4 S2000
G1 X44.104 Y28.620 F1500
M5
G0 X40.000 Y30.000 F3000
M4 S6500
G1 X47.000 Y30.000 F3500
G0 Y30.080 F3000
G1 X40.000 Y30.080 F3500
G0 Y30.160 F3000
G1 X47.000 Y30.160 F3500
G0 Y30.240 F3000
G1 X40.000 Y30.240 F3500
G0 Y30.320 F3000
G1 X47.000 Y30.320 F3500
G0 Y30.400 F3000
G1 X40.000 Y30.400 F3500
G0 Y30.480 F3000
G1 X47.000 Y30.480 F3500
G0 Y30.560 F3000
G1 X40.000 Y30.560 F3500
G0 Y30.640 F3000
G1 X47.000 Y30.640 F3500
G0 Y30.720 F3000
G1 X40.000 Y30.720 F3500
G0 Y30.800 F3000
G1 X47.000 Y30.800 F3500
G0 Y30.880 F3000
G1 X40.000 Y30.880 F3500
G0 Y30.960 F3000
G1 X47.000 Y30.960 F3500
G0 Y31.040 F3000
G1 X40.000 Y31.040 F3500
G0 Y31.120 F3000
G1 X47.000 Y31.120 F3500
G0 Y31.200 F3000
G1 X40.000 Y31.200 F3500
G0 Y31.280 F3000
G1 X47.000 Y31.280 F3500
G0 Y31.360 F3000
G1 X40.000 Y31.360 F3500
G0 Y31.440 F3000
G1 X47.000 Y31.440 F3500
G0 Y31.520 F3000
G1 X40.000 Y31.520 F3500
G0 Y31.600 F3000
G1 X47.000 Y31.600 F3500
G0 Y31.680 F3000
G1 X40.000 Y31.680 F3500
G0 Y31.760 F3000
G1 X47.000 Y31.760 F3500
G0 Y31.840 F3000
G1 X40.000 Y31.840 F3500
G0 Y31.920 F3000
G1 X47.000 Y31.920 F3500
G0 Y32.000 F3000
G1 X40.000 Y32.000 F3500
G0 Y32.080 F3000
G1 X47.000 Y32.080 F3500
G0 Y32.160 F3000
G1 X40.000 Y32.160 F3500
G0 Y32.240 F3000
G1 X47.000 Y32.240 F3500
G0 Y32.320 F3000
G1 X40.000 Y32.320 F3500
G0 Y32.400 F3000
G1 X47.000 Y32.400 F3500
G0 Y32.480 F3000
G1 X40.000 Y32.480 F3500
G0 Y32.560 F3000
G1 X47.000 Y32.560 F3500
G0 Y32.640 F3000
G1 X40.000 Y32.640 F3500
G0 Y32.720 F3000
G1 X47.000 Y32.720 F3500
G0 Y32.800 F3000
G1 X40.000 Y32.800 F3500
G0 Y32.880 F3000
G1 X47.000 Y32.880 F3500
G0 Y32.960 F3000
G1 X40.000 Y32.960 F3500
G0 Y33.040 F3000
G1 X47.000 Y33.040 F3500
G0 Y33.120 F3000
G1 X40.000 Y33.120 F3500
G0 Y33.200 F3000
G1 X47.000 Y33.200 F3500
G0 Y33.280 F3000
G1 X40.000 Y33.280 F3500
G0 Y33.360 F3000
G1 X47.000 Y33.360 F3500
G0 Y33.440 F3000
G1 X40.000 Y33.440 F3500
G0 Y33.520 F3000
G1 X47.000 Y33.520 F3500
G0 Y33.600 F3000
G1 X40.000 Y33.600 F3500
G0 Y33.680 F3000
G1 X47.000 Y33.680 F3500
G0 Y33.760 F3000
G1 X40.000 Y33.760 F3500
G0 Y33.840 F3000
G1 X47.000 Y33.840 F3500
G0 Y33.920 F3000
G1 X40.000 Y33.920 F3500
G0 Y34.000 F3000
G1 X47.000 Y34.000 F3500
G0 Y34.080 F3000
G1 X40.000 Y34.080 F3500
G0 Y34.160 F3000
G1 X47.000 Y34.160 F3500
G0 Y34.240 F3000
G1 X40.000 Y34.240 F3500
G0 Y34.320 F3000
G1 X47.000 Y34.320 F3500
G0 Y34.400 F3000
G1 X40.000 Y34.400 F3500
G0 Y34.480 F3000
G1 X47.000 Y34.480 F3500
G0 Y34.560 F3000
G1 X40.000 Y34.560 F3500
G0 Y34.640 F3000
G1 X47.000 Y34.640 F3500
G0 Y34.720 F3000
G1 X40.000 Y34.720 F3500
G0 Y34.800 F3000
G1 X47.000 Y34.800 F3500
G0 Y34.880 F3000
G1 X40.000 Y34.880 F3500
G0 Y34.960 F3000
G1 X47.000 Y34.960 F3500
G0 Y35.040 F3000
G1 X40.000 Y35.040 F3500
G0 Y35.120 F3000
G1 X47.000 Y35.120 F3500
G0 Y35.200 F3000
G1 X40.000 Y35.200 F3500
G0 Y35.280 F3000
G1 X47.000 Y35.280 F3500
G0 Y35.360 F3000
G1 X40.000 Y35.360 F3500
G0 Y35.440 F3000
G1 X47.000 Y35.440 F3500
G0 Y35.520 F3000
G1 X40.000 Y35.520 F3500
G0 Y35.600 F3000
G1 X47.000 Y35.600 F3500
G0 Y35.680 F3000
G1 X40.000 Y35.680 F3500
G0 Y35.760 F3000
G1 X47.000 Y35.760 F3500
G0 Y35.840 F3000
G1 X40.000 Y35.840 F3500
G0 Y35.920 F3000
G1 X47.000 Y35.920 F3500
G0 Y36.000 F3000
G1 X40.000 Y36.000 F3500
G0 Y36.080 F3000
G1 X47.000 Y36.080 F3500
G0 Y36.160 F3000
G1 X40.000 Y36.160 F3500
G0 Y36.240 F3000
G1 X47.000 Y36.240 F3500
G0 Y36.320 F3000
G1 X40.000 Y36.320 F3500
G0 Y36.400 F3000
G1 X47.000 Y36.400 F3500
G0 Y36.480 F3000
G1 X40.000 Y36.480 F3500
G0 Y36.560 F3000
G1 X47.000 Y36.560 F3500
G0 Y36.640 F3000
G1 X40.000 Y36.640 F3500
G0 Y36.720 F3000
G1 X47.000 Y36.720 F3500
G0 Y36.800 F3000
G1 X40.000 Y36.800 F3500
G0 Y36.880 F3000
G1 X47.000 Y36.880 F3500
G0 Y36.960 F3000
G1 X40.000 Y36.960 F3500
M5
G0 X40.000 Y39.700 F3000
M4 S2000
G1 X40.648 Y39.700 F1500
M5
G0 X40.000 Y39.700 F3000
M4 S2000
G1 X40.000 Y39.160 F1500
M5
G0 X40.000 Y39.160 F3000
M4 S2000
G1 X40.000 Y38.620 F1500
M5
G0 X40.000 Y38.620 F3000
M4 S2000
G1 X40.648 Y38.620 F1500
M5
G0 X40.648 Y39.160 F3000
M4 S2000
G1 X40.648 Y38.620 F1500
M5
G0 X40.000 Y39.160 F3000
M4 S2000
G1 X40.648 Y39.160 F1500
M5
G0 X40.864 Y39.160 F3000
M4 S2000
G1 X41.512 Y39.160 F1500
M5
G0 X41.728 Y39.700 F3000
M4 S2000
G1 X42.376 Y39.700 F1500
M5
G0 X42.376 Y39.700 F3000
M4 S2000
G1 X42.376 Y39.160 F1500
M5
G0 X42.376 Y39.160 F3000
M4 S2000
G1 X42.376 Y38.620 F1500
M5
G0 X41.728 Y38.620 F3000
M4 S2000
G1 X42.376 Y38.620 F1500
M5
G0 X41.728 Y39.160 F3000
M4 S2000
G1 X41.728 Y38.620 F1500
M5
G0 X41.728 Y39.700 F3000
M4 S2000
G1 X41.728 Y39.160 F1500
M5
G0 X43.240 Y39.700 F3000
M4 S2000
G1 X43.240 Y39.160 F1500
M5
G0 X43.240 Y39.160 F3000
M4 S2000
G1 X43.240 Y38.620 F1500
M5
G0 X43.456 Y39.700 F3000
M4 S2000
G1 X44.104 Y39.700 F1500
M5
G0 X43.456 Y39.700 F3000
M4 S2000
G1 X43.456 Y39.160 F1500
M5
G0 X43.456 Y39.160 F3000
M4 S2000
G1 X44.104 Y39.160 F1500
M5
G0 X43.456 Y39.160 F3000
M4 S2000
G1 X43.456 Y38.620 F1500
M5
G0 X44.104 Y39.160 F3000
M4 S2000
G1 X44.104 Y38.620 F1500
M5
G0 X43.456 Y38.620 F3000
M4 S2000
G1 X44.104 Y38.620 F1500
M5
G0 X30.000 Y30.000 F3000
M4 S6500
G1 X37.000 Y30.000 F3000
G0 Y30.080 F3000
G1 X30.000 Y30.080 F3000
G0 Y30.160 F3000
G1 X37.000 Y30.160 F3000
G0 Y30.240 F3000
G1 X30.000 Y30.240 F3000
G0 Y30.320 F3000
G1 X37.000 Y30.320 F3000
G0 Y30.400 F3000
G1 X30.000 Y30.400 F3000
G0 Y30.480 F3000
G1 X37.000 Y30.480 F3000
G0 Y30.560 F3000
G1 X30.000 Y30.560 F3000
G0 Y30.640 F3000
G1 X37.000 Y30.640 F3000
G0 Y30.720 F3000
G1 X30.000 Y30.720 F3000
G0 Y30.800 F3000
G1 X37.000 Y30.800 F3000
G0 Y30.880 F3000
G1 X30.000 Y30.880 F3000
G0 Y30.960 F3000
G1 X37.000 Y30.960 F3000
G0 Y31.040 F3000
G1 X30.000 Y31.040 F3000
G0 Y31.120 F3000
G1 X37.000 Y31.120 F3000
G0 Y31.200 F3000
G1 X30.000 Y31.200 F3000
G0 Y31.280 F3000
G1 X37.000 Y31.280 F3000
G0 Y31.360 F3000
G1 X30.000 Y31.360 F3000
G0 Y31.440 F3000
G1 X37.000 Y31.440 F3000
G0 Y31.520 F3000
G1 X30.000 Y31.520 F3000
G0 Y31.600 F3000
G1 X37.000 Y31.600 F3000
G0 Y31.680 F3000
G1 X30.000 Y31.680 F3000
G0 Y31.760 F3000
G1 X37.000 Y31.760 F3000
G0 Y31.840 F3000
G1 X30.000 Y31.840 F3000
G0 Y31.920 F3000
G1 X37.000 Y31.920 F3000
G0 Y32.000 F3000
G1 X30.000 Y32.000 F3000
G0 Y32.080 F3000
G1 X37.000 Y32.080 F3000
G0 Y32.160 F3000
G1 X30.000 Y32.160 F3000
G0 Y32.240 F3000
G1 X37.000 Y32.240 F3000
G0 Y32.320 F3000
G1 X30.000 Y32.320 F3000
G0 Y32.400 F3000
G1 X37.000 Y32.400 F3000
G0 Y32.480 F3000
G1 X30.000 Y32.480 F3000
G0 Y32.560 F3000
G1 X37.000 Y32.560 F3000
G0 Y32.640 F3000
G1 X30.000 Y32.640 F3000
G0 Y32.720 F3000
G1 X37.000 Y32.720 F3000
G0 Y32.800 F3000
G1 X30.000 Y32.800 F3000
G0 Y32.880 F3000
G1 X37.000 Y32.880 F3000
G0 Y32.960 F3000
G1 X30.000 Y32.960 F3000
G0 Y33.040 F3000
G1 X37.000 Y33.040 F3000
G0 Y33.120 F3000
G1 X30.000 Y33.120 F3000
G0 Y33.200 F3000
G1 X37.000 Y33.200 F3000
G0 Y33.280 F3000
G1 X30.000 Y33.280 F3000
G0 Y33.360 F3000
G1 X37.000 Y33.360 F3000
G0 Y33.440 F3000
G1 X30.000 Y33.440 F3000
G0 Y33.520 F3000
G1 X37.000 Y33.520 F3000
G0 Y33.600 F3000
G1 X30.000 Y33.600 F3000
G0 Y33.680 F3000
G1 X37.000 Y33.680 F3000
G0 Y33.760 F3000
G1 X30.000 Y33.760 F3000
G0 Y33.840 F3000
G1 X37.000 Y33.840 F3000
G0 Y33.920 F3000
G1 X30.000 Y33.920 F3000
G0 Y34.000 F3000
G1 X37.000 Y34.000 F3000
G0 Y34.080 F3000
G1 X30.000 Y34.080 F3000
G0 Y34.160 F3000
G1 X37.000 Y34.160 F3000
G0 Y34.240 F3000
G1 X30.000 Y34.240 F3000
G0 Y34.320 F3000
G1 X37.000 Y34.320 F3000
G0 Y34.400 F3000
G1 X30.000 Y34.400 F3000
G0 Y34.480 F3000
G1 X37.000 Y34.480 F3000
G0 Y34.560 F3000
G1 X30.000 Y34.560 F3000
G0 Y34.640 F3000
G1 X37.000 Y34.640 F3000
G0 Y34.720 F3000
G1 X30.000 Y34.720 F3000
G0 Y34.800 F3000
G1 X37.000 Y34.800 F3000
G0 Y34.880 F3000
G1 X30.000 Y34.880 F3000
G0 Y34.960 F3000
G1 X37.000 Y34.960 F3000
G0 Y35.040 F3000
G1 X30.000 Y35.040 F3000
G0 Y35.120 F3000
G1 X37.000 Y35.120 F3000
G0 Y35.200 F3000
G1 X30.000 Y35.200 F3000
G0 Y35.280 F3000
G1 X37.000 Y35.280 F3000
G0 Y35.360 F3000
G1 X30.000 Y35.360 F3000
G0 Y35.440 F3000
G1 X37.000 Y35.440 F3000
G0 Y35.520 F3000
G1 X30.000 Y35.520 F3000
G0 Y35.600 F3000
G1 X37.000 Y35.600 F3000
G0 Y35.680 F3000
G1 X30.000 Y35.680 F3000
G0 Y35.760 F3000
G1 X37.000 Y35.760 F3000
G0 Y35.840 F3000
G1 X30.000 Y35.840 F3000
G0 Y35.920 F3000
G1 X37.000 Y35.920 F3000
G0 Y36.000 F3000
G1 X30.000 Y36.000 F3000
G0 Y36.080 F3000
G1 X37.000 Y36.080 F3000
G0 Y36.160 F3000
G1 X30.000 Y36.160 F3000
G0 Y36.240 F3000
G1 X37.000 Y36.240 F3000
G0 Y36.320 F3000
G1 X30.000 Y36.320 F3000
G0 Y36.400 F3000
G1 X37.000 Y36.400 F3000
G0 Y36.480 F3000
G1 X30.000 Y36.480 F3000
G0 Y36.560 F3000
G1 X37.000 Y36.560 F3000
G0 Y36.640 F3000
G1 X30.000 Y36.640 F3000
G0 Y36.720 F3000
G1 X37.000 Y36.720 F3000
G0 Y36.800 F3000
G1 X30.000 Y36.800 F3000
G0 Y36.880 F3000
G1 X37.000 Y36.880 F3000
G0 Y36.960 F3000
G1 X30.000 Y36.960 F3000
M5
G0 X30.000 Y39.700 F3000
M4 S2000
G1 X30.648 Y39.700 F1500
M5
G0 X30.000 Y39.700 F3000
M4 S2000
G1 X30.000 Y39.160 F1500
M5
G0 X30.000 Y39.160 F3000
M4 S2000
G1 X30.000 Y38.620 F1500
M5
G0 X30.000 Y38.620 F3000
M4 S2000
G1 X30.648 Y38.620 F1500
M5
G0 X30.648 Y39.160 F3000
M4 S2000
G1 X30.648 Y38.620 F1500
M5
G0 X30.000 Y39.160 F3000
M4 S2000
G1 X30.648 Y39.160 F1500
M5
G0 X30.864 Y39.160 F3000
M4 S2000
G1 X31.512 Y39.160 F1500
M5
G0 X31.728 Y39.700 F3000
M4 S2000
G1 X32.376 Y39.700 F1500
M5
G0 X32.376 Y39.700 F3000
M4 S2000
G1 X32.376 Y39.160 F1500
M5
G0 X32.376 Y39.160 F3000
M4 S2000
G1 X32.376 Y38.620 F1500
M5
G0 X31.728 Y38.620 F3000
M4 S2000
G1 X32.376 Y38.620 F1500
M5
G0 X31.728 Y39.160 F3000
M4 S2000
G1 X31.728 Y38.620 F1500
M5
G0 X31.728 Y39.700 F3000
M4 S2000
G1 X31.728 Y39.160 F1500
M5
G0 X33.240 Y39.700 F3000
M4 S2000
G1 X33.240 Y39.160 F1500
M5
G0 X33.240 Y39.160 F3000
M4 S2000
G1 X33.240 Y38.620 F1500
M5
G0 X33.456 Y39.700 F3000
M4 S2000
G1 X34.104 Y39.700 F1500
M5
G0 X34.104 Y39.700 F3000
M4 S2000
G1 X34.104 Y39.160 F1500
M5
G0 X34.104 Y39.160 F3000
M4 S2000
G1 X34.104 Y38.620 F1500
M5
G0 X20.000 Y30.000 F3000
M4 S6500
G1 X27.000 Y30.000 F2500
G0 Y30.080 F3000
G1 X20.000 Y30.080 F2500
G0 Y30.160 F3000
G1 X27.000 Y30.160 F2500
G0 Y30.240 F3000
G1 X20.000 Y30.240 F2500
G0 Y30.320 F3000
G1 X27.000 Y30.320 F2500
G0 Y30.400 F3000
G1 X20.000 Y30.400 F2500
G0 Y30.480 F3000
G1 X27.000 Y30.480 F2500
G0 Y30.560 F3000
G1 X20.000 Y30.560 F2500
G0 Y30.640 F3000
G1 X27.000 Y30.640 F2500
G0 Y30.720 F3000
G1 X20.000 Y30.720 F2500
G0 Y30.800 F3000
G1 X27.000 Y30.800 F2500
G0 Y30.880 F3000
G1 X20.000 Y30.880 F2500
G0 Y30.960 F3000
G1 X27.000 Y30.960 F2500
G0 Y31.040 F3000
G1 X20.000 Y31.040 F2500
G0 Y31.120 F3000
G1 X27.000 Y31.120 F2500
G0 Y31.200 F3000
G1 X20.000 Y31.200 F2500
G0 Y31.280 F3000
G1 X27.000 Y31.280 F2500
G0 Y31.360 F3000
G1 X20.000 Y31.360 F2500
G0 Y31.440 F3000
G1 X27.000 Y31.440 F2500
G0 Y31.520 F3000
G1 X20.000 Y31.520 F2500
G0 Y31.600 F3000
G1 X27.000 Y31.600 F2500
G0 Y31.680 F3000
G1 X20.000 Y31.680 F2500
G0 Y31.760 F3000
G1 X27.000 Y31.760 F2500
G0 Y31.840 F3000
G1 X20.000 Y31.840 F2500
G0 Y31.920 F3000
G1 X27.000 Y31.920 F2500
G0 Y32.000 F3000
G1 X20.000 Y32.000 F2500
G0 Y32.080 F3000
G1 X27.000 Y32.080 F2500
G0 Y32.160 F3000
G1 X20.000 Y32.160 F2500
G0 Y32.240 F3000
G1 X27.000 Y32.240 F2500
G0 Y32.320 F3000
G1 X20.000 Y32.320 F2500
G0 Y32.400 F3000
G1 X27.000 Y32.400 F2500
G0 Y32.480 F3000
G1 X20.000 Y32.480 F2500
G0 Y32.560 F3000
G1 X27.000 Y32.560 F2500
G0 Y32.640 F3000
G1 X20.000 Y32.640 F2500
G0 Y32.720 F3000
G1 X27.000 Y32.720 F2500
G0 Y32.800 F3000
G1 X20.000 Y32.800 F2500
G0 Y32.880 F3000
G1 X27.000 Y32.880 F2500
G0 Y32.960 F3000
G1 X20.000 Y32.960 F2500
G0 Y33.040 F3000
G1 X27.000 Y33.040 F2500
G0 Y33.120 F3000
G1 X20.000 Y33.120 F2500
G0 Y33.200 F3000
G1 X27.000 Y33.200 F2500
G0 Y33.280 F3000
G1 X20.000 Y33.280 F2500
G0 Y33.360 F3000
G1 X27.000 Y33.360 F2500
G0 Y33.440 F3000
G1 X20.000 Y33.440 F2500
G0 Y33.520 F3000
G1 X27.000 Y33.520 F2500
G0 Y33.600 F3000
G1 X20.000 Y33.600 F2500
G0 Y33.680 F3000
G1 X27.000 Y33.680 F2500
G0 Y33.760 F3000
G1 X20.000 Y33.760 F2500
G0 Y33.840 F3000
G1 X27.000 Y33.840 F2500
G0 Y33.920 F3000
G1 X20.000 Y33.920 F2500
G0 Y34.000 F3000
G1 X27.000 Y34.000 F2500
G0 Y34.080 F3000
G1 X20.000 Y34.080 F2500
G0 Y34.160 F3000
G1 X27.000 Y34.160 F2500
G0 Y34.240 F3000
G1 X20.000 Y34.240 F2500
G0 Y34.320 F3000
G1 X27.000 Y34.320 F2500
G0 Y34.400 F3000
G1 X20.000 Y34.400 F2500
G0 Y34.480 F3000
G1 X27.000 Y34.480 F2500
G0 Y34.560 F3000
G1 X20.000 Y34.560 F2500
G0 Y34.640 F3000
G1 X27.000 Y34.640 F2500
G0 Y34.720 F3000
G1 X20.000 Y34.720 F2500
G0 Y34.800 F3000
G1 X27.000 Y34.800 F2500
G0 Y34.880 F3000
G1 X20.000 Y34.880 F2500
G0 Y34.960 F3000
G1 X27.000 Y34.960 F2500
G0 Y35.040 F3000
G1 X20.000 Y35.040 F2500
G0 Y35.120 F3000
G1 X27.000 Y35.120 F2500
G0 Y35.200 F3000
G1 X20.000 Y35.200 F2500
G0 Y35.280 F3000
G1 X27.000 Y35.280 F2500
G0 Y35.360 F3000
G1 X20.000 Y35.360 F2500
G0 Y35.440 F3000
G1 X27.000 Y35.440 F2500
G0 Y35.520 F3000
G1 X20.000 Y35.520 F2500
G0 Y35.600 F3000
G1 X27.000 Y35.600 F2500
G0 Y35.680 F3000
G1 X20.000 Y35.680 F2500
G0 Y35.760 F3000
G1 X27.000 Y35.760 F2500
G0 Y35.840 F3000
G1 X20.000 Y35.840 F2500
G0 Y35.920 F3000
G1 X27.000 Y35.920 F2500
G0 Y36.000 F3000
G1 X20.000 Y36.000 F2500
G0 Y36.080 F3000
G1 X27.000 Y36.080 F2500
G0 Y36.160 F3000
G1 X20.000 Y36.160 F2500
G0 Y36.240 F3000
G1 X27.000 Y36.240 F2500
G0 Y36.320 F3000
G1 X20.000 Y36.320 F2500
G0 Y36.400 F3000
G1 X27.000 Y36.400 F2500
G0 Y36.480 F3000
G1 X20.000 Y36.480 F2500
G0 Y36.560 F3000
G1 X27.000 Y36.560 F2500
G0 Y36.640 F3000
G1 X20.000 Y36.640 F2500
G0 Y36.720 F3000
G1 X27.000 Y36.720 F2500
G0 Y36.800 F3000
G1 X20.000 Y36.800 F2500
G0 Y36.880 F3000
G1 X27.000 Y36.880 F2500
G0 Y36.960 F3000
G1 X20.000 Y36.960 F2500
M5
G0 X20.000 Y39.700 F3000
M4 S2000
G1 X20.648 Y39.700 F1500
M5
G0 X20.000 Y39.700 F3000
M4 S2000
G1 X20.000 Y39.160 F1500
M5
G0 X20.000 Y39.160 F3000
M4 S2000
G1 X20.000 Y38.620 F1500
M5
G0 X20.000 Y38.620 F3000
M4 S2000
G1 X20.648 Y38.620 F1500
M5
G0 X20.648 Y39.160 F3000
M4 S2000
G1 X20.648 Y38.620 F1500
M5
G0 X20.000 Y39.160 F3000
M4 S2000
G1 X20.648 Y39.160 F1500
M5
G0 X20.864 Y39.160 F3000
M4 S2000
G1 X21.512 Y39.160 F1500
M5
G0 X21.728 Y39.700 F3000
M4 S2000
G1 X22.376 Y39.700 F1500
M5
G0 X22.376 Y39.700 F3000
M4 S2000
G1 X22.376 Y39.160 F1500
M5
G0 X22.376 Y39.160 F3000
M4 S2000
G1 X22.376 Y38.620 F1500
M5
G0 X21.728 Y38.620 F3000
M4 S2000
G1 X22.376 Y38.620 F1500
M5
G0 X21.728 Y39.160 F3000
M4 S2000
G1 X21.728 Y38.620 F1500
M5
G0 X21.728 Y39.700 F3000
M4 S2000
G1 X21.728 Y39.160 F1500
M5
G0 X23.240 Y39.700 F3000
M4 S2000
G1 X23.240 Y39.160 F1500
M5
G0 X23.240 Y39.160 F3000
M4 S2000
G1 X23.240 Y38.620 F1500
M5
G0 X23.456 Y39.700 F3000
M4 S2000
G1 X24.104 Y39.700 F1500
M5
G0 X24.104 Y39.700 F3000
M4 S2000
G1 X24.104 Y39.160 F1500
M5
G0 X24.104 Y39.160 F3000
M4 S2000
G1 X24.104 Y38.620 F1500
M5
G0 X23.456 Y38.620 F3000
M4 S2000
G1 X24.104 Y38.620 F1500
M5
G0 X23.456 Y39.160 F3000
M4 S2000
G1 X23.456 Y38.620 F1500
M5
G0 X23.456 Y39.700 F3000
M4 S2000
G1 X23.456 Y39.160 F1500
M5
G0 X23.456 Y39.160 F3000
M4 S2000
G1 X24.104 Y39.160 F1500
M5
G0 X10.000 Y30.000 F3000
M4 S6500
G1 X17.000 Y30.000 F2000
G0 Y30.080 F3000
G1 X10.000 Y30.080 F2000
G0 Y30.160 F3000
G1 X17.000 Y30.160 F2000
G0 Y30.240 F3000
G1 X10.000 Y30.240 F2000
G0 Y30.320 F3000
G1 X17.000 Y30.320 F2000
G0 Y30.400 F3000
G1 X10.000 Y30.400 F2000
G0 Y30.480 F3000
G1 X17.000 Y30.480 F2000
G0 Y30.560 F3000
G1 X10.000 Y30.560 F2000
G0 Y30.640 F3000
G1 X17.000 Y30.640 F2000
G0 Y30.720 F3000
G1 X10.000 Y30.720 F2000
G0 Y30.800 F3000
G1 X17.000 Y30.800 F2000
G0 Y30.880 F3000
G1 X10.000 Y30.880 F2000
G0 Y30.960 F3000
G1 X17.000 Y30.960 F2000
G0 Y31.040 F3000
G1 X10.000 Y31.040 F2000
G0 Y31.120 F3000
G1 X17.000 Y31.120 F2000
G0 Y31.200 F3000
G1 X10.000 Y31.200 F2000
G0 Y31.280 F3000
G1 X17.000 Y31.280 F2000
G0 Y31.360 F3000
G1 X10.000 Y31.360 F2000
G0 Y31.440 F3000
G1 X17.000 Y31.440 F2000
G0 Y31.520 F3000
G1 X10.000 Y31.520 F2000
G0 Y31.600 F3000
G1 X17.000 Y31.600 F2000
G0 Y31.680 F3000
G1 X10.000 Y31.680 F2000
G0 Y31.760 F3000
G1 X17.000 Y31.760 F2000
G0 Y31.840 F3000
G1 X10.000 Y31.840 F2000
G0 Y31.920 F3000
G1 X17.000 Y31.920 F2000
G0 Y32.000 F3000
G1 X10.000 Y32.000 F2000
G0 Y32.080 F3000
G1 X17.000 Y32.080 F2000
G0 Y32.160 F3000
G1 X10.000 Y32.160 F2000
G0 Y32.240 F3000
G1 X17.000 Y32.240 F2000
G0 Y32.320 F3000
G1 X10.000 Y32.320 F2000
G0 Y32.400 F3000
G1 X17.000 Y32.400 F2000
G0 Y32.480 F3000
G1 X10.000 Y32.480 F2000
G0 Y32.560 F3000
G1 X17.000 Y32.560 F2000
G0 Y32.640 F3000
G1 X10.000 Y32.640 F2000
G0 Y32.720 F3000
G1 X17.000 Y32.720 F2000
G0 Y32.800 F3000
G1 X10.000 Y32.800 F2000
G0 Y32.880 F3000
G1 X17.000 Y32.880 F2000
G0 Y32.960 F3000
G1 X10.000 Y32.960 F2000
G0 Y33.040 F3000
G1 X17.000 Y33.040 F2000
G0 Y33.120 F3000
G1 X10.000 Y33.120 F2000
G0 Y33.200 F3000
G1 X17.000 Y33.200 F2000
G0 Y33.280 F3000
G1 X10.000 Y33.280 F2000
G0 Y33.360 F3000
G1 X17.000 Y33.360 F2000
G0 Y33.440 F3000
G1 X10.000 Y33.440 F2000
G0 Y33.520 F3000
G1 X17.000 Y33.520 F2000
G0 Y33.600 F3000
G1 X10.000 Y33.600 F2000
G0 Y33.680 F3000
G1 X17.000 Y33.680 F2000
G0 Y33.760 F3000
G1 X10.000 Y33.760 F2000
G0 Y33.840 F3000
G1 X17.000 Y33.840 F2000
G0 Y33.920 F3000
G1 X10.000 Y33.920 F2000
G0 Y34.000 F3000
G1 X17.000 Y34.000 F2000
G0 Y34.080 F3000
G1 X10.000 Y34.080 F2000
G0 Y34.160 F3000
G1 X17.000 Y34.160 F2000
G0 Y34.240 F3000
G1 X10.000 Y34.240 F2000
G0 Y34.320 F3000
G1 X17.000 Y34.320 F2000
G0 Y34.400 F3000
G1 X10.000 Y34.400 F2000
G0 Y34.480 F3000
G1 X17.000 Y34.480 F2000
G0 Y34.560 F3000
G1 X10.000 Y34.560 F2000
G0 Y34.640 F3000
G1 X17.000 Y34.640 F2000
G0 Y34.720 F3000
G1 X10.000 Y34.720 F2000
G0 Y34.800 F3000
G1 X17.000 Y34.800 F2000
G0 Y34.880 F3000
G1 X10.000 Y34.880 F2000
G0 Y34.960 F3000
G1 X17.000 Y34.960 F2000
G0 Y35.040 F3000
G1 X10.000 Y35.040 F2000
G0 Y35.120 F3000
G1 X17.000 Y35.120 F2000
G0 Y35.200 F3000
G1 X10.000 Y35.200 F2000
G0 Y35.280 F3000
G1 X17.000 Y35.280 F2000
G0 Y35.360 F3000
G1 X10.000 Y35.360 F2000
G0 Y35.440 F3000
G1 X17.000 Y35.440 F2000
G0 Y35.520 F3000
G1 X10.000 Y35.520 F2000
G0 Y35.600 F3000
G1 X17.000 Y35.600 F2000
G0 Y35.680 F3000
G1 X10.000 Y35.680 F2000
G0 Y35.760 F3000
G1 X17.000 Y35.760 F2000
G0 Y35.840 F3000
G1 X10.000 Y35.840 F2000
G0 Y35.920 F3000
G1 X17.000 Y35.920 F2000
G0 Y36.000 F3000
G1 X10.000 Y36.000 F2000
G0 Y36.080 F3000
G1 X17.000 Y36.080 F2000
G0 Y36.160 F3000
G1 X10.000 Y36.160 F2000
G0 Y36.240 F3000
G1 X17.000 Y36.240 F2000
G0 Y36.320 F3000
G1 X10.000 Y36.320 F2000
G0 Y36.400 F3000
G1 X17.000 Y36.400 F2000
G0 Y36.480 F3000
G1 X10.000 Y36.480 F2000
G0 Y36.560 F3000
G1 X17.000 Y36.560 F2000
G0 Y36.640 F3000
G1 X10.000 Y36.640 F2000
G0 Y36.720 F3000
G1 X17.000 Y36.720 F2000
G0 Y36.800 F3000
G1 X10.000 Y36.800 F2000
G0 Y36.880 F3000
G1 X17.000 Y36.880 F2000
G0 Y36.960 F3000
G1 X10.000 Y36.960 F2000
M5
G0 X10.000 Y39.700 F3000
M4 S2000
G1 X10.648 Y39.700 F1500
M5
G0 X10.000 Y39.700 F3000
M4 S2000
G1 X10.000 Y39.160 F1500
M5
G0 X10.000 Y39.160 F3000
M4 S2000
G1 X10.000 Y38.620 F1500
M5
G0 X10.000 Y38.620 F3000
M4 S2000
G1 X10.648 Y38.620 F1500
M5
G0 X10.648 Y39.160 F3000
M4 S2000
G1 X10.648 Y38.620 F1500
M5
G0 X10.000 Y39.160 F3000
M4 S2000
G1 X10.648 Y39.160 F1500
M5
G0 X10.864 Y39.160 F3000
M4 S2000
G1 X11.512 Y39.160 F1500
M5
G0 X11.728 Y39.700 F3000
M4 S2000
G1 X12.376 Y39.700 F1500
M5
G0 X12.376 Y39.700 F3000
M4 S2000
G1 X12.376 Y39.160 F1500
M5
G0 X12.376 Y39.160 F3000
M4 S2000
G1 X12.376 Y38.620 F1500
M5
G0 X11.728 Y38.620 F3000
M4 S2000
G1 X12.376 Y38.620 F1500
M5
G0 X11.728 Y39.160 F3000
M4 S2000
G1 X11.728 Y38.620 F1500
M5
G0 X11.728 Y39.700 F3000
M4 S2000
G1 X11.728 Y39.160 F1500
M5
G0 X13.240 Y39.700 F3000
M4 S2000
G1 X13.240 Y39.160 F1500
M5
G0 X13.240 Y39.160 F3000
M4 S2000
G1 X13.240 Y38.620 F1500
M5
G0 X13.456 Y39.700 F3000
M4 S2000
G1 X14.104 Y39.700 F1500
M5
G0 X14.104 Y39.700 F3000
M4 S2000
G1 X14.104 Y39.160 F1500
M5
G0 X14.104 Y39.160 F3000
M4 S2000
G1 X14.104 Y38.620 F1500
M5
G0 X13.456 Y38.620 F3000
M4 S2000
G1 X14.104 Y38.620 F1500
M5
G0 X13.456 Y39.700 F3000
M4 S2000
G1 X13.456 Y39.160 F1500
M5
G0 X13.456 Y39.160 F3000
M4 S2000
G1 X14.104 Y39.160 F1500
M5
G0 X0.000 Y30.000 F3000
M4 S6500
G1 X7.000 Y30.000 F1500
G0 Y30.080 F3000
G1 X0.000 Y30.080 F1500
G0 Y30.160 F3000
G1 X7.000 Y30.160 F1500
G0 Y30.240 F3000
G1 X0.000 Y30.240 F1500
G0 Y30.320 F3000
G1 X7.000 Y30.320 F1500
G0 Y30.400 F3000
G1 X0.000 Y30.400 F1500
G0 Y30.480 F3000
G1 X7.000 Y30.480 F1500
G0 Y30.560 F3000
G1 X0.000 Y30.560 F1500
G0 Y30.640 F3000
G1 X7.000 Y30.640 F1500
G0 Y30.720 F3000
G1 X0.000 Y30.720 F1500
G0 Y30.800 F3000
G1 X7.000 Y30.800 F1500
G0 Y30.880 F3000
G1 X0.000 Y30.880 F1500
G0 Y30.960 F3000
G1 X7.000 Y30.960 F1500
G0 Y31.040 F3000
G1 X0.000 Y31.040 F1500
G0 Y31.120 F3000
G1 X7.000 Y31.120 F1500
G0 Y31.200 F3000
G1 X0.000 Y31.200 F1500
G0 Y31.280 F3000
G1 X7.000 Y31.280 F1500
G0 Y31.360 F3000
G1 X0.000 Y31.360 F1500
G0 Y31.440 F3000
G1 X7.000 Y31.440 F1500
G0 Y31.520 F3000
G1 X0.000 Y31.520 F1500
G0 Y31.600 F3000
G1 X7.000 Y31.600 F1500
G0 Y31.680 F3000
G1 X0.000 Y31.680 F1500
G0 Y31.760 F3000
G1 X7.000 Y31.760 F1500
G0 Y31.840 F3000
G1 X0.000 Y31.840 F1500
G0 Y31.920 F3000
G1 X7.000 Y31.920 F1500
G0 Y32.000 F3000
G1 X0.000 Y32.000 F1500
G0 Y32.080 F3000
G1 X7.000 Y32.080 F1500
G0 Y32.160 F3000
G1 X0.000 Y32.160 F1500
G0 Y32.240 F3000
G1 X7.000 Y32.240 F1500
G0 Y32.320 F3000
G1 X0.000 Y32.320 F1500
G0 Y32.400 F3000
G1 X7.000 Y32.400 F1500
G0 Y32.480 F3000
G1 X0.000 Y32.480 F1500
G0 Y32.560 F3000
G1 X7.000 Y32.560 F1500
G0 Y32.640 F3000
G1 X0.000 Y32.640 F1500
G0 Y32.720 F3000
G1 X7.000 Y32.720 F1500
G0 Y32.800 F3000
G1 X0.000 Y32.800 F1500
G0 Y32.880 F3000
G1 X7.000 Y32.880 F1500
G0 Y32.960 F3000
G1 X0.000 Y32.960 F1500
G0 Y33.040 F3000
G1 X7.000 Y33.040 F1500
G0 Y33.120 F3000
G1 X0.000 Y33.120 F1500
G0 Y33.200 F3000
G1 X7.000 Y33.200 F1500
G0 Y33.280 F3000
G1 X0.000 Y33.280 F1500
G0 Y33.360 F3000
G1 X7.000 Y33.360 F1500
G0 Y33.440 F3000
G1 X0.000 Y33.440 F1500
G0 Y33.520 F3000
G1 X7.000 Y33.520 F1500
G0 Y33.600 F3000
G1 X0.000 Y33.600 F1500
G0 Y33.680 F3000
G1 X7.000 Y33.680 F1500
G0 Y33.760 F3000
G1 X0.000 Y33.760 F1500
G0 Y33.840 F3000
G1 X7.000 Y33.840 F1500
G0 Y33.920 F3000
G1 X0.000 Y33.920 F1500
G0 Y34.000 F3000
G1 X7.000 Y34.000 F1500
G0 Y34.080 F3000
G1 X0.000 Y34.080 F1500
G0 Y34.160 F3000
G1 X7.000 Y34.160 F1500
G0 Y34.240 F3000
G1 X0.000 Y34.240 F1500
G0 Y34.320 F3000
G1 X7.000 Y34.320 F1500
G0 Y34.400 F3000
G1 X0.000 Y34.400 F1500
G0 Y34.480 F3000
G1 X7.000 Y34.480 F1500
G0 Y34.560 F3000
G1 X0.000 Y34.560 F1500
G0 Y34.640 F3000
G1 X7.000 Y34.640 F1500
G0 Y34.720 F3000
G1 X0.000 Y34.720 F1500
G0 Y34.800 F3000
G1 X7.000 Y34.800 F1500
G0 Y34.880 F3000
G1 X0.000 Y34.880 F1500
G0 Y34.960 F3000
G1 X7.000 Y34.960 F1500
G0 Y35.040 F3000
G1 X0.000 Y35.040 F1500
G0 Y35.120 F3000
G1 X7.000 Y35.120 F1500
G0 Y35.200 F3000
G1 X0.000 Y35.200 F1500
G0 Y35.280 F3000
G1 X7.000 Y35.280 F1500
G0 Y35.360 F3000
G1 X0.000 Y35.360 F1500
G0 Y35.440 F3000
G1 X7.000 Y35.440 F1500
G0 Y35.520 F3000
G1 X0.000 Y35.520 F1500
G0 Y35.600 F3000
G1 X7.000 Y35.600 F1500
G0 Y35.680 F3000
G1 X0.000 Y35.680 F1500
G0 Y35.760 F3000
G1 X7.000 Y35.760 F1500
G0 Y35.840 F3000
G1 X0.000 Y35.840 F1500
G0 Y35.920 F3000
G1 X7.000 Y35.920 F1500
G0 Y36.000 F3000
G1 X0.000 Y36.000 F1500
G0 Y36.080 F3000
G1 X7.000 Y36.080 F1500
G0 Y36.160 F3000
G1 X0.000 Y36.160 F1500
G0 Y36.240 F3000
G1 X7.000 Y36.240 F1500
G0 Y36.320 F3000
G1 X0.000 Y36.320 F1500
G0 Y36.400 F3000
G1 X7.000 Y36.400 F1500
G0 Y36.480 F3000
G1 X0.000 Y36.480 F1500
G0 Y36.560 F3000
G1 X7.000 Y36.560 F1500
G0 Y36.640 F3000
G1 X0.000 Y36.640 F1500
G0 Y36.720 F3000
G1 X7.000 Y36.720 F1500
G0 Y36.800 F3000
G1 X0.000 Y36.800 F1500
G0 Y36.880 F3000
G1 X7.000 Y36.880 F1500
G0 Y36.960 F3000
G1 X0.000 Y36.960 F1500
M5
G0 X0.000 Y39.700 F3000
M4 S2000
G1 X0.648 Y39.700 F1500
M5
G0 X0.000 Y39.700 F3000
M4 S2000
G1 X0.000 Y39.160 F1500
M5
G0 X0.000 Y39.160 F3000
M4 S2000
G1 X0.000 Y38.620 F1500
M5
G0 X0.000 Y38.620 F3000
M4 S2000
G1 X0.648 Y38.620 F1500
M5
G0 X0.648 Y39.160 F3000
M4 S2000
G1 X0.648 Y38.620 F1500
M5
G0 X0.000 Y39.160 F3000
M4 S2000
G1 X0.648 Y39.160 F1500
M5
G0 X0.864 Y39.160 F3000
M4 S2000
G1 X1.512 Y39.160 F1500
M5
G0 X1.728 Y39.700 F3000
M4 S2000
G1 X2.376 Y39.700 F1500
M5
G0 X2.376 Y39.700 F3000
M4 S2000
G1 X2.376 Y39.160 F1500
M5
G0 X2.376 Y39.160 F3000
M4 S2000
G1 X2.376 Y38.620 F1500
M5
G0 X1.728 Y38.620 F3000
M4 S2000
G1 X2.376 Y38.620 F1500
M5
G0 X1.728 Y39.160 F3000
M4 S2000
G1 X1.728 Y38.620 F1500
M5
G0 X1.728 Y39.700 F3000
M4 S2000
G1 X1.728 Y39.160 F1500
M5
G0 X2.592 Y39.700 F3000
M4 S2000
G1 X3.240 Y39.700 F1500
M5
G0 X3.240 Y39.700 F3000
M4 S2000
G1 X3.240 Y39.160 F1500
M5
G0 X2.592 Y39.160 F3000
M4 S2000
G1 X3.240 Y39.160 F1500
M5
G0 X2.592 Y39.160 F3000
M4 S2000
G1 X2.592 Y38.620 F1500
M5
G0 X2.592 Y38.620 F3000
M4 S2000
G1 X3.240 Y38.620 F1500
M5
G0 X3.456 Y39.700 F3000
M4 S2000
G1 X4.104 Y39.700 F1500
M5
G0 X4.104 Y39.700 F3000
M4 S2000
G1 X4.104 Y39.160 F1500
M5
G0 X4.104 Y39.160 F3000
M4 S2000
G1 X4.104 Y38.620 F1500
M5
G0 X3.456 Y38.620 F3000
M4 S2000
G1 X4.104 Y38.620 F1500
M5
G0 X3.456 Y39.160 F3000
M4 S2000
G1 X3.456 Y38.620 F1500
M5
G0 X3.456 Y39.700 F3000
M4 S2000
G1 X3.456 Y39.160 F1500
M5
G0 X0.000 Y40.000 F3000
M4 S8000
G1 X7.000 Y40.000 F1500
G0 Y40.080 F3000
G1 X0.000 Y40.080 F1500
G0 Y40.160 F3000
G1 X7.000 Y40.160 F1500
G0 Y40.240 F3000
G1 X0.000 Y40.240 F1500
G0 Y40.320 F3000
G1 X7.000 Y40.320 F1500
G0 Y40.400 F3000
G1 X0.000 Y40.400 F1500
G0 Y40.480 F3000
G1 X7.000 Y40.480 F1500
G0 Y40.560 F3000
G1 X0.000 Y40.560 F1500
G0 Y40.640 F3000
G1 X7.000 Y40.640 F1500
G0 Y40.720 F3000
G1 X0.000 Y40.720 F1500
G0 Y40.800 F3000
G1 X7.000 Y40.800 F1500
G0 Y40.880 F3000
G1 X0.000 Y40.880 F1500
G0 Y40.960 F3000
G1 X7.000 Y40.960 F1500
G0 Y41.040 F3000
G1 X0.000 Y41.040 F1500
G0 Y41.120 F3000
G1 X7.000 Y41.120 F1500
G0 Y41.200 F3000
G1 X0.000 Y41.200 F1500
G0 Y41.280 F3000
G1 X7.000 Y41.280 F1500
G0 Y41.360 F3000
G1 X0.000 Y41.360 F1500
G0 Y41.440 F3000
G1 X7.000 Y41.440 F1500
G0 Y41.520 F3000
G1 X0.000 Y41.520 F1500
G0 Y41.600 F3000
G1 X7.000 Y41.600 F1500
G0 Y41.680 F3000
G1 X0.000 Y41.680 F1500
G0 Y41.760 F3000
G1 X7.000 Y41.760 F1500
G0 Y41.840 F3000
G1 X0.000 Y41.840 F1500
G0 Y41.920 F3000
G1 X7.000 Y41.920 F1500
G0 Y42.000 F3000
G1 X0.000 Y42.000 F1500
G0 Y42.080 F3000
G1 X7.000 Y42.080 F1500
G0 Y42.160 F3000
G1 X0.000 Y42.160 F1500
G0 Y42.240 F3000
G1 X7.000 Y42.240 F1500
G0 Y42.320 F3000
G1 X0.000 Y42.320 F1500
G0 Y42.400 F3000
G1 X7.000 Y42.400 F1500
G0 Y42.480 F3000
G1 X0.000 Y42.480 F1500
G0 Y42.560 F3000
G1 X7.000 Y42.560 F1500
G0 Y42.640 F3000
G1 X0.000 Y42.640 F1500
G0 Y42.720 F3000
G1 X7.000 Y42.720 F1500
G0 Y42.800 F3000
G1 X0.000 Y42.800 F1500
G0 Y42.880 F3000
G1 X7.000 Y42.880 F1500
G0 Y42.960 F3000
G1 X0.000 Y42.960 F1500
G0 Y43.040 F3000
G1 X7.000 Y43.040 F1500
G0 Y43.120 F3000
G1 X0.000 Y43.120 F1500
G0 Y43.200 F3000
G1 X7.000 Y43.200 F1500
G0 Y43.280 F3000
G1 X0.000 Y43.280 F1500
G0 Y43.360 F3000
G1 X7.000 Y43.360 F1500
G0 Y43.440 F3000
G1 X0.000 Y43.440 F1500
G0 Y43.520 F3000
G1 X7.000 Y43.520 F1500
G0 Y43.600 F3000
G1 X0.000 Y43.600 F1500
G0 Y43.680 F3000
G1 X7.000 Y43.680 F1500
G0 Y43.760 F3000
G1 X0.000 Y43.760 F1500
G0 Y43.840 F3000
G1 X7.000 Y43.840 F1500
G0 Y43.920 F3000
G1 X0.000 Y43.920 F1500
G0 Y44.000 F3000
G1 X7.000 Y44.000 F1500
G0 Y44.080 F3000
G1 X0.000 Y44.080 F1500
G0 Y44.160 F3000
G1 X7.000 Y44.160 F1500
G0 Y44.240 F3000
G1 X0.000 Y44.240 F1500
G0 Y44.320 F3000
G1 X7.000 Y44.320 F1500
G0 Y44.400 F3000
G1 X0.000 Y44.400 F1500
G0 Y44.480 F3000
G1 X7.000 Y44.480 F1500
G0 Y44.560 F3000
G1 X0.000 Y44.560 F1500
G0 Y44.640 F3000
G1 X7.000 Y44.640 F1500
G0 Y44.720 F3000
G1 X0.000 Y44.720 F1500
G0 Y44.800 F3000
G1 X7.000 Y44.800 F1500
G0 Y44.880 F3000
G1 X0.000 Y44.880 F1500
G0 Y44.960 F3000
G1 X7.000 Y44.960 F1500
G0 Y45.040 F3000
G1 X0.000 Y45.040 F1500
G0 Y45.120 F3000
G1 X7.000 Y45.120 F1500
G0 Y45.200 F3000
G1 X0.000 Y45.200 F1500
G0 Y45.280 F3000
G1 X7.000 Y45.280 F1500
G0 Y45.360 F3000
G1 X0.000 Y45.360 F1500
G0 Y45.440 F3000
G1 X7.000 Y45.440 F1500
G0 Y45.520 F3000
G1 X0.000 Y45.520 F1500
G0 Y45.600 F3000
G1 X7.000 Y45.600 F1500
G0 Y45.680 F3000
G1 X0.000 Y45.680 F1500
G0 Y45.760 F3000
G1 X7.000 Y45.760 F1500
G0 Y45.840 F3000
G1 X0.000 Y45.840 F1500
G0 Y45.920 F3000
G1 X7.000 Y45.920 F1500
G0 Y46.000 F3000
G1 X0.000 Y46.000 F1500
G0 Y46.080 F3000
G1 X7.000 Y46.080 F1500
G0 Y46.160 F3000
G1 X0.000 Y46.160 F1500
G0 Y46.240 F3000
G1 X7.000 Y46.240 F1500
G0 Y46.320 F3000
G1 X0.000 Y46.320 F1500
G0 Y46.400 F3000
G1 X7.000 Y46.400 F1500
G0 Y46.480 F3000
G1 X0.000 Y46.480 F1500
G0 Y46.560 F3000
G1 X7.000 Y46.560 F1500
G0 Y46.640 F3000
G1 X0.000 Y46.640 F1500
G0 Y46.720 F3000
G1 X7.000 Y46.720 F1500
G0 Y46.800 F3000
G1 X0.000 Y46.800 F1500
G0 Y46.880 F3000
G1 X7.000 Y46.880 F1500
G0 Y46.960 F3000
G1 X0.000 Y46.960 F1500
M5
G0 X0.000 Y49.700 F3000
M4 S2000
G1 X0.648 Y49.700 F1500
M5
G0 X0.000 Y49.700 F3000
M4 S2000
G1 X0.000 Y49.160 F1500
M5
G0 X0.000 Y49.160 F3000
M4 S2000
G1 X0.000 Y48.620 F1500
M5
G0 X0.000 Y48.620 F3000
M4 S2000
G1 X0.648 Y48.620 F1500
M5
G0 X0.648 Y49.160 F3000
M4 S2000
G1 X0.648 Y48.620 F1500
M5
G0 X0.000 Y49.160 F3000
M4 S2000
G1 X0.648 Y49.160 F1500
M5
G0 X0.864 Y49.160 F3000
M4 S2000
G1 X1.512 Y49.160 F1500
M5
G0 X1.728 Y49.700 F3000
M4 S2000
G1 X2.376 Y49.700 F1500
M5
G0 X2.376 Y49.700 F3000
M4 S2000
G1 X2.376 Y49.160 F1500
M5
G0 X2.376 Y49.160 F3000
M4 S2000
G1 X2.376 Y48.620 F1500
M5
G0 X1.728 Y48.620 F3000
M4 S2000
G1 X2.376 Y48.620 F1500
M5
G0 X1.728 Y49.160 F3000
M4 S2000
G1 X1.728 Y48.620 F1500
M5
G0 X1.728 Y49.700 F3000
M4 S2000
G1 X1.728 Y49.160 F1500
M5
G0 X2.592 Y49.700 F3000
M4 S2000
G1 X3.240 Y49.700 F1500
M5
G0 X3.240 Y49.700 F3000
M4 S2000
G1 X3.240 Y49.160 F1500
M5
G0 X2.592 Y49.160 F3000
M4 S2000
G1 X3.240 Y49.160 F1500
M5
G0 X2.592 Y49.160 F3000
M4 S2000
G1 X2.592 Y48.620 F1500
M5
G0 X2.592 Y48.620 F3000
M4 S2000
G1 X3.240 Y48.620 F1500
M5
G0 X4.104 Y49.700 F3000
M4 S2000
G1 X4.104 Y49.160 F1500
M5
G0 X4.104 Y49.160 F3000
M4 S2000
G1 X4.104 Y48.620 F1500
M5
G0 X10.000 Y40.000 F3000
M4 S8000
G1 X17.000 Y40.000 F2000
G0 Y40.080 F3000
G1 X10.000 Y40.080 F2000
G0 Y40.160 F3000
G1 X17.000 Y40.160 F2000
G0 Y40.240 F3000
G1 X10.000 Y40.240 F2000
G0 Y40.320 F3000
G1 X17.000 Y40.320 F2000
G0 Y40.400 F3000
G1 X10.000 Y40.400 F2000
G0 Y40.480 F3000
G1 X17.000 Y40.480 F2000
G0 Y40.560 F3000
G1 X10.000 Y40.560 F2000
G0 Y40.640 F3000
G1 X17.000 Y40.640 F2000
G0 Y40.720 F3000
G1 X10.000 Y40.720 F2000
G0 Y40.800 F3000
G1 X17.000 Y40.800 F2000
G0 Y40.880 F3000
G1 X10.000 Y40.880 F2000
G0 Y40.960 F3000
G1 X17.000 Y40.960 F2000
G0 Y41.040 F3000
G1 X10.000 Y41.040 F2000
G0 Y41.120 F3000
G1 X17.000 Y41.120 F2000
G0 Y41.200 F3000
G1 X10.000 Y41.200 F2000
G0 Y41.280 F3000
G1 X17.000 Y41.280 F2000
G0 Y41.360 F3000
G1 X10.000 Y41.360 F2000
G0 Y41.440 F3000
G1 X17.000 Y41.440 F2000
G0 Y41.520 F3000
G1 X10.000 Y41.520 F2000
G0 Y41.600 F3000
G1 X17.000 Y41.600 F2000
G0 Y41.680 F3000
G1 X10.000 Y41.680 F2000
G0 Y41.760 F3000
G1 X17.000 Y41.760 F2000
G0 Y41.840 F3000
G1 X10.000 Y41.840 F2000
G0 Y41.920 F3000
G1 X17.000 Y41.920 F2000
G0 Y42.000 F3000
G1 X10.000 Y42.000 F2000
G0 Y42.080 F3000
G1 X17.000 Y42.080 F2000
G0 Y42.160 F3000
G1 X10.000 Y42.160 F2000
G0 Y42.240 F3000
G1 X17.000 Y42.240 F2000
G0 Y42.320 F3000
G1 X10.000 Y42.320 F2000
G0 Y42.400 F3000
G1 X17.000 Y42.400 F2000
G0 Y42.480 F3000
G1 X10.000 Y42.480 F2000
G0 Y42.560 F3000
G1 X17.000 Y42.560 F2000
G0 Y42.640 F3000
G1 X10.000 Y42.640 F2000
G0 Y42.720 F3000
G1 X17.000 Y42.720 F2000
G0 Y42.800 F3000
G1 X10.000 Y42.800 F2000
G0 Y42.880 F3000
G1 X17.000 Y42.880 F2000
G0 Y42.960 F3000
G1 X10.000 Y42.960 F2000
G0 Y43.040 F3000
G1 X17.000 Y43.040 F2000
G0 Y43.120 F3000
G1 X10.000 Y43.120 F2000
G0 Y43.200 F3000
G1 X17.000 Y43.200 F2000
G0 Y43.280 F3000
G1 X10.000 Y43.280 F2000
G0 Y43.360 F3000
G1 X17.000 Y43.360 F2000
G0 Y43.440 F3000
G1 X10.000 Y43.440 F2000
G0 Y43.520 F3000
G1 X17.000 Y43.520 F2000
G0 Y43.600 F3000
G1 X10.000 Y43.600 F2000
G0 Y43.680 F3000
G1 X17.000 Y43.680 F2000
G0 Y43.760 F3000
G1 X10.000 Y43.760 F2000
G0 Y43.840 F3000
G1 X17.000 Y43.840 F2000
G0 Y43.920 F3000
G1 X10.000 Y43.920 F2000
G0 Y44.000 F3000
G1 X17.000 Y44.000 F2000
G0 Y44.080 F3000
G1 X10.000 Y44.080 F2000
G0 Y44.160 F3000
G1 X17.000 Y44.160 F2000
G0 Y44.240 F3000
G1 X10.000 Y44.240 F2000
G0 Y44.320 F3000
G1 X17.000 Y44.320 F2000
G0 Y44.400 F3000
G1 X10.000 Y44.400 F2000
G0 Y44.480 F3000
G1 X17.000 Y44.480 F2000
G0 Y44.560 F3000
G1 X10.000 Y44.560 F2000
G0 Y44.640 F3000
G1 X17.000 Y44.640 F2000
G0 Y44.720 F3000
G1 X10.000 Y44.720 F2000
G0 Y44.800 F3000
G1 X17.000 Y44.800 F2000
G0 Y44.880 F3000
G1 X10.000 Y44.880 F2000
G0 Y44.960 F3000
G1 X17.000 Y44.960 F2000
G0 Y45.040 F3000
G1 X10.000 Y45.040 F2000
G0 Y45.120 F3000
G1 X17.000 Y45.120 F2000
G0 Y45.200 F3000
G1 X10.000 Y45.200 F2000
G0 Y45.280 F3000
G1 X17.000 Y45.280 F2000
G0 Y45.360 F3000
G1 X10.000 Y45.360 F2000
G0 Y45.440 F3000
G1 X17.000 Y45.440 F2000
G0 Y45.520 F3000
G1 X10.000 Y45.520 F2000
G0 Y45.600 F3000
G1 X17.000 Y45.600 F2000
G0 Y45.680 F3000
G1 X10.000 Y45.680 F2000
G0 Y45.760 F3000
G1 X17.000 Y45.760 F2000
G0 Y45.840 F3000
G1 X10.000 Y45.840 F2000
G0 Y45.920 F3000
G1 X17.000 Y45.920 F2000
G0 Y46.000 F3000
G1 X10.000 Y46.000 F2000
G0 Y46.080 F3000
G1 X17.000 Y46.080 F2000
G0 Y46.160 F3000
G1 X10.000 Y46.160 F2000
G0 Y46.240 F3000
G1 X17.000 Y46.240 F2000
G0 Y46.320 F3000
G1 X10.000 Y46.320 F2000
G0 Y46.400 F3000
G1 X17.000 Y46.400 F2000
G0 Y46.480 F3000
G1 X10.000 Y46.480 F2000
G0 Y46.560 F3000
G1 X17.000 Y46.560 F2000
G0 Y46.640 F3000
G1 X10.000 Y46.640 F2000
G0 Y46.720 F3000
G1 X17.000 Y46.720 F2000
G0 Y46.800 F3000
G1 X10.000 Y46.800 F2000
G0 Y46.880 F3000
G1 X17.000 Y46.880 F2000
G0 Y46.960 F3000
G1 X10.000 Y46.960 F2000
M5
G0 X10.000 Y49.700 F3000
M4 S2000
G1 X10.648 Y49.700 F1500
M5
G0 X10.000 Y49.700 F3000
M4 S2000
G1 X10.000 Y49.160 F1500
M5
G0 X10.000 Y49.160 F3000
M4 S2000
G1 X10.000 Y48.620 F1500
M5
G0 X10.000 Y48.620 F3000
M4 S2000
G1 X10.648 Y48.620 F1500
M5
G0 X10.648 Y49.160 F3000
M4 S2000
G1 X10.648 Y48.620 F1500
M5
G0 X10.000 Y49.160 F3000
M4 S2000
G1 X10.648 Y49.160 F1500
M5
G0 X10.864 Y49.160 F3000
M4 S2000
G1 X11.512 Y49.160 F1500
M5
G0 X11.728 Y49.700 F3000
M4 S2000
G1 X12.376 Y49.700 F1500
M5
G0 X12.376 Y49.700 F3000
M4 S2000
G1 X12.376 Y49.160 F1500
M5
G0 X12.376 Y49.160 F3000
M4 S2000
G1 X12.376 Y48.620 F1500
M5
G0 X11.728 Y48.620 F3000
M4 S2000
G1 X12.376 Y48.620 F1500
M5
G0 X11.728 Y49.160 F3000
M4 S2000
G1 X11.728 Y48.620 F1500
M5
G0 X11.728 Y49.700 F3000
M4 S2000
G1 X11.728 Y49.160 F1500
M5
G0 X12.592 Y49.700 F3000
M4 S2000
G1 X13.240 Y49.700 F1500
M5
G0 X13.240 Y49.700 F3000
M4 S2000
G1 X13.240 Y49.160 F1500
M5
G0 X12.592 Y49.160 F3000
M4 S2000
G1 X13.240 Y49.160 F1500
M5
G0 X12.592 Y49.160 F3000
M4 S2000
G1 X12.592 Y48.620 F1500
M5
G0 X12.592 Y48.620 F3000
M4 S2000
G1 X13.240 Y48.620 F1500
M5
G0 X13.456 Y49.700 F3000
M4 S2000
G1 X14.104 Y49.700 F1500
M5
G0 X14.104 Y49.700 F3000
M4 S2000
G1 X14.104 Y49.160 F1500
M5
G0 X13.456 Y49.160 F3000
M4 S2000
G1 X14.104 Y49.160 F1500
M5
G0 X13.456 Y49.160 F3000
M4 S2000
G1 X13.456 Y48.620 F1500
M5
G0 X13.456 Y48.620 F3000
M4 S2000
G1 X14.104 Y48.620 F1500
M5
G0 X20.000 Y40.000 F3000
M4 S8000
G1 X27.000 Y40.000 F2500
G0 Y40.080 F3000
G1 X20.000 Y40.080 F2500
G0 Y40.160 F3000
G1 X27.000 Y40.160 F2500
G0 Y40.240 F3000
G1 X20.000 Y40.240 F2500
G0 Y40.320 F3000
G1 X27.000 Y40.320 F2500
G0 Y40.400 F3000
G1 X20.000 Y40.400 F2500
G0 Y40.480 F3000
G1 X27.000 Y40.480 F2500
G0 Y40.560 F3000
G1 X20.000 Y40.560 F2500
G0 Y40.640 F3000
G1 X27.000 Y40.640 F2500
G0 Y40.720 F3000
G1 X20.000 Y40.720 F2500
G0 Y40.800 F3000
G1 X27.000 Y40.800 F2500
G0 Y40.880 F3000
G1 X20.000 Y40.880 F2500
G0 Y40.960 F3000
G1 X27.000 Y40.960 F2500
G0 Y41.040 F3000
G1 X20.000 Y41.040 F2500
G0 Y41.120 F3000
G1 X27.000 Y41.120 F2500
G0 Y41.200 F3000
G1 X20.000 Y41.200 F2500
G0 Y41.280 F3000
G1 X27.000 Y41.280 F2500
G0 Y41.360 F3000
G1 X20.000 Y41.360 F2500
G0 Y41.440 F3000
G1 X27.000 Y41.440 F2500
G0 Y41.520 F3000
G1 X20.000 Y41.520 F2500
G0 Y41.600 F3000
G1 X27.000 Y41.600 F2500
G0 Y41.680 F3000
G1 X20.000 Y41.680 F2500
G0 Y41.760 F3000
G1 X27.000 Y41.760 F2500
G0 Y41.840 F3000
G1 X20.000 Y41.840 F2500
G0 Y41.920 F3000
G1 X27.000 Y41.920 F2500
G0 Y42.000 F3000
G1 X20.000 Y42.000 F2500
G0 Y42.080 F3000
G1 X27.000 Y42.080 F2500
G0 Y42.160 F3000
G1 X20.000 Y42.160 F2500
G0 Y42.240 F3000
G1 X27.000 Y42.240 F2500
G0 Y42.320 F3000
G1 X20.000 Y42.320 F2500
G0 Y42.400 F3000
G1 X27.000 Y42.400 F2500
G0 Y42.480 F3000
G1 X20.000 Y42.480 F2500
G0 Y42.560 F3000
G1 X27.000 Y42.560 F2500
G0 Y42.640 F3000
G1 X20.000 Y42.640 F2500
G0 Y42.720 F3000
G1 X27.000 Y42.720 F2500
G0 Y42.800 F3000
G1 X20.000 Y42.800 F2500
G0 Y42.880 F3000
G1 X27.000 Y42.880 F2500
G0 Y42.960 F3000
G1 X20.000 Y42.960 F2500
G0 Y43.040 F3000
G1 X27.000 Y43.040 F2500
G0 Y43.120 F3000
G1 X20.000 Y43.120 F2500
G0 Y43.200 F3000
G1 X27.000 Y43.200 F2500
G0 Y43.280 F3000
G1 X20.000 Y43.280 F2500
G0 Y43.360 F3000
G1 X27.000 Y43.360 F2500
G0 Y43.440 F3000
G1 X20.000 Y43.440 F2500
G0 Y43.520 F3000
G1 X27.000 Y43.520 F2500
G0 Y43.600 F3000
G1 X20.000 Y43.600 F2500
G0 Y43.680 F3000
G1 X27.000 Y43.680 F2500
G0 Y43.760 F3000
G1 X20.000 Y43.760 F2500
G0 Y43.840 F3000
G1 X27.000 Y43.840 F2500
G0 Y43.920 F3000
G1 X20.000 Y43.920 F2500
G0 Y44.000 F3000
G1 X27.000 Y44.000 F2500
G0 Y44.080 F3000
G1 X20.000 Y44.080 F2500
G0 Y44.160 F3000
G1 X27.000 Y44.160 F2500
G0 Y44.240 F3000
G1 X20.000 Y44.240 F2500
G0 Y44.320 F3000
G1 X27.000 Y44.320 F2500
G0 Y44.400 F3000
G1 X20.000 Y44.400 F2500
G0 Y44.480 F3000
G1 X27.000 Y44.480 F2500
G0 Y44.560 F3000
G1 X20.000 Y44.560 F2500
G0 Y44.640 F3000
G1 X27.000 Y44.640 F2500
G0 Y44.720 F3000
G1 X20.000 Y44.720 F2500
G0 Y44.800 F3000
G1 X27.000 Y44.800 F2500
G0 Y44.880 F3000
G1 X20.000 Y44.880 F2500
G0 Y44.960 F3000
G1 X27.000 Y44.960 F2500
G0 Y45.040 F3000
G1 X20.000 Y45.040 F2500
G0 Y45.120 F3000
G1 X27.000 Y45.120 F2500
G0 Y45.200 F3000
G1 X20.000 Y45.200 F2500
G0 Y45.280 F3000
G1 X27.000 Y45.280 F2500
G0 Y45.360 F3000
G1 X20.000 Y45.360 F2500
G0 Y45.440 F3000
G1 X27.000 Y45.440 F2500
G0 Y45.520 F3000
G1 X20.000 Y45.520 F2500
G0 Y45.600 F3000
G1 X27.000 Y45.600 F2500
G0 Y45.680 F3000
G1 X20.000 Y45.680 F2500
G0 Y45.760 F3000
G1 X27.000 Y45.760 F2500
G0 Y45.840 F3000
G1 X20.000 Y45.840 F2500
G0 Y45.920 F3000
G1 X27.000 Y45.920 F2500
G0 Y46.000 F3000
G1 X20.000 Y46.000 F2500
G0 Y46.080 F3000
G1 X27.000 Y46.080 F2500
G0 Y46.160 F3000
G1 X20.000 Y46.160 F2500
G0 Y46.240 F3000
G1 X27.000 Y46.240 F2500
G0 Y46.320 F3000
G1 X20.000 Y46.320 F2500
G0 Y46.400 F3000
G1 X27.000 Y46.400 F2500
G0 Y46.480 F3000
G1 X20.000 Y46.480 F2500
G0 Y46.560 F3000
G1 X27.000 Y46.560 F2500
G0 Y46.640 F3000
G1 X20.000 Y46.640 F2500
G0 Y46.720 F3000
G1 X27.000 Y46.720 F2500
G0 Y46.800 F3000
G1 X20.000 Y46.800 F2500
G0 Y46.880 F3000
G1 X27.000 Y46.880 F2500
G0 Y46.960 F3000
G1 X20.000 Y46.960 F2500
M5
G0 X20.000 Y49.700 F3000
M4 S2000
G1 X20.648 Y49.700 F1500
M5
G0 X20.000 Y49.700 F3000
M4 S2000
G1 X20.000 Y49.160 F1500
M5
G0 X20.000 Y49.160 F3000
M4 S2000
G1 X20.000 Y48.620 F1500
M5
G0 X20.000 Y48.620 F3000
M4 S2000
G1 X20.648 Y48.620 F1500
M5
G0 X20.648 Y49.160 F3000
M4 S2000
G1 X20.648 Y48.620 F1500
M5
G0 X20.000 Y49.160 F3000
M4 S2000
G1 X20.648 Y49.160 F1500
M5
G0 X20.864 Y49.160 F3000
M4 S2000
G1 X21.512 Y49.160 F1500
M5
G0 X21.728 Y49.700 F3000
M4 S2000
G1 X22.376 Y49.700 F1500
M5
G0 X22.376 Y49.700 F3000
M4 S2000
G1 X22.376 Y49.160 F1500
M5
G0 X22.376 Y49.160 F3000
M4 S2000
G1 X22.376 Y48.620 F1500
M5
G0 X21.728 Y48.620 F3000
M4 S2000
G1 X22.376 Y48.620 F1500
M5
G0 X21.728 Y49.160 F3000
M4 S2000
G1 X21.728 Y48.620 F1500
M5
G0 X21.728 Y49.700 F3000
M4 S2000
G1 X21.728 Y49.160 F1500
M5
G0 X22.592 Y49.700 F3000
M4 S2000
G1 X23.240 Y49.700 F1500
M5
G0 X23.240 Y49.700 F3000
M4 S2000
G1 X23.240 Y49.160 F1500
M5
G0 X22.592 Y49.160 F3000
M4 S2000
G1 X23.240 Y49.160 F1500
M5
G0 X22.592 Y49.160 F3000
M4 S2000
G1 X22.592 Y48.620 F1500
M5
G0 X22.592 Y48.620 F3000
M4 S2000
G1 X23.240 Y48.620 F1500
M5
G0 X23.456 Y49.700 F3000
M4 S2000
G1 X24.104 Y49.700 F1500
M5
G0 X24.104 Y49.700 F3000
M4 S2000
G1 X24.104 Y49.160 F1500
M5
G0 X23.456 Y49.160 F3000
M4 S2000
G1 X24.104 Y49.160 F1500
M5
G0 X24.104 Y49.160 F3000
M4 S2000
G1 X24.104 Y48.620 F1500
M5
G0 X23.456 Y48.620 F3000
M4 S2000
G1 X24.104 Y48.620 F1500
M5
G0 X30.000 Y40.000 F3000
M4 S8000
G1 X37.000 Y40.000 F3000
G0 Y40.080 F3000
G1 X30.000 Y40.080 F3000
G0 Y40.160 F3000
G1 X37.000 Y40.160 F3000
G0 Y40.240 F3000
G1 X30.000 Y40.240 F3000
G0 Y40.320 F3000
G1 X37.000 Y40.320 F3000
G0 Y40.400 F3000
G1 X30.000 Y40.400 F3000
G0 Y40.480 F3000
G1 X37.000 Y40.480 F3000
G0 Y40.560 F3000
G1 X30.000 Y40.560 F3000
G0 Y40.640 F3000
G1 X37.000 Y40.640 F3000
G0 Y40.720 F3000
G1 X30.000 Y40.720 F3000
G0 Y40.800 F3000
G1 X37.000 Y40.800 F3000
G0 Y40.880 F3000
G1 X30.000 Y40.880 F3000
G0 Y40.960 F3000
G1 X37.000 Y40.960 F3000
G0 Y41.040 F3000
G1 X30.000 Y41.040 F3000
G0 Y41.120 F3000
G1 X37.000 Y41.120 F3000
G0 Y41.200 F3000
G1 X30.000 Y41.200 F3000
G0 Y41.280 F3000
G1 X37.000 Y41.280 F3000
G0 Y41.360 F3000
G1 X30.000 Y41.360 F3000
G0 Y41.440 F3000
G1 X37.000 Y41.440 F3000
G0 Y41.520 F3000
G1 X30.000 Y41.520 F3000
G0 Y41.600 F3000
G1 X37.000 Y41.600 F3000
G0 Y41.680 F3000
G1 X30.000 Y41.680 F3000
G0 Y41.760 F3000
G1 X37.000 Y41.760 F3000
G0 Y41.840 F3000
G1 X30.000 Y41.840 F3000
G0 Y41.920 F3000
G1 X37.000 Y41.920 F3000
G0 Y42.000 F3000
G1 X30.000 Y42.000 F3000
G0 Y42.080 F3000
G1 X37.000 Y42.080 F3000
G0 Y42.160 F3000
G1 X30.000 Y42.160 F3000
G0 Y42.240 F3000
G1 X37.000 Y42.240 F3000
G0 Y42.320 F3000
G1 X30.000 Y42.320 F3000
G0 Y42.400 F3000
G1 X37.000 Y42.400 F3000
G0 Y42.480 F3000
G1 X30.000 Y42.480 F3000
G0 Y42.560 F3000
G1 X37.000 Y42.560 F3000
G0 Y42.640 F3000
G1 X30.000 Y42.640 F3000
G0 Y42.720 F3000
G1 X37.000 Y42.720 F3000
G0 Y42.800 F3000
G1 X30.000 Y42.800 F3000
G0 Y42.880 F3000
G1 X37.000 Y42.880 F3000
G0 Y42.960 F3000
G1 X30.000 Y42.960 F3000
G0 Y43.040 F3000
G1 X37.000 Y43.040 F3000
G0 Y43.120 F3000
G1 X30.000 Y43.120 F3000
G0 Y43.200 F3000
G1 X37.000 Y43.200 F3000
G0 Y43.280 F3000
G1 X30.000 Y43.280 F3000
G0 Y43.360 F3000
G1 X37.000 Y43.360 F3000
G0 Y43.440 F3000
G1 X30.000 Y43.440 F3000
G0 Y43.520 F3000
G1 X37.000 Y43.520 F3000
G0 Y43.600 F3000
G1 X30.000 Y43.600 F3000
G0 Y43.680 F3000
G1 X37.000 Y43.680 F3000
G0 Y43.760 F3000
G1 X30.000 Y43.760 F3000
G0 Y43.840 F3000
G1 X37.000 Y43.840 F3000
G0 Y43.920 F3000
G1 X30.000 Y43.920 F3000
G0 Y44.000 F3000
G1 X37.000 Y44.000 F3000
G0 Y44.080 F3000
G1 X30.000 Y44.080 F3000
G0 Y44.160 F3000
G1 X37.000 Y44.160 F3000
G0 Y44.240 F3000
G1 X30.000 Y44.240 F3000
G0 Y44.320 F3000
G1 X37.000 Y44.320 F3000
G0 Y44.400 F3000
G1 X30.000 Y44.400 F3000
G0 Y44.480 F3000
G1 X37.000 Y44.480 F3000
G0 Y44.560 F3000
G1 X30.000 Y44.560 F3000
G0 Y44.640 F3000
G1 X37.000 Y44.640 F3000
G0 Y44.720 F3000
G1 X30.000 Y44.720 F3000
G0 Y44.800 F3000
G1 X37.000 Y44.800 F3000
G0 Y44.880 F3000
G1 X30.000 Y44.880 F3000
G0 Y44.960 F3000
G1 X37.000 Y44.960 F3000
G0 Y45.040 F3000
G1 X30.000 Y45.040 F3000
G0 Y45.120 F3000
G1 X37.000 Y45.120 F3000
G0 Y45.200 F3000
G1 X30.000 Y45.200 F3000
G0 Y45.280 F3000
G1 X37.000 Y45.280 F3000
G0 Y45.360 F3000
G1 X30.000 Y45.360 F3000
G0 Y45.440 F3000
G1 X37.000 Y45.440 F3000
G0 Y45.520 F3000
G1 X30.000 Y45.520 F3000
G0 Y45.600 F3000
G1 X37.000 Y45.600 F3000
G0 Y45.680 F3000
G1 X30.000 Y45.680 F3000
G0 Y45.760 F3000
G1 X37.000 Y45.760 F3000
G0 Y45.840 F3000
G1 X30.000 Y45.840 F3000
G0 Y45.920 F3000
G1 X37.000 Y45.920 F3000
G0 Y46.000 F3000
G1 X30.000 Y46.000 F3000
G0 Y46.080 F3000
G1 X37.000 Y46.080 F3000
G0 Y46.160 F3000
G1 X30.000 Y46.160 F3000
G0 Y46.240 F3000
G1 X37.000 Y46.240 F3000
G0 Y46.320 F3000
G1 X30.000 Y46.320 F3000
G0 Y46.400 F3000
G1 X37.000 Y46.400 F3000
G0 Y46.480 F3000
G1 X30.000 Y46.480 F3000
G0 Y46.560 F3000
G1 X37.000 Y46.560 F3000
G0 Y46.640 F3000
G1 X30.000 Y46.640 F3000
G0 Y46.720 F3000
G1 X37.000 Y46.720 F3000
G0 Y46.800 F3000
G1 X30.000 Y46.800 F3000
G0 Y46.880 F3000
G1 X37.000 Y46.880 F3000
G0 Y46.960 F3000
G1 X30.000 Y46.960 F3000
M5
G0 X30.000 Y49.700 F3000
M4 S2000
G1 X30.648 Y49.700 F1500
M5
G0 X30.000 Y49.700 F3000
M4 S2000
G1 X30.000 Y49.160 F1500
M5
G0 X30.000 Y49.160 F3000
M4 S2000
G1 X30.000 Y48.620 F1500
M5
G0 X30.000 Y48.620 F3000
M4 S2000
G1 X30.648 Y48.620 F1500
M5
G0 X30.648 Y49.160 F3000
M4 S2000
G1 X30.648 Y48.620 F1500
M5
G0 X30.000 Y49.160 F3000
M4 S2000
G1 X30.648 Y49.160 F1500
M5
G0 X30.864 Y49.160 F3000
M4 S2000
G1 X31.512 Y49.160 F1500
M5
G0 X31.728 Y49.700 F3000
M4 S2000
G1 X32.376 Y49.700 F1500
M5
G0 X32.376 Y49.700 F3000
M4 S2000
G1 X32.376 Y49.160 F1500
M5
G0 X32.376 Y49.160 F3000
M4 S2000
G1 X32.376 Y48.620 F1500
M5
G0 X31.728 Y48.620 F3000
M4 S2000
G1 X32.376 Y48.620 F1500
M5
G0 X31.728 Y49.160 F3000
M4 S2000
G1 X31.728 Y48.620 F1500
M5
G0 X31.728 Y49.700 F3000
M4 S2000
G1 X31.728 Y49.160 F1500
M5
G0 X32.592 Y49.700 F3000
M4 S2000
G1 X33.240 Y49.700 F1500
M5
G0 X33.240 Y49.700 F3000
M4 S2000
G1 X33.240 Y49.160 F1500
M5
G0 X32.592 Y49.160 F3000
M4 S2000
G1 X33.240 Y49.160 F1500
M5
G0 X32.592 Y49.160 F3000
M4 S2000
G1 X32.592 Y48.620 F1500
M5
G0 X32.592 Y48.620 F3000
M4 S2000
G1 X33.240 Y48.620 F1500
M5
G0 X33.456 Y49.700 F3000
M4 S2000
G1 X33.456 Y49.160 F1500
M5
G0 X33.456 Y49.160 F3000
M4 S2000
G1 X34.104 Y49.160 F1500
M5
G0 X34.104 Y49.700 F3000
M4 S2000
G1 X34.104 Y49.160 F1500
M5
G0 X34.104 Y49.160 F3000
M4 S2000
G1 X34.104 Y48.620 F1500
M5
G0 X40.000 Y40.000 F3000
M4 S8000
G1 X47.000 Y40.000 F3500
G0 Y40.080 F3000
G1 X40.000 Y40.080 F3500
G0 Y40.160 F3000
G1 X47.000 Y40.160 F3500
G0 Y40.240 F3000
G1 X40.000 Y40.240 F3500
G0 Y40.320 F3000
G1 X47.000 Y40.320 F3500
G0 Y40.400 F3000
G1 X40.000 Y40.400 F3500
G0 Y40.480 F3000
G1 X47.000 Y40.480 F3500
G0 Y40.560 F3000
G1 X40.000 Y40.560 F3500
G0 Y40.640 F3000
G1 X47.000 Y40.640 F3500
G0 Y40.720 F3000
G1 X40.000 Y40.720 F3500
G0 Y40.800 F3000
G1 X47.000 Y40.800 F3500
G0 Y40.880 F3000
G1 X40.000 Y40.880 F3500
G0 Y40.960 F3000
G1 X47.000 Y40.960 F3500
G0 Y41.040 F3000
G1 X40.000 Y41.040 F3500
G0 Y41.120 F3000
G1 X47.000 Y41.120 F3500
G0 Y41.200 F3000
G1 X40.000 Y41.200 F3500
G0 Y41.280 F3000
G1 X47.000 Y41.280 F3500
G0 Y41.360 F3000
G1 X40.000 Y41.360 F3500
G0 Y41.440 F3000
G1 X47.000 Y41.440 F3500
G0 Y41.520 F3000
G1 X40.000 Y41.520 F3500
G0 Y41.600 F3000
G1 X47.000 Y41.600 F3500
G0 Y41.680 F3000
G1 X40.000 Y41.680 F3500
G0 Y41.760 F3000
G1 X47.000 Y41.760 F3500
G0 Y41.840 F3000
G1 X40.000 Y41.840 F3500
G0 Y41.920 F3000
G1 X47.000 Y41.920 F3500
G0 Y42.000 F3000
G1 X40.000 Y42.000 F3500
G0 Y42.080 F3000
G1 X47.000 Y42.080 F3500
G0 Y42.160 F3000
G1 X40.000 Y42.160 F3500
G0 Y42.240 F3000
G1 X47.000 Y42.240 F3500
G0 Y42.320 F3000
G1 X40.000 Y42.320 F3500
G0 Y42.400 F3000
G1 X47.000 Y42.400 F3500
G0 Y42.480 F3000
G1 X40.000 Y42.480 F3500
G0 Y42.560 F3000
G1 X47.000 Y42.560 F3500
G0 Y42.640 F3000
G1 X40.000 Y42.640 F3500
G0 Y42.720 F3000
G1 X47.000 Y42.720 F3500
G0 Y42.800 F3000
G1 X40.000 Y42.800 F3500
G0 Y42.880 F3000
G1 X47.000 Y42.880 F3500
G0 Y42.960 F3000
G1 X40.000 Y42.960 F3500
G0 Y43.040 F3000
G1 X47.000 Y43.040 F3500
G0 Y43.120 F3000
G1 X40.000 Y43.120 F3500
G0 Y43.200 F3000
G1 X47.000 Y43.200 F3500
G0 Y43.280 F3000
G1 X40.000 Y43.280 F3500
G0 Y43.360 F3000
G1 X47.000 Y43.360 F3500
G0 Y43.440 F3000
G1 X40.000 Y43.440 F3500
G0 Y43.520 F3000
G1 X47.000 Y43.520 F3500
G0 Y43.600 F3000
G1 X40.000 Y43.600 F3500
G0 Y43.680 F3000
G1 X47.000 Y43.680 F3500
G0 Y43.760 F3000
G1 X40.000 Y43.760 F3500
G0 Y43.840 F3000
G1 X47.000 Y43.840 F3500
G0 Y43.920 F3000
G1 X40.000 Y43.920 F3500
G0 Y44.000 F3000
G1 X47.000 Y44.000 F3500
G0 Y44.080 F3000
G1 X40.000 Y44.080 F3500
G0 Y44.160 F3000
G1 X47.000 Y44.160 F3500
G0 Y44.240 F3000
G1 X40.000 Y44.240 F3500
G0 Y44.320 F3000
G1 X47.000 Y44.320 F3500
G0 Y44.400 F3000
G1 X40.000 Y44.400 F3500
G0 Y44.480 F3000
G1 X47.000 Y44.480 F3500
G0 Y44.560 F3000
G1 X40.000 Y44.560 F3500
G0 Y44.640 F3000
G1 X47.000 Y44.640 F3500
G0 Y44.720 F3000
G1 X40.000 Y44.720 F3500
G0 Y44.800 F3000
G1 X47.000 Y44.800 F3500
G0 Y44.880 F3000
G1 X40.000 Y44.880 F3500
G0 Y44.960 F3000
G1 X47.000 Y44.960 F3500
G0 Y45.040 F3000
G1 X40.000 Y45.040 F3500
G0 Y45.120 F3000
G1 X47.000 Y45.120 F3500
G0 Y45.200 F3000
G1 X40.000 Y45.200 F3500
G0 Y45.280 F3000
G1 X47.000 Y45.280 F3500
G0 Y45.360 F3000
G1 X40.000 Y45.360 F3500
G0 Y45.440 F3000
G1 X47.000 Y45.440 F3500
G0 Y45.520 F3000
G1 X40.000 Y45.520 F3500
G0 Y45.600 F3000
G1 X47.000 Y45.600 F3500
G0 Y45.680 F3000
G1 X40.000 Y45.680 F3500
G0 Y45.760 F3000
G1 X47.000 Y45.760 F3500
G0 Y45.840 F3000
G1 X40.000 Y45.840 F3500
G0 Y45.920 F3000
G1 X47.000 Y45.920 F3500
G0 Y46.000 F3000
G1 X40.000 Y46.000 F3500
G0 Y46.080 F3000
G1 X47.000 Y46.080 F3500
G0 Y46.160 F3000
G1 X40.000 Y46.160 F3500
G0 Y46.240 F3000
G1 X47.000 Y46.240 F3500
G0 Y46.320 F3000
G1 X40.000 Y46.320 F3500
G0 Y46.400 F3000
G1 X47.000 Y46.400 F3500
G0 Y46.480 F3000
G1 X40.000 Y46.480 F3500
G0 Y46.560 F3000
G1 X47.000 Y46.560 F3500
G0 Y46.640 F3000
G1 X40.000 Y46.640 F3500
G0 Y46.720 F3000
G1 X47.000 Y46.720 F3500
G0 Y46.800 F3000
G1 X40.000 Y46.800 F3500
G0 Y46.880 F3000
G1 X47.000 Y46.880 F3500
G0 Y46.960 F3000
G1 X40.000 Y46.960 F3500
M5
G0 X40.000 Y49.700 F3000
M4 S2000
G1 X40.648 Y49.700 F1500
M5
G0 X40.000 Y49.700 F3000
M4 S2000
G1 X40.000 Y49.160 F1500
M5
G0 X40.000 Y49.160 F3000
M4 S2000
G1 X40.000 Y48.620 F1500
M5
G0 X40.000 Y48.620 F3000
M4 S2000
G1 X40.648 Y48.620 F1500
M5
G0 X40.648 Y49.160 F3000
M4 S2000
G1 X40.648 Y48.620 F1500
M5
G0 X40.000 Y49.160 F3000
M4 S2000
G1 X40.648 Y49.160 F1500
M5
G0 X40.864 Y49.160 F3000
M4 S2000
G1 X41.512 Y49.160 F1500
M5
G0 X41.728 Y49.700 F3000
M4 S2000
G1 X42.376 Y49.700 F1500
M5
G0 X42.376 Y49.700 F3000
M4 S2000
G1 X42.376 Y49.160 F1500
M5
G0 X42.376 Y49.160 F3000
M4 S2000
G1 X42.376 Y48.620 F1500
M5
G0 X41.728 Y48.620 F3000
M4 S2000
G1 X42.376 Y48.620 F1500
M5
G0 X41.728 Y49.160 F3000
M4 S2000
G1 X41.728 Y48.620 F1500
M5
G0 X41.728 Y49.700 F3000
M4 S2000
G1 X41.728 Y49.160 F1500
M5
G0 X42.592 Y49.700 F3000
M4 S2000
G1 X43.240 Y49.700 F1500
M5
G0 X43.240 Y49.700 F3000
M4 S2000
G1 X43.240 Y49.160 F1500
M5
G0 X42.592 Y49.160 F3000
M4 S2000
G1 X43.240 Y49.160 F1500
M5
G0 X42.592 Y49.160 F3000
M4 S2000
G1 X42.592 Y48.620 F1500
M5
G0 X42.592 Y48.620 F3000
M4 S2000
G1 X43.240 Y48.620 F1500
M5
G0 X43.456 Y49.700 F3000
M4 S2000
G1 X44.104 Y49.700 F1500
M5
G0 X43.456 Y49.700 F3000
M4 S2000
G1 X43.456 Y49.160 F1500
M5
G0 X43.456 Y49.160 F3000
M4 S2000
G1 X44.104 Y49.160 F1500
M5
G0 X44.104 Y49.160 F3000
M4 S2000
G1 X44.104 Y48.620 F1500
M5
G0 X43.456 Y48.620 F3000
M4 S2000
G1 X44.104 Y48.620 F1500
M5
G0 X40.000 Y50.000 F3000
M4 S10000
G1 X47.000 Y50.000 F3500
G0 Y50.080 F3000
G1 X40.000 Y50.080 F3500
G0 Y50.160 F3000
G1 X47.000 Y50.160 F3500
G0 Y50.240 F3000
G1 X40.000 Y50.240 F3500
G0 Y50.320 F3000
G1 X47.000 Y50.320 F3500
G0 Y50.400 F3000
G1 X40.000 Y50.400 F3500
G0 Y50.480 F3000
G1 X47.000 Y50.480 F3500
G0 Y50.560 F3000
G1 X40.000 Y50.560 F3500
G0 Y50.640 F3000
G1 X47.000 Y50.640 F3500
G0 Y50.720 F3000
G1 X40.000 Y50.720 F3500
G0 Y50.800 F3000
G1 X47.000 Y50.800 F3500
G0 Y50.880 F3000
G1 X40.000 Y50.880 F3500
G0 Y50.960 F3000
G1 X47.000 Y50.960 F3500
G0 Y51.040 F3000
G1 X40.000 Y51.040 F3500
G0 Y51.120 F3000
G1 X47.000 Y51.120 F3500
G0 Y51.200 F3000
G1 X40.000 Y51.200 F3500
G0 Y51.280 F3000
G1 X47.000 Y51.280 F3500
G0 Y51.360 F3000
G1 X40.000 Y51.360 F3500
G0 Y51.440 F3000
G1 X47.000 Y51.440 F3500
G0 Y51.520 F3000
G1 X40.000 Y51.520 F3500
G0 Y51.600 F3000
G1 X47.000 Y51.600 F3500
G0 Y51.680 F3000
G1 X40.000 Y51.680 F3500
G0 Y51.760 F3000
G1 X47.000 Y51.760 F3500
G0 Y51.840 F3000
G1 X40.000 Y51.840 F3500
G0 Y51.920 F3000
G1 X47.000 Y51.920 F3500
G0 Y52.000 F3000
G1 X40.000 Y52.000 F3500
G0 Y52.080 F3000
G1 X47.000 Y52.080 F3500
G0 Y52.160 F3000
G1 X40.000 Y52.160 F3500
G0 Y52.240 F3000
G1 X47.000 Y52.240 F3500
G0 Y52.320 F3000
G1 X40.000 Y52.320 F3500
G0 Y52.400 F3000
G1 X47.000 Y52.400 F3500
G0 Y52.480 F3000
G1 X40.000 Y52.480 F3500
G0 Y52.560 F3000
G1 X47.000 Y52.560 F3500
G0 Y52.640 F3000
G1 X40.000 Y52.640 F3500
G0 Y52.720 F3000
G1 X47.000 Y52.720 F3500
G0 Y52.800 F3000
G1 X40.000 Y52.800 F3500
G0 Y52.880 F3000
G1 X47.000 Y52.880 F3500
G0 Y52.960 F3000
G1 X40.000 Y52.960 F3500
G0 Y53.040 F3000
G1 X47.000 Y53.040 F3500
G0 Y53.120 F3000
G1 X40.000 Y53.120 F3500
G0 Y53.200 F3000
G1 X47.000 Y53.200 F3500
G0 Y53.280 F3000
G1 X40.000 Y53.280 F3500
G0 Y53.360 F3000
G1 X47.000 Y53.360 F3500
G0 Y53.440 F3000
G1 X40.000 Y53.440 F3500
G0 Y53.520 F3000
G1 X47.000 Y53.520 F3500
G0 Y53.600 F3000
G1 X40.000 Y53.600 F3500
G0 Y53.680 F3000
G1 X47.000 Y53.680 F3500
G0 Y53.760 F3000
G1 X40.000 Y53.760 F3500
G0 Y53.840 F3000
G1 X47.000 Y53.840 F3500
G0 Y53.920 F3000
G1 X40.000 Y53.920 F3500
G0 Y54.000 F3000
G1 X47.000 Y54.000 F3500
G0 Y54.080 F3000
G1 X40.000 Y54.080 F3500
G0 Y54.160 F3000
G1 X47.000 Y54.160 F3500
G0 Y54.240 F3000
G1 X40.000 Y54.240 F3500
G0 Y54.320 F3000
G1 X47.000 Y54.320 F3500
G0 Y54.400 F3000
G1 X40.000 Y54.400 F3500
G0 Y54.480 F3000
G1 X47.000 Y54.480 F3500
G0 Y54.560 F3000
G1 X40.000 Y54.560 F3500
G0 Y54.640 F3000
G1 X47.000 Y54.640 F3500
G0 Y54.720 F3000
G1 X40.000 Y54.720 F3500
G0 Y54.800 F3000
G1 X47.000 Y54.800 F3500
G0 Y54.880 F3000
G1 X40.000 Y54.880 F3500
G0 Y54.960 F3000
G1 X47.000 Y54.960 F3500
G0 Y55.040 F3000
G1 X40.000 Y55.040 F3500
G0 Y55.120 F3000
G1 X47.000 Y55.120 F3500
G0 Y55.200 F3000
G1 X40.000 Y55.200 F3500
G0 Y55.280 F3000
G1 X47.000 Y55.280 F3500
G0 Y55.360 F3000
G1 X40.000 Y55.360 F3500
G0 Y55.440 F3000
G1 X47.000 Y55.440 F3500
G0 Y55.520 F3000
G1 X40.000 Y55.520 F3500
G0 Y55.600 F3000
G1 X47.000 Y55.600 F3500
G0 Y55.680 F3000
G1 X40.000 Y55.680 F3500
G0 Y55.760 F3000
G1 X47.000 Y55.760 F3500
G0 Y55.840 F3000
G1 X40.000 Y55.840 F3500
G0 Y55.920 F3000
G1 X47.000 Y55.920 F3500
G0 Y56.000 F3000
G1 X40.000 Y56.000 F3500
G0 Y56.080 F3000
G1 X47.000 Y56.080 F3500
G0 Y56.160 F3000
G1 X40.000 Y56.160 F3500
G0 Y56.240 F3000
G1 X47.000 Y56.240 F3500
G0 Y56.320 F3000
G1 X40.000 Y56.320 F3500
G0 Y56.400 F3000
G1 X47.000 Y56.400 F3500
G0 Y56.480 F3000
G1 X40.000 Y56.480 F3500
G0 Y56.560 F3000
G1 X47.000 Y56.560 F3500
G0 Y56.640 F3000
G1 X40.000 Y56.640 F3500
G0 Y56.720 F3000
G1 X47.000 Y56.720 F3500
G0 Y56.800 F3000
G1 X40.000 Y56.800 F3500
G0 Y56.880 F3000
G1 X47.000 Y56.880 F3500
G0 Y56.960 F3000
G1 X40.000 Y56.960 F3500
M5
G0 X40.000 Y59.700 F3000
M4 S2000
G1 X40.648 Y59.700 F1500
M5
G0 X40.000 Y59.700 F3000
M4 S2000
G1 X40.000 Y59.160 F1500
M5
G0 X40.000 Y59.160 F3000
M4 S2000
G1 X40.000 Y58.620 F1500
M5
G0 X40.000 Y58.620 F3000
M4 S2000
G1 X40.648 Y58.620 F1500
M5
G0 X40.648 Y59.160 F3000
M4 S2000
G1 X40.648 Y58.620 F1500
M5
G0 X40.000 Y59.160 F3000
M4 S2000
G1 X40.648 Y59.160 F1500
M5
G0 X40.864 Y59.160 F3000
M4 S2000
G1 X41.512 Y59.160 F1500
M5
G0 X41.728 Y59.700 F3000
M4 S2000
G1 X42.376 Y59.700 F1500
M5
G0 X42.376 Y59.700 F3000
M4 S2000
G1 X42.376 Y59.160 F1500
M5
G0 X42.376 Y59.160 F3000
M4 S2000
G1 X42.376 Y58.620 F1500
M5
G0 X41.728 Y58.620 F3000
M4 S2000
G1 X42.376 Y58.620 F1500
M5
G0 X41.728 Y59.160 F3000
M4 S2000
G1 X41.728 Y58.620 F1500
M5
G0 X41.728 Y59.700 F3000
M4 S2000
G1 X41.728 Y59.160 F1500
M5
G0 X42.592 Y59.700 F3000
M4 S2000
G1 X43.240 Y59.700 F1500
M5
G0 X43.240 Y59.700 F3000
M4 S2000
G1 X43.240 Y59.160 F1500
M5
G0 X42.592 Y59.160 F3000
M4 S2000
G1 X43.240 Y59.160 F1500
M5
G0 X42.592 Y59.160 F3000
M4 S2000
G1 X42.592 Y58.620 F1500
M5
G0 X42.592 Y58.620 F3000
M4 S2000
G1 X43.240 Y58.620 F1500
M5
G0 X43.456 Y59.700 F3000
M4 S2000
G1 X44.104 Y59.700 F1500
M5
G0 X43.456 Y59.700 F3000
M4 S2000
G1 X43.456 Y59.160 F1500
M5
G0 X43.456 Y59.160 F3000
M4 S2000
G1 X44.104 Y59.160 F1500
M5
G0 X43.456 Y59.160 F3000
M4 S2000
G1 X43.456 Y58.620 F1500
M5
G0 X44.104 Y59.160 F3000
M4 S2000
G1 X44.104 Y58.620 F1500
M5
G0 X43.456 Y58.620 F3000
M4 S2000
G1 X44.104 Y58.620 F1500
M5
G0 X30.000 Y50.000 F3000
M4 S10000
G1 X37.000 Y50.000 F3000
G0 Y50.080 F3000
G1 X30.000 Y50.080 F3000
G0 Y50.160 F3000
G1 X37.000 Y50.160 F3000
G0 Y50.240 F3000
G1 X30.000 Y50.240 F3000
G0 Y50.320 F3000
G1 X37.000 Y50.320 F3000
G0 Y50.400 F3000
G1 X30.000 Y50.400 F3000
G0 Y50.480 F3000
G1 X37.000 Y50.480 F3000
G0 Y50.560 F3000
G1 X30.000 Y50.560 F3000
G0 Y50.640 F3000
G1 X37.000 Y50.640 F3000
G0 Y50.720 F3000
G1 X30.000 Y50.720 F3000
G0 Y50.800 F3000
G1 X37.000 Y50.800 F3000
G0 Y50.880 F3000
G1 X30.000 Y50.880 F3000
G0 Y50.960 F3000
G1 X37.000 Y50.960 F3000
G0 Y51.040 F3000
G1 X30.000 Y51.040 F3000
G0 Y51.120 F3000
G1 X37.000 Y51.120 F3000
G0 Y51.200 F3000
G1 X30.000 Y51.200 F3000
G0 Y51.280 F3000
G1 X37.000 Y51.280 F3000
G0 Y51.360 F3000
G1 X30.000 Y51.360 F3000
G0 Y51.440 F3000
G1 X37.000 Y51.440 F3000
G0 Y51.520 F3000
G1 X30.000 Y51.520 F3000
G0 Y51.600 F3000
G1 X37.000 Y51.600 F3000
G0 Y51.680 F3000
G1 X30.000 Y51.680 F3000
G0 Y51.760 F3000
G1 X37.000 Y51.760 F3000
G0 Y51.840 F3000
G1 X30.000 Y51.840 F3000
G0 Y51.920 F3000
G1 X37.000 Y51.920 F3000
G0 Y52.000 F3000
G1 X30.000 Y52.000 F3000
G0 Y52.080 F3000
G1 X37.000 Y52.080 F3000
G0 Y52.160 F3000
G1 X30.000 Y52.160 F3000
G0 Y52.240 F3000
G1 X37.000 Y52.240 F3000
G0 Y52.320 F3000
G1 X30.000 Y52.320 F3000
G0 Y52.400 F3000
G1 X37.000 Y52.400 F3000
G0 Y52.480 F3000
G1 X30.000 Y52.480 F3000
G0 Y52.560 F3000
G1 X37.000 Y52.560 F3000
G0 Y52.640 F3000
G1 X30.000 Y52.640 F3000
G0 Y52.720 F3000
G1 X37.000 Y52.720 F3000
G0 Y52.800 F3000
G1 X30.000 Y52.800 F3000
G0 Y52.880 F3000
G1 X37.000 Y52.880 F3000
G0 Y52.960 F3000
G1 X30.000 Y52.960 F3000
G0 Y53.040 F3000
G1 X37.000 Y53.040 F3000
G0 Y53.120 F3000
G1 X30.000 Y53.120 F3000
G0 Y53.200 F3000
G1 X37.000 Y53.200 F3000
G0 Y53.280 F3000
G1 X30.000 Y53.280 F3000
G0 Y53.360 F3000
G1 X37.000 Y53.360 F3000
G0 Y53.440 F3000
G1 X30.000 Y53.440 F3000
G0 Y53.520 F3000
G1 X37.000 Y53.520 F3000
G0 Y53.600 F3000
G1 X30.000 Y53.600 F3000
G0 Y53.680 F3000
G1 X37.000 Y53.680 F3000
G0 Y53.760 F3000
G1 X30.000 Y53.760 F3000
G0 Y53.840 F3000
G1 X37.000 Y53.840 F3000
G0 Y53.920 F3000
G1 X30.000 Y53.920 F3000
G0 Y54.000 F3000
G1 X37.000 Y54.000 F3000
G0 Y54.080 F3000
G1 X30.000 Y54.080 F3000
G0 Y54.160 F3000
G1 X37.000 Y54.160 F3000
G0 Y54.240 F3000
G1 X30.000 Y54.240 F3000
G0 Y54.320 F3000
G1 X37.000 Y54.320 F3000
G0 Y54.400 F3000
G1 X30.000 Y54.400 F3000
G0 Y54.480 F3000
G1 X37.000 Y54.480 F3000
G0 Y54.560 F3000
G1 X30.000 Y54.560 F3000
G0 Y54.640 F3000
G1 X37.000 Y54.640 F3000
G0 Y54.720 F3000
G1 X30.000 Y54.720 F3000
G0 Y54.800 F3000
G1 X37.000 Y54.800 F3000
G0 Y54.880 F3000
G1 X30.000 Y54.880 F3000
G0 Y54.960 F3000
G1 X37.000 Y54.960 F3000
G0 Y55.040 F3000
G1 X30.000 Y55.040 F3000
G0 Y55.120 F3000
G1 X37.000 Y55.120 F3000
G0 Y55.200 F3000
G1 X30.000 Y55.200 F3000
G0 Y55.280 F3000
G1 X37.000 Y55.280 F3000
G0 Y55.360 F3000
G1 X30.000 Y55.360 F3000
G0 Y55.440 F3000
G1 X37.000 Y55.440 F3000
G0 Y55.520 F3000
G1 X30.000 Y55.520 F3000
G0 Y55.600 F3000
G1 X37.000 Y55.600 F3000
G0 Y55.680 F3000
G1 X30.000 Y55.680 F3000
G0 Y55.760 F3000
G1 X37.000 Y55.760 F3000
G0 Y55.840 F3000
G1 X30.000 Y55.840 F3000
G0 Y55.920 F3000
G1 X37.000 Y55.920 F3000
G0 Y56.000 F3000
G1 X30.000 Y56.000 F3000
G0 Y56.080 F3000
G1 X37.000 Y56.080 F3000
G0 Y56.160 F3000
G1 X30.000 Y56.160 F3000
G0 Y56.240 F3000
G1 X37.000 Y56.240 F3000
G0 Y56.320 F3000
G1 X30.000 Y56.320 F3000
G0 Y56.400 F3000
G1 X37.000 Y56.400 F3000
G0 Y56.480 F3000
G1 X30.000 Y56.480 F3000
G0 Y56.560 F3000
G1 X37.000 Y56.560 F3000
G0 Y56.640 F3000
G1 X30.000 Y56.640 F3000
G0 Y56.720 F3000
G1 X37.000 Y56.720 F3000
G0 Y56.800 F3000
G1 X30.000 Y56.800 F3000
G0 Y56.880 F3000
G1 X37.000 Y56.880 F3000
G0 Y56.960 F3000
G1 X30.000 Y56.960 F3000
M5
G0 X30.000 Y59.700 F3000
M4 S2000
G1 X30.648 Y59.700 F1500
M5
G0 X30.000 Y59.700 F3000
M4 S2000
G1 X30.000 Y59.160 F1500
M5
G0 X30.000 Y59.160 F3000
M4 S2000
G1 X30.000 Y58.620 F1500
M5
G0 X30.000 Y58.620 F3000
M4 S2000
G1 X30.648 Y58.620 F1500
M5
G0 X30.648 Y59.160 F3000
M4 S2000
G1 X30.648 Y58.620 F1500
M5
G0 X30.000 Y59.160 F3000
M4 S2000
G1 X30.648 Y59.160 F1500
M5
G0 X30.864 Y59.160 F3000
M4 S2000
G1 X31.512 Y59.160 F1500
M5
G0 X31.728 Y59.700 F3000
M4 S2000
G1 X32.376 Y59.700 F1500
M5
G0 X32.376 Y59.700 F3000
M4 S2000
G1 X32.376 Y59.160 F1500
M5
G0 X32.376 Y59.160 F3000
M4 S2000
G1 X32.376 Y58.620 F1500
M5
G0 X31.728 Y58.620 F3000
M4 S2000
G1 X32.376 Y58.620 F1500
M5
G0 X31.728 Y59.160 F3000
M4 S2000
G1 X31.728 Y58.620 F1500
M5
G0 X31.728 Y59.700 F3000
M4 S2000
G1 X31.728 Y59.160 F1500
M5
G0 X32.592 Y59.700 F3000
M4 S2000
G1 X33.240 Y59.700 F1500
M5
G0 X33.240 Y59.700 F3000
M4 S2000
G1 X33.240 Y59.160 F1500
M5
G0 X32.592 Y59.160 F3000
M4 S2000
G1 X33.240 Y59.160 F1500
M5
G0 X32.592 Y59.160 F3000
M4 S2000
G1 X32.592 Y58.620 F1500
M5
G0 X32.592 Y58.620 F3000
M4 S2000
G1 X33.240 Y58.620 F1500
M5
G0 X33.456 Y59.700 F3000
M4 S2000
G1 X34.104 Y59.700 F1500
M5
G0 X34.104 Y59.700 F3000
M4 S2000
G1 X34.104 Y59.160 F1500
M5
G0 X34.104 Y59.160 F3000
M4 S2000
G1 X34.104 Y58.620 F1500
M5
G0 X20.000 Y50.000 F3000
M4 S10000
G1 X27.000 Y50.000 F2500
G0 Y50.080 F3000
G1 X20.000 Y50.080 F2500
G0 Y50.160 F3000
G1 X27.000 Y50.160 F2500
G0 Y50.240 F3000
G1 X20.000 Y50.240 F2500
G0 Y50.320 F3000
G1 X27.000 Y50.320 F2500
G0 Y50.400 F3000
G1 X20.000 Y50.400 F2500
G0 Y50.480 F3000
G1 X27.000 Y50.480 F2500
G0 Y50.560 F3000
G1 X20.000 Y50.560 F2500
G0 Y50.640 F3000
G1 X27.000 Y50.640 F2500
G0 Y50.720 F3000
G1 X20.000 Y50.720 F2500
G0 Y50.800 F3000
G1 X27.000 Y50.800 F2500
G0 Y50.880 F3000
G1 X20.000 Y50.880 F2500
G0 Y50.960 F3000
G1 X27.000 Y50.960 F2500
G0 Y51.040 F3000
G1 X20.000 Y51.040 F2500
G0 Y51.120 F3000
G1 X27.000 Y51.120 F2500
G0 Y51.200 F3000
G1 X20.000 Y51.200 F2500
G0 Y51.280 F3000
G1 X27.000 Y51.280 F2500
G0 Y51.360 F3000
G1 X20.000 Y51.360 F2500
G0 Y51.440 F3000
G1 X27.000 Y51.440 F2500
G0 Y51.520 F3000
G1 X20.000 Y51.520 F2500
G0 Y51.600 F3000
G1 X27.000 Y51.600 F2500
G0 Y51.680 F3000
G1 X20.000 Y51.680 F2500
G0 Y51.760 F3000
G1 X27.000 Y51.760 F2500
G0 Y51.840 F3000
G1 X20.000 Y51.840 F2500
G0 Y51.920 F3000
G1 X27.000 Y51.920 F2500
G0 Y52.000 F3000
G1 X20.000 Y52.000 F2500
G0 Y52.080 F3000
G1 X27.000 Y52.080 F2500
G0 Y52.160 F3000
G1 X20.000 Y52.160 F2500
G0 Y52.240 F3000
G1 X27.000 Y52.240 F2500
G0 Y52.320 F3000
G1 X20.000 Y52.320 F2500
G0 Y52.400 F3000
G1 X27.000 Y52.400 F2500
G0 Y52.480 F3000
G1 X20.000 Y52.480 F2500
G0 Y52.560 F3000
G1 X27.000 Y52.560 F2500
G0 Y52.640 F3000
G1 X20.000 Y52.640 F2500
G0 Y52.720 F3000
G1 X27.000 Y52.720 F2500
G0 Y52.800 F3000
G1 X20.000 Y52.800 F2500
G0 Y52.880 F3000
G1 X27.000 Y52.880 F2500
G0 Y52.960 F3000
G1 X20.000 Y52.960 F2500
G0 Y53.040 F3000
G1 X27.000 Y53.040 F2500
G0 Y53.120 F3000
G1 X20.000 Y53.120 F2500
G0 Y53.200 F3000
G1 X27.000 Y53.200 F2500
G0 Y53.280 F3000
G1 X20.000 Y53.280 F2500
G0 Y53.360 F3000
G1 X27.000 Y53.360 F2500
G0 Y53.440 F3000
G1 X20.000 Y53.440 F2500
G0 Y53.520 F3000
G1 X27.000 Y53.520 F2500
G0 Y53.600 F3000
G1 X20.000 Y53.600 F2500
G0 Y53.680 F3000
G1 X27.000 Y53.680 F2500
G0 Y53.760 F3000
G1 X20.000 Y53.760 F2500
G0 Y53.840 F3000
G1 X27.000 Y53.840 F2500
G0 Y53.920 F3000
G1 X20.000 Y53.920 F2500
G0 Y54.000 F3000
G1 X27.000 Y54.000 F2500
G0 Y54.080 F3000
G1 X20.000 Y54.080 F2500
G0 Y54.160 F3000
G1 X27.000 Y54.160 F2500
G0 Y54.240 F3000
G1 X20.000 Y54.240 F2500
G0 Y54.320 F3000
G1 X27.000 Y54.320 F2500
G0 Y54.400 F3000
G1 X20.000 Y54.400 F2500
G0 Y54.480 F3000
G1 X27.000 Y54.480 F2500
G0 Y54.560 F3000
G1 X20.000 Y54.560 F2500
G0 Y54.640 F3000
G1 X27.000 Y54.640 F2500
G0 Y54.720 F3000
G1 X20.000 Y54.720 F2500
G0 Y54.800 F3000
G1 X27.000 Y54.800 F2500
G0 Y54.880 F3000
G1 X20.000 Y54.880 F2500
G0 Y54.960 F3000
G1 X27.000 Y54.960 F2500
G0 Y55.040 F3000
G1 X20.000 Y55.040 F2500
G0 Y55.120 F3000
G1 X27.000 Y55.120 F2500
G0 Y55.200 F3000
G1 X20.000 Y55.200 F2500
G0 Y55.280 F3000
G1 X27.000 Y55.280 F2500
G0 Y55.360 F3000
G1 X20.000 Y55.360 F2500
G0 Y55.440 F3000
G1 X27.000 Y55.440 F2500
G0 Y55.520 F3000
G1 X20.000 Y55.520 F2500
G0 Y55.600 F3000
G1 X27.000 Y55.600 F2500
G0 Y55.680 F3000
G1 X20.000 Y55.680 F2500
G0 Y55.760 F3000
G1 X27.000 Y55.760 F2500
G0 Y55.840 F3000
G1 X20.000 Y55.840 F2500
G0 Y55.920 F3000
G1 X27.000 Y55.920 F2500
G0 Y56.000 F3000
G1 X20.000 Y56.000 F2500
G0 Y56.080 F3000
G1 X27.000 Y56.080 F2500
G0 Y56.160 F3000
G1 X20.000 Y56.160 F2500
G0 Y56.240 F3000
G1 X27.000 Y56.240 F2500
G0 Y56.320 F3000
G1 X20.000 Y56.320 F2500
G0 Y56.400 F3000
G1 X27.000 Y56.400 F2500
G0 Y56.480 F3000
G1 X20.000 Y56.480 F2500
G0 Y56.560 F3000
G1 X27.000 Y56.560 F2500
G0 Y56.640 F3000
G1 X20.000 Y56.640 F2500
G0 Y56.720 F3000
G1 X27.000 Y56.720 F2500
G0 Y56.800 F3000
G1 X20.000 Y56.800 F2500
G0 Y56.880 F3000
G1 X27.000 Y56.880 F2500
G0 Y56.960 F3000
G1 X20.000 Y56.960 F2500
M5
G0 X20.000 Y59.700 F3000
M4 S2000
G1 X20.648 Y59.700 F1500
M5
G0 X20.000 Y59.700 F3000
M4 S2000
G1 X20.000 Y59.160 F1500
M5
G0 X20.000 Y59.160 F3000
M4 S2000
G1 X20.000 Y58.620 F1500
M5
G0 X20.000 Y58.620 F3000
M4 S2000
G1 X20.648 Y58.620 F1500
M5
G0 X20.648 Y59.160 F3000
M4 S2000
G1 X20.648 Y58.620 F1500
M5
G0 X20.000 Y59.160 F3000
M4 S2000
G1 X20.648 Y59.160 F1500
M5
G0 X20.864 Y59.160 F3000
M4 S2000
G1 X21.512 Y59.160 F1500
M5
G0 X21.728 Y59.700 F3000
M4 S2000
G1 X22.376 Y59.700 F1500
M5
G0 X22.376 Y59.700 F3000
M4 S2000
G1 X22.376 Y59.160 F1500
M5
G0 X22.376 Y59.160 F3000
M4 S2000
G1 X22.376 Y58.620 F1500
M5
G0 X21.728 Y58.620 F3000
M4 S2000
G1 X22.376 Y58.620 F1500
M5
G0 X21.728 Y59.160 F3000
M4 S2000
G1 X21.728 Y58.620 F1500
M5
G0 X21.728 Y59.700 F3000
M4 S2000
G1 X21.728 Y59.160 F1500
M5
G0 X22.592 Y59.700 F3000
M4 S2000
G1 X23.240 Y59.700 F1500
M5
G0 X23.240 Y59.700 F3000
M4 S2000
G1 X23.240 Y59.160 F1500
M5
G0 X22.592 Y59.160 F3000
M4 S2000
G1 X23.240 Y59.160 F1500
M5
G0 X22.592 Y59.160 F3000
M4 S2000
G1 X22.592 Y58.620 F1500
M5
G0 X22.592 Y58.620 F3000
M4 S2000
G1 X23.240 Y58.620 F1500
M5
G0 X23.456 Y59.700 F3000
M4 S2000
G1 X24.104 Y59.700 F1500
M5
G0 X24.104 Y59.700 F3000
M4 S2000
G1 X24.104 Y59.160 F1500
M5
G0 X24.104 Y59.160 F3000
M4 S2000
G1 X24.104 Y58.620 F1500
M5
G0 X23.456 Y58.620 F3000
M4 S2000
G1 X24.104 Y58.620 F1500
M5
G0 X23.456 Y59.160 F3000
M4 S2000
G1 X23.456 Y58.620 F1500
M5
G0 X23.456 Y59.700 F3000
M4 S2000
G1 X23.456 Y59.160 F1500
M5
G0 X23.456 Y59.160 F3000
M4 S2000
G1 X24.104 Y59.160 F1500
M5
G0 X10.000 Y50.000 F3000
M4 S10000
G1 X17.000 Y50.000 F2000
G0 Y50.080 F3000
G1 X10.000 Y50.080 F2000
G0 Y50.160 F3000
G1 X17.000 Y50.160 F2000
G0 Y50.240 F3000
G1 X10.000 Y50.240 F2000
G0 Y50.320 F3000
G1 X17.000 Y50.320 F2000
G0 Y50.400 F3000
G1 X10.000 Y50.400 F2000
G0 Y50.480 F3000
G1 X17.000 Y50.480 F2000
G0 Y50.560 F3000
G1 X10.000 Y50.560 F2000
G0 Y50.640 F3000
G1 X17.000 Y50.640 F2000
G0 Y50.720 F3000
G1 X10.000 Y50.720 F2000
G0 Y50.800 F3000
G1 X17.000 Y50.800 F2000
G0 Y50.880 F3000
G1 X10.000 Y50.880 F2000
G0 Y50.960 F3000
G1 X17.000 Y50.960 F2000
G0 Y51.040 F3000
G1 X10.000 Y51.040 F2000
G0 Y51.120 F3000
G1 X17.000 Y51.120 F2000
G0 Y51.200 F3000
G1 X10.000 Y51.200 F2000
G0 Y51.280 F3000
G1 X17.000 Y51.280 F2000
G0 Y51.360 F3000
G1 X10.000 Y51.360 F2000
G0 Y51.440 F3000
G1 X17.000 Y51.440 F2000
G0 Y51.520 F3000
G1 X10.000 Y51.520 F2000
G0 Y51.600 F3000
G1 X17.000 Y51.600 F2000
G0 Y51.680 F3000
G1 X10.000 Y51.680 F2000
G0 Y51.760 F3000
G1 X17.000 Y51.760 F2000
G0 Y51.840 F3000
G1 X10.000 Y51.840 F2000
G0 Y51.920 F3000
G1 X17.000 Y51.920 F2000
G0 Y52.000 F3000
G1 X10.000 Y52.000 F2000
G0 Y52.080 F3000
G1 X17.000 Y52.080 F2000
G0 Y52.160 F3000
G1 X10.000 Y52.160 F2000
G0 Y52.240 F3000
G1 X17.000 Y52.240 F2000
G0 Y52.320 F3000
G1 X10.000 Y52.320 F2000
G0 Y52.400 F3000
G1 X17.000 Y52.400 F2000
G0 Y52.480 F3000
G1 X10.000 Y52.480 F2000
G0 Y52.560 F3000
G1 X17.000 Y52.560 F2000
G0 Y52.640 F3000
G1 X10.000 Y52.640 F2000
G0 Y52.720 F3000
G1 X17.000 Y52.720 F2000
G0 Y52.800 F3000
G1 X10.000 Y52.800 F2000
G0 Y52.880 F3000
G1 X17.000 Y52.880 F2000
G0 Y52.960 F3000
G1 X10.000 Y52.960 F2000
G0 Y53.040 F3000
G1 X17.000 Y53.040 F2000
G0 Y53.120 F3000
G1 X10.000 Y53.120 F2000
G0 Y53.200 F3000
G1 X17.000 Y53.200 F2000
G0 Y53.280 F3000
G1 X10.000 Y53.280 F2000
G0 Y53.360 F3000
G1 X17.000 Y53.360 F2000
G0 Y53.440 F3000
G1 X10.000 Y53.440 F2000
G0 Y53.520 F3000
G1 X17.000 Y53.520 F2000
G0 Y53.600 F3000
G1 X10.000 Y53.600 F2000
G0 Y53.680 F3000
G1 X17.000 Y53.680 F2000
G0 Y53.760 F3000
G1 X10.000 Y53.760 F2000
G0 Y53.840 F3000
G1 X17.000 Y53.840 F2000
G0 Y53.920 F3000
G1 X10.000 Y53.920 F2000
G0 Y54.000 F3000
G1 X17.000 Y54.000 F2000
G0 Y54.080 F3000
G1 X10.000 Y54.080 F2000
G0 Y54.160 F3000
G1 X17.000 Y54.160 F2000
G0 Y54.240 F3000
G1 X10.000 Y54.240 F2000
G0 Y54.320 F3000
G1 X17.000 Y54.320 F2000
G0 Y54.400 F3000
G1 X10.000 Y54.400 F2000
G0 Y54.480 F3000
G1 X17.000 Y54.480 F2000
G0 Y54.560 F3000
G1 X10.000 Y54.560 F2000
G0 Y54.640 F3000
G1 X17.000 Y54.640 F2000
G0 Y54.720 F3000
G1 X10.000 Y54.720 F2000
G0 Y54.800 F3000
G1 X17.000 Y54.800 F2000
G0 Y54.880 F3000
G1 X10.000 Y54.880 F2000
G0 Y54.960 F3000
G1 X17.000 Y54.960 F2000
G0 Y55.040 F3000
G1 X10.000 Y55.040 F2000
G0 Y55.120 F3000
G1 X17.000 Y55.120 F2000
G0 Y55.200 F3000
G1 X10.000 Y55.200 F2000
G0 Y55.280 F3000
G1 X17.000 Y55.280 F2000
G0 Y55.360 F3000
G1 X10.000 Y55.360 F2000
G0 Y55.440 F3000
G1 X17.000 Y55.440 F2000
G0 Y55.520 F3000
G1 X10.000 Y55.520 F2000
G0 Y55.600 F3000
G1 X17.000 Y55.600 F2000
G0 Y55.680 F3000
G1 X10.000 Y55.680 F2000
G0 Y55.760 F3000
G1 X17.000 Y55.760 F2000
G0 Y55.840 F3000
G1 X10.000 Y55.840 F2000
G0 Y55.920 F3000
G1 X17.000 Y55.920 F2000
G0 Y56.000 F3000
G1 X10.000 Y56.000 F2000
G0 Y56.080 F3000
G1 X17.000 Y56.080 F2000
G0 Y56.160 F3000
G1 X10.000 Y56.160 F2000
G0 Y56.240 F3000
G1 X17.000 Y56.240 F2000
G0 Y56.320 F3000
G1 X10.000 Y56.320 F2000
G0 Y56.400 F3000
G1 X17.000 Y56.400 F2000
G0 Y56.480 F3000
G1 X10.000 Y56.480 F2000
G0 Y56.560 F3000
G1 X17.000 Y56.560 F2000
G0 Y56.640 F3000
G1 X10.000 Y56.640 F2000
G0 Y56.720 F3000
G1 X17.000 Y56.720 F2000
G0 Y56.800 F3000
G1 X10.000 Y56.800 F2000
G0 Y56.880 F3000
G1 X17.000 Y56.880 F2000
G0 Y56.960 F3000
G1 X10.000 Y56.960 F2000
M5
G0 X10.000 Y59.700 F3000
M4 S2000
G1 X10.648 Y59.700 F1500
M5
G0 X10.000 Y59.700 F3000
M4 S2000
G1 X10.000 Y59.160 F1500
M5
G0 X10.000 Y59.160 F3000
M4 S2000
G1 X10.000 Y58.620 F1500
M5
G0 X10.000 Y58.620 F3000
M4 S2000
G1 X10.648 Y58.620 F1500
M5
G0 X10.648 Y59.160 F3000
M4 S2000
G1 X10.648 Y58.620 F1500
M5
G0 X10.000 Y59.160 F3000
M4 S2000
G1 X10.648 Y59.160 F1500
M5
G0 X10.864 Y59.160 F3000
M4 S2000
G1 X11.512 Y59.160 F1500
M5
G0 X11.728 Y59.700 F3000
M4 S2000
G1 X12.376 Y59.700 F1500
M5
G0 X12.376 Y59.700 F3000
M4 S2000
G1 X12.376 Y59.160 F1500
M5
G0 X12.376 Y59.160 F3000
M4 S2000
G1 X12.376 Y58.620 F1500
M5
G0 X11.728 Y58.620 F3000
M4 S2000
G1 X12.376 Y58.620 F1500
M5
G0 X11.728 Y59.160 F3000
M4 S2000
G1 X11.728 Y58.620 F1500
M5
G0 X11.728 Y59.700 F3000
M4 S2000
G1 X11.728 Y59.160 F1500
M5
G0 X12.592 Y59.700 F3000
M4 S2000
G1 X13.240 Y59.700 F1500
M5
G0 X13.240 Y59.700 F3000
M4 S2000
G1 X13.240 Y59.160 F1500
M5
G0 X12.592 Y59.160 F3000
M4 S2000
G1 X13.240 Y59.160 F1500
M5
G0 X12.592 Y59.160 F3000
M4 S2000
G1 X12.592 Y58.620 F1500
M5
G0 X12.592 Y58.620 F3000
M4 S2000
G1 X13.240 Y58.620 F1500
M5
G0 X13.456 Y59.700 F3000
M4 S2000
G1 X14.104 Y59.700 F1500
M5
G0 X14.104 Y59.700 F3000
M4 S2000
G1 X14.104 Y59.160 F1500
M5
G0 X14.104 Y59.160 F3000
M4 S2000
G1 X14.104 Y58.620 F1500
M5
G0 X13.456 Y58.620 F3000
M4 S2000
G1 X14.104 Y58.620 F1500
M5
G0 X13.456 Y59.700 F3000
M4 S2000
G1 X13.456 Y59.160 F1500
M5
G0 X13.456 Y59.160 F3000
M4 S2000
G1 X14.104 Y59.160 F1500
M5
G0 X0.000 Y50.000 F3000
M4 S10000
G1 X7.000 Y50.000 F1500
G0 Y50.080 F3000
G1 X0.000 Y50.080 F1500
G0 Y50.160 F3000
G1 X7.000 Y50.160 F1500
G0 Y50.240 F3000
G1 X0.000 Y50.240 F1500
G0 Y50.320 F3000
G1 X7.000 Y50.320 F1500
G0 Y50.400 F3000
G1 X0.000 Y50.400 F1500
G0 Y50.480 F3000
G1 X7.000 Y50.480 F1500
G0 Y50.560 F3000
G1 X0.000 Y50.560 F1500
G0 Y50.640 F3000
G1 X7.000 Y50.640 F1500
G0 Y50.720 F3000
G1 X0.000 Y50.720 F1500
G0 Y50.800 F3000
G1 X7.000 Y50.800 F1500
G0 Y50.880 F3000
G1 X0.000 Y50.880 F1500
G0 Y50.960 F3000
G1 X7.000 Y50.960 F1500
G0 Y51.040 F3000
G1 X0.000 Y51.040 F1500
G0 Y51.120 F3000
G1 X7.000 Y51.120 F1500
G0 Y51.200 F3000
G1 X0.000 Y51.200 F1500
G0 Y51.280 F3000
G1 X7.000 Y51.280 F1500
G0 Y51.360 F3000
G1 X0.000 Y51.360 F1500
G0 Y51.440 F3000
G1 X7.000 Y51.440 F1500
G0 Y51.520 F3000
G1 X0.000 Y51.520 F1500
G0 Y51.600 F3000
G1 X7.000 Y51.600 F1500
G0 Y51.680 F3000
G1 X0.000 Y51.680 F1500
G0 Y51.760 F3000
G1 X7.000 Y51.760 F1500
G0 Y51.840 F3000
G1 X0.000 Y51.840 F1500
G0 Y51.920 F3000
G1 X7.000 Y51.920 F1500
G0 Y52.000 F3000
G1 X0.000 Y52.000 F1500
G0 Y52.080 F3000
G1 X7.000 Y52.080 F1500
G0 Y52.160 F3000
G1 X0.000 Y52.160 F1500
G0 Y52.240 F3000
G1 X7.000 Y52.240 F1500
G0 Y52.320 F3000
G1 X0.000 Y52.320 F1500
G0 Y52.400 F3000
G1 X7.000 Y52.400 F1500
G0 Y52.480 F3000
G1 X0.000 Y52.480 F1500
G0 Y52.560 F3000
G1 X7.000 Y52.560 F1500
G0 Y52.640 F3000
G1 X0.000 Y52.640 F1500
G0 Y52.720 F3000
G1 X7.000 Y52.720 F1500
G0 Y52.800 F3000
G1 X0.000 Y52.800 F1500
G0 Y52.880 F3000
G1 X7.000 Y52.880 F1500
G0 Y52.960 F3000
G1 X0.000 Y52.960 F1500
G0 Y53.040 F3000
G1 X7.000 Y53.040 F1500
G0 Y53.120 F3000
G1 X0.000 Y53.120 F1500
G0 Y53.200 F3000
G1 X7.000 Y53.200 F1500
G0 Y53.280 F3000
G1 X0.000 Y53.280 F1500
G0 Y53.360 F3000
G1 X7.000 Y53.360 F1500
G0 Y53.440 F3000
G1 X0.000 Y53.440 F1500
G0 Y53.520 F3000
G1 X7.000 Y53.520 F1500
G0 Y53.600 F3000
G1 X0.000 Y53.600 F1500
G0 Y53.680 F3000
G1 X7.000 Y53.680 F1500
G0 Y53.760 F3000
G1 X0.000 Y53.760 F1500
G0 Y53.840 F3000
G1 X7.000 Y53.840 F1500
G0 Y53.920 F3000
G1 X0.000 Y53.920 F1500
G0 Y54.000 F3000
G1 X7.000 Y54.000 F1500
G0 Y54.080 F3000
G1 X0.000 Y54.080 F1500
G0 Y54.160 F3000
G1 X7.000 Y54.160 F1500
G0 Y54.240 F3000
G1 X0.000 Y54.240 F1500
G0 Y54.320 F3000
G1 X7.000 Y54.320 F1500
G0 Y54.400 F3000
G1 X0.000 Y54.400 F1500
G0 Y54.480 F3000
G1 X7.000 Y54.480 F1500
G0 Y54.560 F3000
G1 X0.000 Y54.560 F1500
G0 Y54.640 F3000
G1 X7.000 Y54.640 F1500
G0 Y54.720 F3000
G1 X0.000 Y54.720 F1500
G0 Y54.800 F3000
G1 X7.000 Y54.800 F1500
G0 Y54.880 F3000
G1 X0.000 Y54.880 F1500
G0 Y54.960 F3000
G1 X7.000 Y54.960 F1500
G0 Y55.040 F3000
G1 X0.000 Y55.040 F1500
G0 Y55.120 F3000
G1 X7.000 Y55.120 F1500
G0 Y55.200 F3000
G1 X0.000 Y55.200 F1500
G0 Y55.280 F3000
G1 X7.000 Y55.280 F1500
G0 Y55.360 F3000
G1 X0.000 Y55.360 F1500
G0 Y55.440 F3000
G1 X7.000 Y55.440 F1500
G0 Y55.520 F3000
G1 X0.000 Y55.520 F1500
G0 Y55.600 F3000
G1 X7.000 Y55.600 F1500
G0 Y55.680 F3000
G1 X0.000 Y55.680 F1500
G0 Y55.760 F3000
G1 X7.000 Y55.760 F1500
G0 Y55.840 F3000
G1 X0.000 Y55.840 F1500
G0 Y55.920 F3000
G1 X7.000 Y55.920 F1500
G0 Y56.000 F3000
G1 X0.000 Y56.000 F1500
G0 Y56.080 F3000
G1 X7.000 Y56.080 F1500
G0 Y56.160 F3000
G1 X0.000 Y56.160 F1500
G0 Y56.240 F3000
G1 X7.000 Y56.240 F1500
G0 Y56.320 F3000
G1 X0.000 Y56.320 F1500
G0 Y56.400 F3000
G1 X7.000 Y56.400 F1500
G0 Y56.480 F3000
G1 X0.000 Y56.480 F1500
G0 Y56.560 F3000
G1 X7.000 Y56.560 F1500
G0 Y56.640 F3000
G1 X0.000 Y56.640 F1500
G0 Y56.720 F3000
G1 X7.000 Y56.720 F1500
G0 Y56.800 F3000
G1 X0.000 Y56.800 F1500
G0 Y56.880 F3000
G1 X7.000 Y56.880 F1500
G0 Y56.960 F3000
G1 X0.000 Y56.960 F1500
M5
G0 X0.000 Y59.700 F3000
M4 S2000
G1 X0.648 Y59.700 F1500
M5
G0 X0.000 Y59.700 F3000
M4 S2000
G1 X0.000 Y59.160 F1500
M5
G0 X0.000 Y59.160 F3000
M4 S2000
G1 X0.000 Y58.620 F1500
M5
G0 X0.000 Y58.620 F3000
M4 S2000
G1 X0.648 Y58.620 F1500
M5
G0 X0.648 Y59.160 F3000
M4 S2000
G1 X0.648 Y58.620 F1500
M5
G0 X0.000 Y59.160 F3000
M4 S2000
G1 X0.648 Y59.160 F1500
M5
G0 X0.864 Y59.160 F3000
M4 S2000
G1 X1.512 Y59.160 F1500
M5
G0 X1.728 Y59.700 F3000
M4 S2000
G1 X2.376 Y59.700 F1500
M5
G0 X2.376 Y59.700 F3000
M4 S2000
G1 X2.376 Y59.160 F1500
M5
G0 X2.376 Y59.160 F3000
M4 S2000
G1 X2.376 Y58.620 F1500
M5
G0 X1.728 Y58.620 F3000
M4 S2000
G1 X2.376 Y58.620 F1500
M5
G0 X1.728 Y59.160 F3000
M4 S2000
G1 X1.728 Y58.620 F1500
M5
G0 X1.728 Y59.700 F3000
M4 S2000
G1 X1.728 Y59.160 F1500
M5
G0 X2.592 Y59.700 F3000
M4 S2000
G1 X3.240 Y59.700 F1500
M5
G0 X3.240 Y59.700 F3000
M4 S2000
G1 X3.240 Y59.160 F1500
M5
G0 X2.592 Y59.160 F3000
M4 S2000
G1 X3.240 Y59.160 F1500
M5
G0 X3.240 Y59.160 F3000
M4 S2000
G1 X3.240 Y58.620 F1500
M5
G0 X2.592 Y58.620 F3000
M4 S2000
G1 X3.240 Y58.620 F1500
M5
G0 X3.456 Y59.700 F3000
M4 S2000
G1 X4.104 Y59.700 F1500
M5
G0 X4.104 Y59.700 F3000
M4 S2000
G1 X4.104 Y59.160 F1500
M5
G0 X4.104 Y59.160 F3000
M4 S2000
G1 X4.104 Y58.620 F1500
M5
G0 X3.456 Y58.620 F3000
M4 S2000
G1 X4.104 Y58.620 F1500
M5
G0 X3.456 Y59.160 F3000
M4 S2000
G1 X3.456 Y58.620 F1500
M5
G0 X3.456 Y59.700 F3000
M4 S2000
G1 X3.456 Y59.160 F1500
M5
M5 ; laser apagado
G0 X0 Y0 ; volver al origen
