; Suite de GRABADO -- MDF Trupan 7.0mm -- lote L01
; Generado por laser_toolkit -- no editar a mano, regenerar desde el YAML de configuracion
G21 ; unidades en milimetros
G90 ; posicionamiento absoluto
M5 ; laser apagado por seguridad al iniciar
G0 X2.624 Y26.794 F3000
M4 S150
G1 X16.402 Y26.794 F800
G1 X16.563 Y26.786 F800
G1 X16.720 Y26.762 F800
G1 X16.870 Y26.723 F800
G1 X17.015 Y26.670 F800
G1 X17.153 Y26.604 F800
G1 X17.283 Y26.525 F800
G1 X17.404 Y26.434 F800
G1 X17.516 Y26.332 F800
G1 X17.617 Y26.221 F800
G1 X17.708 Y26.099 F800
G1 X17.787 Y25.970 F800
G1 X17.853 Y25.832 F800
G1 X17.906 Y25.687 F800
G1 X17.945 Y25.536 F800
G1 X17.969 Y25.380 F800
G1 X17.977 Y25.219 F800
G1 X17.977 Y16.960 F800
G1 X1.049 Y16.960 F800
G1 X1.049 Y25.219 F800
G1 X1.057 Y25.380 F800
G1 X1.081 Y25.536 F800
G1 X1.120 Y25.687 F800
G1 X1.173 Y25.832 F800
G1 X1.239 Y25.969 F800
G1 X1.318 Y26.099 F800
G1 X1.409 Y26.220 F800
G1 X1.511 Y26.332 F800
G1 X1.622 Y26.434 F800
G1 X1.744 Y26.525 F800
G1 X1.873 Y26.604 F800
G1 X2.011 Y26.670 F800
G1 X2.156 Y26.723 F800
G1 X2.307 Y26.762 F800
G1 X2.463 Y26.786 F800
G1 X2.624 Y26.794 F800
G1 X2.624 Y26.794 F800
M5
G0 X28.951 Y21.416 F3000
M4 S150
G1 X28.929 Y20.979 F800
G1 X28.864 Y20.547 F800
G1 X28.757 Y20.122 F800
G1 X28.609 Y19.711 F800
G1 X28.420 Y19.315 F800
G1 X28.194 Y18.940 F800
G1 X27.931 Y18.589 F800
G1 X27.635 Y18.265 F800
G1 X27.309 Y17.971 F800
G1 X26.955 Y17.711 F800
G1 X26.577 Y17.486 F800
G1 X26.178 Y17.299 F800
G1 X25.763 Y17.152 F800
G1 X25.336 Y17.045 F800
G1 X24.900 Y16.981 F800
G1 X24.459 Y16.960 F800
G1 X24.019 Y16.981 F800
G1 X23.583 Y17.045 F800
G1 X23.156 Y17.152 F800
G1 X22.741 Y17.299 F800
G1 X22.342 Y17.486 F800
G1 X21.964 Y17.711 F800
G1 X21.610 Y17.971 F800
G1 X21.283 Y18.265 F800
G1 X20.987 Y18.589 F800
G1 X20.725 Y18.940 F800
G1 X20.498 Y19.315 F800
G1 X20.310 Y19.711 F800
G1 X20.161 Y20.122 F800
G1 X20.054 Y20.547 F800
G1 X19.990 Y20.979 F800
G1 X19.968 Y21.416 F800
G1 X19.990 Y21.853 F800
G1 X20.054 Y22.285 F800
G1 X20.161 Y22.709 F800
G1 X20.310 Y23.121 F800
G1 X20.498 Y23.516 F800
G1 X20.725 Y23.892 F800
G1 X20.987 Y24.243 F800
G1 X21.283 Y24.567 F800
G1 X21.610 Y24.861 F800
G1 X21.964 Y25.121 F800
G1 X22.342 Y25.346 F800
G1 X22.741 Y25.533 F800
G1 X23.156 Y25.680 F800
G1 X23.583 Y25.786 F800
G1 X24.019 Y25.851 F800
G1 X24.459 Y25.872 F800
G1 X24.900 Y25.851 F800
G1 X25.336 Y25.786 F800
G1 X25.763 Y25.680 F800
G1 X26.178 Y25.533 F800
G1 X26.577 Y25.346 F800
G1 X26.955 Y25.121 F800
G1 X27.309 Y24.861 F800
G1 X27.635 Y24.567 F800
G1 X27.931 Y24.243 F800
G1 X28.194 Y23.892 F800
G1 X28.420 Y23.516 F800
G1 X28.609 Y23.121 F800
G1 X28.757 Y22.709 F800
G1 X28.864 Y22.285 F800
G1 X28.929 Y21.853 F800
G1 X28.951 Y21.416 F800
M5
G0 X15.568 Y3.390 F3000
M4 S150
G1 X28.488 Y12.972 F800
G1 X28.633 Y13.098 F800
G1 X28.748 Y13.239 F800
G1 X28.835 Y13.391 F800
G1 X28.895 Y13.550 F800
G1 X28.928 Y13.714 F800
G1 X28.936 Y13.880 F800
G1 X28.919 Y14.044 F800
G1 X28.878 Y14.205 F800
G1 X28.815 Y14.357 F800
G1 X28.731 Y14.499 F800
G1 X28.626 Y14.628 F800
G1 X28.502 Y14.740 F800
G1 X28.359 Y14.833 F800
G1 X28.199 Y14.903 F800
G1 X28.022 Y14.947 F800
G1 X27.830 Y14.962 F800
G1 X2.192 Y14.962 F800
G1 X2.000 Y14.947 F800
G1 X1.823 Y14.903 F800
G1 X1.663 Y14.833 F800
G1 X1.520 Y14.740 F800
G1 X1.396 Y14.628 F800
G1 X1.291 Y14.499 F800
G1 X1.207 Y14.357 F800
G1 X1.144 Y14.205 F800
G1 X1.103 Y14.044 F800
G1 X1.086 Y13.880 F800
G1 X1.094 Y13.714 F800
G1 X1.127 Y13.550 F800
G1 X1.186 Y13.391 F800
G1 X1.273 Y13.239 F800
G1 X1.389 Y13.098 F800
G1 X1.534 Y12.972 F800
G1 X14.454 Y3.390 F800
G1 X14.517 Y3.347 F800
G1 X14.583 Y3.310 F800
G1 X14.651 Y3.278 F800
G1 X14.721 Y3.252 F800
G1 X14.792 Y3.232 F800
G1 X14.865 Y3.218 F800
G1 X14.937 Y3.209 F800
G1 X15.011 Y3.206 F800
G1 X15.084 Y3.209 F800
G1 X15.157 Y3.218 F800
G1 X15.229 Y3.232 F800
G1 X15.301 Y3.252 F800
G1 X15.370 Y3.278 F800
G1 X15.438 Y3.310 F800
G1 X15.504 Y3.347 F800
G1 X15.567 Y3.390 F800
G1 X15.568 Y3.390 F800
M5
G0 X14.504 Y3.356 F3000
M4 S150
G1 X15.518 Y3.356 F800
M5
G0 X14.095 Y3.656 F3000
M4 S150
G1 X15.927 Y3.656 F800
M5
G0 X13.691 Y3.956 F3000
M4 S150
G1 X16.331 Y3.956 F800
M5
G0 X13.286 Y4.256 F3000
M4 S150
G1 X16.736 Y4.256 F800
M5
G0 X12.882 Y4.556 F3000
M4 S150
G1 X17.140 Y4.556 F800
M5
G0 X12.477 Y4.856 F3000
M4 S150
G1 X17.545 Y4.856 F800
M5
G0 X12.073 Y5.156 F3000
M4 S150
G1 X17.949 Y5.156 F800
M5
G0 X11.668 Y5.456 F3000
M4 S150
G1 X18.354 Y5.456 F800
M5
G0 X11.264 Y5.756 F3000
M4 S150
G1 X18.758 Y5.756 F800
M5
G0 X10.859 Y6.056 F3000
M4 S150
G1 X19.163 Y6.056 F800
M5
G0 X10.455 Y6.356 F3000
M4 S150
G1 X19.567 Y6.356 F800
M5
G0 X10.050 Y6.656 F3000
M4 S150
G1 X19.972 Y6.656 F800
M5
G0 X9.646 Y6.956 F3000
M4 S150
G1 X20.376 Y6.956 F800
M5
G0 X9.241 Y7.256 F3000
M4 S150
G1 X20.781 Y7.256 F800
M5
G0 X8.836 Y7.556 F3000
M4 S150
G1 X21.185 Y7.556 F800
M5
G0 X8.432 Y7.856 F3000
M4 S150
G1 X21.590 Y7.856 F800
M5
G0 X8.027 Y8.156 F3000
M4 S150
G1 X21.994 Y8.156 F800
M5
G0 X7.623 Y8.456 F3000
M4 S150
G1 X22.399 Y8.456 F800
M5
G0 X7.218 Y8.756 F3000
M4 S150
G1 X22.803 Y8.756 F800
M5
G0 X6.814 Y9.056 F3000
M4 S150
G1 X23.208 Y9.056 F800
M5
G0 X6.409 Y9.356 F3000
M4 S150
G1 X23.612 Y9.356 F800
M5
G0 X6.005 Y9.656 F3000
M4 S150
G1 X24.017 Y9.656 F800
M5
G0 X5.600 Y9.956 F3000
M4 S150
G1 X24.421 Y9.956 F800
M5
G0 X5.196 Y10.256 F3000
M4 S150
G1 X24.826 Y10.256 F800
M5
G0 X4.791 Y10.556 F3000
M4 S150
G1 X25.230 Y10.556 F800
M5
G0 X4.387 Y10.856 F3000
M4 S150
G1 X25.635 Y10.856 F800
M5
G0 X3.982 Y11.156 F3000
M4 S150
G1 X26.040 Y11.156 F800
M5
G0 X3.578 Y11.456 F3000
M4 S150
G1 X26.444 Y11.456 F800
M5
G0 X3.173 Y11.756 F3000
M4 S150
G1 X26.849 Y11.756 F800
M5
G0 X2.769 Y12.056 F3000
M4 S150
G1 X27.253 Y12.056 F800
M5
G0 X2.364 Y12.356 F3000
M4 S150
G1 X27.658 Y12.356 F800
M5
G0 X1.960 Y12.656 F3000
M4 S150
G1 X28.062 Y12.656 F800
M5
G0 X1.555 Y12.956 F3000
M4 S150
G1 X28.467 Y12.956 F800
M5
G0 X1.264 Y13.256 F3000
M4 S150
G1 X28.758 Y13.256 F800
M5
G0 X1.126 Y13.556 F3000
M4 S150
G1 X28.896 Y13.556 F800
M5
G0 X1.087 Y13.856 F3000
M4 S150
G1 X28.935 Y13.856 F800
M5
G0 X1.131 Y14.156 F3000
M4 S150
G1 X28.890 Y14.156 F800
M5
G0 X1.265 Y14.456 F3000
M4 S150
G1 X28.757 Y14.456 F800
M5
G0 X1.545 Y14.756 F3000
M4 S150
G1 X28.477 Y14.756 F800
M5
G0 X1.049 Y17.156 F3000
M4 S150
G1 X17.977 Y17.156 F800
M5
G0 X23.143 Y17.156 F3000
M4 S150
G1 X25.776 Y17.156 F800
M5
G0 X1.049 Y17.456 F3000
M4 S150
G1 X17.977 Y17.456 F800
M5
G0 X22.406 Y17.456 F3000
M4 S150
G1 X26.513 Y17.456 F800
M5
G0 X1.049 Y17.756 F3000
M4 S150
G1 X17.977 Y17.756 F800
M5
G0 X21.903 Y17.756 F3000
M4 S150
G1 X27.016 Y17.756 F800
M5
G0 X1.049 Y18.056 F3000
M4 S150
G1 X17.977 Y18.056 F800
M5
G0 X21.516 Y18.056 F3000
M4 S150
G1 X27.403 Y18.056 F800
M5
G0 X1.049 Y18.356 F3000
M4 S150
G1 X17.977 Y18.356 F800
M5
G0 X21.200 Y18.356 F3000
M4 S150
G1 X27.719 Y18.356 F800
M5
G0 X1.049 Y18.656 F3000
M4 S150
G1 X17.977 Y18.656 F800
M5
G0 X20.937 Y18.656 F3000
M4 S150
G1 X27.981 Y18.656 F800
M5
G0 X1.049 Y18.956 F3000
M4 S150
G1 X17.977 Y18.956 F800
M5
G0 X20.715 Y18.956 F3000
M4 S150
G1 X28.203 Y18.956 F800
M5
G0 X1.049 Y19.256 F3000
M4 S150
G1 X17.977 Y19.256 F800
M5
G0 X20.534 Y19.256 F3000
M4 S150
G1 X28.385 Y19.256 F800
M5
G0 X1.049 Y19.556 F3000
M4 S150
G1 X17.977 Y19.556 F800
M5
G0 X20.384 Y19.556 F3000
M4 S150
G1 X28.535 Y19.556 F800
M5
G0 X1.049 Y19.856 F3000
M4 S150
G1 X17.977 Y19.856 F800
M5
G0 X20.257 Y19.856 F3000
M4 S150
G1 X28.661 Y19.856 F800
M5
G0 X1.049 Y20.156 F3000
M4 S150
G1 X17.977 Y20.156 F800
M5
G0 X20.153 Y20.156 F3000
M4 S150
G1 X28.766 Y20.156 F800
M5
G0 X1.049 Y20.456 F3000
M4 S150
G1 X17.977 Y20.456 F800
M5
G0 X20.077 Y20.456 F3000
M4 S150
G1 X28.842 Y20.456 F800
M5
G0 X1.049 Y20.756 F3000
M4 S150
G1 X17.977 Y20.756 F800
M5
G0 X20.023 Y20.756 F3000
M4 S150
G1 X28.896 Y20.756 F800
M5
G0 X1.049 Y21.056 F3000
M4 S150
G1 X17.977 Y21.056 F800
M5
G0 X19.986 Y21.056 F3000
M4 S150
G1 X28.933 Y21.056 F800
M5
G0 X1.049 Y21.356 F3000
M4 S150
G1 X17.977 Y21.356 F800
M5
G0 X19.971 Y21.356 F3000
M4 S150
G1 X28.948 Y21.356 F800
M5
G0 X1.049 Y21.656 F3000
M4 S150
G1 X17.977 Y21.656 F800
M5
G0 X19.980 Y21.656 F3000
M4 S150
G1 X28.939 Y21.656 F800
M5
G0 X1.049 Y21.956 F3000
M4 S150
G1 X17.977 Y21.956 F800
M5
G0 X20.005 Y21.956 F3000
M4 S150
G1 X28.914 Y21.956 F800
M5
G0 X1.049 Y22.256 F3000
M4 S150
G1 X17.977 Y22.256 F800
M5
G0 X20.050 Y22.256 F3000
M4 S150
G1 X28.869 Y22.256 F800
M5
G0 X1.049 Y22.556 F3000
M4 S150
G1 X17.977 Y22.556 F800
M5
G0 X20.123 Y22.556 F3000
M4 S150
G1 X28.796 Y22.556 F800
M5
G0 X1.049 Y22.856 F3000
M4 S150
G1 X17.977 Y22.856 F800
M5
G0 X20.214 Y22.856 F3000
M4 S150
G1 X28.704 Y22.856 F800
M5
G0 X1.049 Y23.156 F3000
M4 S150
G1 X17.977 Y23.156 F800
M5
G0 X20.327 Y23.156 F3000
M4 S150
G1 X28.592 Y23.156 F800
M5
G0 X1.049 Y23.456 F3000
M4 S150
G1 X17.977 Y23.456 F800
M5
G0 X20.470 Y23.456 F3000
M4 S150
G1 X28.449 Y23.456 F800
M5
G0 X1.049 Y23.756 F3000
M4 S150
G1 X17.977 Y23.756 F800
M5
G0 X20.643 Y23.756 F3000
M4 S150
G1 X28.276 Y23.756 F800
M5
G0 X1.049 Y24.056 F3000
M4 S150
G1 X17.977 Y24.056 F800
M5
G0 X20.848 Y24.056 F3000
M4 S150
G1 X28.071 Y24.056 F800
M5
G0 X1.049 Y24.356 F3000
M4 S150
G1 X17.977 Y24.356 F800
M5
G0 X21.091 Y24.356 F3000
M4 S150
G1 X27.828 Y24.356 F800
M5
G0 X1.049 Y24.656 F3000
M4 S150
G1 X17.977 Y24.656 F800
M5
G0 X21.383 Y24.656 F3000
M4 S150
G1 X27.536 Y24.656 F800
M5
G0 X1.049 Y24.956 F3000
M4 S150
G1 X17.977 Y24.956 F800
M5
G0 X21.740 Y24.956 F3000
M4 S150
G1 X27.179 Y24.956 F800
M5
G0 X1.051 Y25.256 F3000
M4 S150
G1 X17.975 Y25.256 F800
M5
G0 X22.191 Y25.256 F3000
M4 S150
G1 X26.728 Y25.256 F800
M5
G0 X1.086 Y25.556 F3000
M4 S150
G1 X17.940 Y25.556 F800
M5
G0 X22.806 Y25.556 F3000
M4 S150
G1 X26.113 Y25.556 F800
M5
G0 X1.185 Y25.856 F3000
M4 S150
G1 X17.842 Y25.856 F800
M5
G0 X24.132 Y25.856 F3000
M4 S150
G1 X24.786 Y25.856 F800
M5
G0 X1.361 Y26.156 F3000
M4 S150
G1 X17.666 Y26.156 F800
M5
G0 X1.652 Y26.456 F3000
M4 S150
G1 X17.374 Y26.456 F800
M5
G0 X2.285 Y26.756 F3000
M4 S150
G1 X16.742 Y26.756 F800
M5
G0 X0.000 Y35.000 F3000
M4 S200
G1 X1.200 Y35.000 F1500
M5
G0 X0.000 Y35.000 F3000
M4 S200
G1 X0.000 Y34.000 F1500
M5
G0 X0.000 Y34.000 F3000
M4 S200
G1 X0.000 Y33.000 F1500
M5
G0 X0.000 Y33.000 F3000
M4 S200
G1 X1.200 Y33.000 F1500
M5
G0 X1.200 Y34.000 F3000
M4 S200
G1 X1.200 Y33.000 F1500
M5
G0 X0.000 Y34.000 F3000
M4 S200
G1 X1.200 Y34.000 F1500
M5
G0 X1.600 Y34.000 F3000
M4 S200
G1 X2.800 Y34.000 F1500
M5
G0 X3.200 Y35.000 F3000
M4 S200
G1 X4.400 Y35.000 F1500
M5
G0 X4.400 Y35.000 F3000
M4 S200
G1 X4.400 Y34.000 F1500
M5
G0 X4.400 Y34.000 F3000
M4 S200
G1 X4.400 Y33.000 F1500
M5
G0 X3.200 Y33.000 F3000
M4 S200
G1 X4.400 Y33.000 F1500
M5
G0 X3.200 Y34.000 F3000
M4 S200
G1 X3.200 Y33.000 F1500
M5
G0 X3.200 Y35.000 F3000
M4 S200
G1 X3.200 Y34.000 F1500
M5
G0 X4.800 Y35.000 F3000
M4 S200
G1 X6.000 Y35.000 F1500
M5
G0 X6.000 Y35.000 F3000
M4 S200
G1 X6.000 Y34.000 F1500
M5
G0 X6.000 Y34.000 F3000
M4 S200
G1 X6.000 Y33.000 F1500
M5
G0 X4.800 Y33.000 F3000
M4 S200
G1 X6.000 Y33.000 F1500
M5
G0 X4.800 Y34.000 F3000
M4 S200
G1 X4.800 Y33.000 F1500
M5
G0 X4.800 Y35.000 F3000
M4 S200
G1 X4.800 Y34.000 F1500
M5
G0 X7.600 Y35.000 F3000
M4 S200
G1 X7.600 Y34.000 F1500
M5
G0 X7.600 Y34.000 F3000
M4 S200
G1 X7.600 Y33.000 F1500
M5
G0 X40.624 Y26.794 F3000
M4 S150
G1 X54.403 Y26.794 F1000
G1 X54.563 Y26.786 F1000
G1 X54.720 Y26.762 F1000
G1 X54.870 Y26.723 F1000
G1 X55.015 Y26.670 F1000
G1 X55.153 Y26.604 F1000
G1 X55.283 Y26.525 F1000
G1 X55.404 Y26.434 F1000
G1 X55.516 Y26.332 F1000
G1 X55.617 Y26.221 F1000
G1 X55.708 Y26.099 F1000
G1 X55.787 Y25.970 F1000
G1 X55.853 Y25.832 F1000
G1 X55.906 Y25.687 F1000
G1 X55.945 Y25.536 F1000
G1 X55.969 Y25.380 F1000
G1 X55.977 Y25.219 F1000
G1 X55.977 Y16.960 F1000
G1 X39.049 Y16.960 F1000
G1 X39.049 Y25.219 F1000
G1 X39.057 Y25.380 F1000
G1 X39.081 Y25.536 F1000
G1 X39.120 Y25.687 F1000
G1 X39.173 Y25.832 F1000
G1 X39.239 Y25.969 F1000
G1 X39.318 Y26.099 F1000
G1 X39.409 Y26.220 F1000
G1 X39.511 Y26.332 F1000
G1 X39.622 Y26.434 F1000
G1 X39.744 Y26.525 F1000
G1 X39.873 Y26.604 F1000
G1 X40.011 Y26.670 F1000
G1 X40.156 Y26.723 F1000
G1 X40.307 Y26.762 F1000
G1 X40.463 Y26.786 F1000
G1 X40.624 Y26.794 F1000
G1 X40.624 Y26.794 F1000
M5
G0 X66.951 Y21.416 F3000
M4 S150
G1 X66.929 Y20.979 F1000
G1 X66.864 Y20.547 F1000
G1 X66.757 Y20.122 F1000
G1 X66.609 Y19.711 F1000
G1 X66.420 Y19.315 F1000
G1 X66.194 Y18.940 F1000
G1 X65.931 Y18.589 F1000
G1 X65.635 Y18.265 F1000
G1 X65.309 Y17.971 F1000
G1 X64.955 Y17.711 F1000
G1 X64.577 Y17.486 F1000
G1 X64.178 Y17.299 F1000
G1 X63.763 Y17.152 F1000
G1 X63.336 Y17.045 F1000
G1 X62.900 Y16.981 F1000
G1 X62.459 Y16.960 F1000
G1 X62.019 Y16.981 F1000
G1 X61.583 Y17.045 F1000
G1 X61.156 Y17.152 F1000
G1 X60.741 Y17.299 F1000
G1 X60.342 Y17.486 F1000
G1 X59.964 Y17.711 F1000
G1 X59.610 Y17.971 F1000
G1 X59.283 Y18.265 F1000
G1 X58.987 Y18.589 F1000
G1 X58.725 Y18.940 F1000
G1 X58.498 Y19.315 F1000
G1 X58.310 Y19.711 F1000
G1 X58.161 Y20.122 F1000
G1 X58.054 Y20.547 F1000
G1 X57.990 Y20.979 F1000
G1 X57.968 Y21.416 F1000
G1 X57.990 Y21.853 F1000
G1 X58.054 Y22.285 F1000
G1 X58.161 Y22.709 F1000
G1 X58.310 Y23.121 F1000
G1 X58.498 Y23.516 F1000
G1 X58.725 Y23.892 F1000
G1 X58.987 Y24.243 F1000
G1 X59.283 Y24.567 F1000
G1 X59.610 Y24.861 F1000
G1 X59.964 Y25.121 F1000
G1 X60.342 Y25.346 F1000
G1 X60.741 Y25.533 F1000
G1 X61.156 Y25.680 F1000
G1 X61.583 Y25.786 F1000
G1 X62.019 Y25.851 F1000
G1 X62.459 Y25.872 F1000
G1 X62.900 Y25.851 F1000
G1 X63.336 Y25.786 F1000
G1 X63.763 Y25.680 F1000
G1 X64.178 Y25.533 F1000
G1 X64.577 Y25.346 F1000
G1 X64.955 Y25.121 F1000
G1 X65.309 Y24.861 F1000
G1 X65.635 Y24.567 F1000
G1 X65.931 Y24.243 F1000
G1 X66.194 Y23.892 F1000
G1 X66.420 Y23.516 F1000
G1 X66.609 Y23.121 F1000
G1 X66.757 Y22.709 F1000
G1 X66.864 Y22.285 F1000
G1 X66.929 Y21.853 F1000
G1 X66.951 Y21.416 F1000
M5
G0 X53.568 Y3.390 F3000
M4 S150
G1 X66.488 Y12.972 F1000
G1 X66.633 Y13.098 F1000
G1 X66.748 Y13.239 F1000
G1 X66.835 Y13.391 F1000
G1 X66.895 Y13.550 F1000
G1 X66.928 Y13.714 F1000
G1 X66.936 Y13.880 F1000
G1 X66.919 Y14.044 F1000
G1 X66.878 Y14.205 F1000
G1 X66.815 Y14.357 F1000
G1 X66.731 Y14.499 F1000
G1 X66.626 Y14.628 F1000
G1 X66.502 Y14.740 F1000
G1 X66.359 Y14.833 F1000
G1 X66.199 Y14.903 F1000
G1 X66.022 Y14.947 F1000
G1 X65.830 Y14.962 F1000
G1 X40.192 Y14.962 F1000
G1 X40.000 Y14.947 F1000
G1 X39.823 Y14.903 F1000
G1 X39.663 Y14.833 F1000
G1 X39.520 Y14.740 F1000
G1 X39.396 Y14.628 F1000
G1 X39.291 Y14.499 F1000
G1 X39.207 Y14.357 F1000
G1 X39.144 Y14.205 F1000
G1 X39.103 Y14.044 F1000
G1 X39.086 Y13.880 F1000
G1 X39.094 Y13.714 F1000
G1 X39.127 Y13.550 F1000
G1 X39.186 Y13.391 F1000
G1 X39.273 Y13.239 F1000
G1 X39.389 Y13.098 F1000
G1 X39.534 Y12.972 F1000
G1 X52.454 Y3.390 F1000
G1 X52.517 Y3.347 F1000
G1 X52.583 Y3.310 F1000
G1 X52.651 Y3.278 F1000
G1 X52.721 Y3.252 F1000
G1 X52.792 Y3.232 F1000
G1 X52.865 Y3.218 F1000
G1 X52.937 Y3.209 F1000
G1 X53.011 Y3.206 F1000
G1 X53.084 Y3.209 F1000
G1 X53.157 Y3.218 F1000
G1 X53.229 Y3.232 F1000
G1 X53.301 Y3.252 F1000
G1 X53.370 Y3.278 F1000
G1 X53.438 Y3.310 F1000
G1 X53.504 Y3.347 F1000
G1 X53.567 Y3.390 F1000
G1 X53.568 Y3.390 F1000
M5
G0 X52.504 Y3.356 F3000
M4 S150
G1 X53.518 Y3.356 F1000
M5
G0 X52.095 Y3.656 F3000
M4 S150
G1 X53.927 Y3.656 F1000
M5
G0 X51.691 Y3.956 F3000
M4 S150
G1 X54.331 Y3.956 F1000
M5
G0 X51.286 Y4.256 F3000
M4 S150
G1 X54.736 Y4.256 F1000
M5
G0 X50.882 Y4.556 F3000
M4 S150
G1 X55.140 Y4.556 F1000
M5
G0 X50.477 Y4.856 F3000
M4 S150
G1 X55.545 Y4.856 F1000
M5
G0 X50.073 Y5.156 F3000
M4 S150
G1 X55.949 Y5.156 F1000
M5
G0 X49.668 Y5.456 F3000
M4 S150
G1 X56.354 Y5.456 F1000
M5
G0 X49.264 Y5.756 F3000
M4 S150
G1 X56.758 Y5.756 F1000
M5
G0 X48.859 Y6.056 F3000
M4 S150
G1 X57.163 Y6.056 F1000
M5
G0 X48.455 Y6.356 F3000
M4 S150
G1 X57.567 Y6.356 F1000
M5
G0 X48.050 Y6.656 F3000
M4 S150
G1 X57.972 Y6.656 F1000
M5
G0 X47.646 Y6.956 F3000
M4 S150
G1 X58.376 Y6.956 F1000
M5
G0 X47.241 Y7.256 F3000
M4 S150
G1 X58.781 Y7.256 F1000
M5
G0 X46.836 Y7.556 F3000
M4 S150
G1 X59.185 Y7.556 F1000
M5
G0 X46.432 Y7.856 F3000
M4 S150
G1 X59.590 Y7.856 F1000
M5
G0 X46.027 Y8.156 F3000
M4 S150
G1 X59.994 Y8.156 F1000
M5
G0 X45.623 Y8.456 F3000
M4 S150
G1 X60.399 Y8.456 F1000
M5
G0 X45.218 Y8.756 F3000
M4 S150
G1 X60.803 Y8.756 F1000
M5
G0 X44.814 Y9.056 F3000
M4 S150
G1 X61.208 Y9.056 F1000
M5
G0 X44.409 Y9.356 F3000
M4 S150
G1 X61.612 Y9.356 F1000
M5
G0 X44.005 Y9.656 F3000
M4 S150
G1 X62.017 Y9.656 F1000
M5
G0 X43.600 Y9.956 F3000
M4 S150
G1 X62.421 Y9.956 F1000
M5
G0 X43.196 Y10.256 F3000
M4 S150
G1 X62.826 Y10.256 F1000
M5
G0 X42.791 Y10.556 F3000
M4 S150
G1 X63.230 Y10.556 F1000
M5
G0 X42.387 Y10.856 F3000
M4 S150
G1 X63.635 Y10.856 F1000
M5
G0 X41.982 Y11.156 F3000
M4 S150
G1 X64.040 Y11.156 F1000
M5
G0 X41.578 Y11.456 F3000
M4 S150
G1 X64.444 Y11.456 F1000
M5
G0 X41.173 Y11.756 F3000
M4 S150
G1 X64.849 Y11.756 F1000
M5
G0 X40.769 Y12.056 F3000
M4 S150
G1 X65.253 Y12.056 F1000
M5
G0 X40.364 Y12.356 F3000
M4 S150
G1 X65.658 Y12.356 F1000
M5
G0 X39.960 Y12.656 F3000
M4 S150
G1 X66.062 Y12.656 F1000
M5
G0 X39.555 Y12.956 F3000
M4 S150
G1 X66.467 Y12.956 F1000
M5
G0 X39.264 Y13.256 F3000
M4 S150
G1 X66.758 Y13.256 F1000
M5
G0 X39.126 Y13.556 F3000
M4 S150
G1 X66.896 Y13.556 F1000
M5
G0 X39.087 Y13.856 F3000
M4 S150
G1 X66.935 Y13.856 F1000
M5
G0 X39.131 Y14.156 F3000
M4 S150
G1 X66.890 Y14.156 F1000
M5
G0 X39.265 Y14.456 F3000
M4 S150
G1 X66.757 Y14.456 F1000
M5
G0 X39.545 Y14.756 F3000
M4 S150
G1 X66.477 Y14.756 F1000
M5
G0 X39.049 Y17.156 F3000
M4 S150
G1 X55.977 Y17.156 F1000
M5
G0 X61.143 Y17.156 F3000
M4 S150
G1 X63.776 Y17.156 F1000
M5
G0 X39.049 Y17.456 F3000
M4 S150
G1 X55.977 Y17.456 F1000
M5
G0 X60.406 Y17.456 F3000
M4 S150
G1 X64.513 Y17.456 F1000
M5
G0 X39.049 Y17.756 F3000
M4 S150
G1 X55.977 Y17.756 F1000
M5
G0 X59.903 Y17.756 F3000
M4 S150
G1 X65.016 Y17.756 F1000
M5
G0 X39.049 Y18.056 F3000
M4 S150
G1 X55.977 Y18.056 F1000
M5
G0 X59.516 Y18.056 F3000
M4 S150
G1 X65.403 Y18.056 F1000
M5
G0 X39.049 Y18.356 F3000
M4 S150
G1 X55.977 Y18.356 F1000
M5
G0 X59.200 Y18.356 F3000
M4 S150
G1 X65.719 Y18.356 F1000
M5
G0 X39.049 Y18.656 F3000
M4 S150
G1 X55.977 Y18.656 F1000
M5
G0 X58.937 Y18.656 F3000
M4 S150
G1 X65.981 Y18.656 F1000
M5
G0 X39.049 Y18.956 F3000
M4 S150
G1 X55.977 Y18.956 F1000
M5
G0 X58.715 Y18.956 F3000
M4 S150
G1 X66.203 Y18.956 F1000
M5
G0 X39.049 Y19.256 F3000
M4 S150
G1 X55.977 Y19.256 F1000
M5
G0 X58.534 Y19.256 F3000
M4 S150
G1 X66.385 Y19.256 F1000
M5
G0 X39.049 Y19.556 F3000
M4 S150
G1 X55.977 Y19.556 F1000
M5
G0 X58.384 Y19.556 F3000
M4 S150
G1 X66.535 Y19.556 F1000
M5
G0 X39.049 Y19.856 F3000
M4 S150
G1 X55.977 Y19.856 F1000
M5
G0 X58.257 Y19.856 F3000
M4 S150
G1 X66.661 Y19.856 F1000
M5
G0 X39.049 Y20.156 F3000
M4 S150
G1 X55.977 Y20.156 F1000
M5
G0 X58.153 Y20.156 F3000
M4 S150
G1 X66.766 Y20.156 F1000
M5
G0 X39.049 Y20.456 F3000
M4 S150
G1 X55.977 Y20.456 F1000
M5
G0 X58.077 Y20.456 F3000
M4 S150
G1 X66.842 Y20.456 F1000
M5
G0 X39.049 Y20.756 F3000
M4 S150
G1 X55.977 Y20.756 F1000
M5
G0 X58.023 Y20.756 F3000
M4 S150
G1 X66.896 Y20.756 F1000
M5
G0 X39.049 Y21.056 F3000
M4 S150
G1 X55.977 Y21.056 F1000
M5
G0 X57.986 Y21.056 F3000
M4 S150
G1 X66.933 Y21.056 F1000
M5
G0 X39.049 Y21.356 F3000
M4 S150
G1 X55.977 Y21.356 F1000
M5
G0 X57.971 Y21.356 F3000
M4 S150
G1 X66.948 Y21.356 F1000
M5
G0 X39.049 Y21.656 F3000
M4 S150
G1 X55.977 Y21.656 F1000
M5
G0 X57.980 Y21.656 F3000
M4 S150
G1 X66.939 Y21.656 F1000
M5
G0 X39.049 Y21.956 F3000
M4 S150
G1 X55.977 Y21.956 F1000
M5
G0 X58.005 Y21.956 F3000
M4 S150
G1 X66.914 Y21.956 F1000
M5
G0 X39.049 Y22.256 F3000
M4 S150
G1 X55.977 Y22.256 F1000
M5
G0 X58.050 Y22.256 F3000
M4 S150
G1 X66.869 Y22.256 F1000
M5
G0 X39.049 Y22.556 F3000
M4 S150
G1 X55.977 Y22.556 F1000
M5
G0 X58.123 Y22.556 F3000
M4 S150
G1 X66.796 Y22.556 F1000
M5
G0 X39.049 Y22.856 F3000
M4 S150
G1 X55.977 Y22.856 F1000
M5
G0 X58.214 Y22.856 F3000
M4 S150
G1 X66.704 Y22.856 F1000
M5
G0 X39.049 Y23.156 F3000
M4 S150
G1 X55.977 Y23.156 F1000
M5
G0 X58.327 Y23.156 F3000
M4 S150
G1 X66.592 Y23.156 F1000
M5
G0 X39.049 Y23.456 F3000
M4 S150
G1 X55.977 Y23.456 F1000
M5
G0 X58.470 Y23.456 F3000
M4 S150
G1 X66.449 Y23.456 F1000
M5
G0 X39.049 Y23.756 F3000
M4 S150
G1 X55.977 Y23.756 F1000
M5
G0 X58.643 Y23.756 F3000
M4 S150
G1 X66.276 Y23.756 F1000
M5
G0 X39.049 Y24.056 F3000
M4 S150
G1 X55.977 Y24.056 F1000
M5
G0 X58.848 Y24.056 F3000
M4 S150
G1 X66.071 Y24.056 F1000
M5
G0 X39.049 Y24.356 F3000
M4 S150
G1 X55.977 Y24.356 F1000
M5
G0 X59.091 Y24.356 F3000
M4 S150
G1 X65.828 Y24.356 F1000
M5
G0 X39.049 Y24.656 F3000
M4 S150
G1 X55.977 Y24.656 F1000
M5
G0 X59.383 Y24.656 F3000
M4 S150
G1 X65.536 Y24.656 F1000
M5
G0 X39.049 Y24.956 F3000
M4 S150
G1 X55.977 Y24.956 F1000
M5
G0 X59.740 Y24.956 F3000
M4 S150
G1 X65.179 Y24.956 F1000
M5
G0 X39.051 Y25.256 F3000
M4 S150
G1 X55.975 Y25.256 F1000
M5
G0 X60.191 Y25.256 F3000
M4 S150
G1 X64.728 Y25.256 F1000
M5
G0 X39.086 Y25.556 F3000
M4 S150
G1 X55.940 Y25.556 F1000
M5
G0 X60.806 Y25.556 F3000
M4 S150
G1 X64.113 Y25.556 F1000
M5
G0 X39.185 Y25.856 F3000
M4 S150
G1 X55.842 Y25.856 F1000
M5
G0 X62.132 Y25.856 F3000
M4 S150
G1 X62.786 Y25.856 F1000
M5
G0 X39.361 Y26.156 F3000
M4 S150
G1 X55.666 Y26.156 F1000
M5
G0 X39.652 Y26.456 F3000
M4 S150
G1 X55.374 Y26.456 F1000
M5
G0 X40.285 Y26.756 F3000
M4 S150
G1 X54.742 Y26.756 F1000
M5
G0 X38.000 Y35.000 F3000
M4 S200
G1 X39.200 Y35.000 F1500
M5
G0 X38.000 Y35.000 F3000
M4 S200
G1 X38.000 Y34.000 F1500
M5
G0 X38.000 Y34.000 F3000
M4 S200
G1 X38.000 Y33.000 F1500
M5
G0 X38.000 Y33.000 F3000
M4 S200
G1 X39.200 Y33.000 F1500
M5
G0 X39.200 Y34.000 F3000
M4 S200
G1 X39.200 Y33.000 F1500
M5
G0 X38.000 Y34.000 F3000
M4 S200
G1 X39.200 Y34.000 F1500
M5
G0 X39.600 Y34.000 F3000
M4 S200
G1 X40.800 Y34.000 F1500
M5
G0 X41.200 Y35.000 F3000
M4 S200
G1 X42.400 Y35.000 F1500
M5
G0 X42.400 Y35.000 F3000
M4 S200
G1 X42.400 Y34.000 F1500
M5
G0 X42.400 Y34.000 F3000
M4 S200
G1 X42.400 Y33.000 F1500
M5
G0 X41.200 Y33.000 F3000
M4 S200
G1 X42.400 Y33.000 F1500
M5
G0 X41.200 Y34.000 F3000
M4 S200
G1 X41.200 Y33.000 F1500
M5
G0 X41.200 Y35.000 F3000
M4 S200
G1 X41.200 Y34.000 F1500
M5
G0 X42.800 Y35.000 F3000
M4 S200
G1 X44.000 Y35.000 F1500
M5
G0 X44.000 Y35.000 F3000
M4 S200
G1 X44.000 Y34.000 F1500
M5
G0 X44.000 Y34.000 F3000
M4 S200
G1 X44.000 Y33.000 F1500
M5
G0 X42.800 Y33.000 F3000
M4 S200
G1 X44.000 Y33.000 F1500
M5
G0 X42.800 Y34.000 F3000
M4 S200
G1 X42.800 Y33.000 F1500
M5
G0 X42.800 Y35.000 F3000
M4 S200
G1 X42.800 Y34.000 F1500
M5
G0 X44.400 Y35.000 F3000
M4 S200
G1 X45.600 Y35.000 F1500
M5
G0 X45.600 Y35.000 F3000
M4 S200
G1 X45.600 Y34.000 F1500
M5
G0 X44.400 Y34.000 F3000
M4 S200
G1 X45.600 Y34.000 F1500
M5
G0 X44.400 Y34.000 F3000
M4 S200
G1 X44.400 Y33.000 F1500
M5
G0 X44.400 Y33.000 F3000
M4 S200
G1 X45.600 Y33.000 F1500
M5
G0 X78.624 Y26.794 F3000
M4 S150
G1 X92.403 Y26.794 F1200
G1 X92.563 Y26.786 F1200
G1 X92.720 Y26.762 F1200
G1 X92.870 Y26.723 F1200
G1 X93.015 Y26.670 F1200
G1 X93.153 Y26.604 F1200
G1 X93.283 Y26.525 F1200
G1 X93.404 Y26.434 F1200
G1 X93.516 Y26.332 F1200
G1 X93.617 Y26.221 F1200
G1 X93.708 Y26.099 F1200
G1 X93.787 Y25.970 F1200
G1 X93.853 Y25.832 F1200
G1 X93.906 Y25.687 F1200
G1 X93.945 Y25.536 F1200
G1 X93.969 Y25.380 F1200
G1 X93.977 Y25.219 F1200
G1 X93.977 Y16.960 F1200
G1 X77.049 Y16.960 F1200
G1 X77.049 Y25.219 F1200
G1 X77.057 Y25.380 F1200
G1 X77.081 Y25.536 F1200
G1 X77.120 Y25.687 F1200
G1 X77.173 Y25.832 F1200
G1 X77.239 Y25.969 F1200
G1 X77.318 Y26.099 F1200
G1 X77.409 Y26.220 F1200
G1 X77.511 Y26.332 F1200
G1 X77.622 Y26.434 F1200
G1 X77.744 Y26.525 F1200
G1 X77.873 Y26.604 F1200
G1 X78.011 Y26.670 F1200
G1 X78.156 Y26.723 F1200
G1 X78.307 Y26.762 F1200
G1 X78.463 Y26.786 F1200
G1 X78.624 Y26.794 F1200
G1 X78.624 Y26.794 F1200
M5
G0 X104.951 Y21.416 F3000
M4 S150
G1 X104.929 Y20.979 F1200
G1 X104.864 Y20.547 F1200
G1 X104.757 Y20.122 F1200
G1 X104.609 Y19.711 F1200
G1 X104.420 Y19.315 F1200
G1 X104.194 Y18.940 F1200
G1 X103.931 Y18.589 F1200
G1 X103.635 Y18.265 F1200
G1 X103.309 Y17.971 F1200
G1 X102.955 Y17.711 F1200
G1 X102.577 Y17.486 F1200
G1 X102.178 Y17.299 F1200
G1 X101.763 Y17.152 F1200
G1 X101.336 Y17.045 F1200
G1 X100.900 Y16.981 F1200
G1 X100.459 Y16.960 F1200
G1 X100.019 Y16.981 F1200
G1 X99.583 Y17.045 F1200
G1 X99.156 Y17.152 F1200
G1 X98.741 Y17.299 F1200
G1 X98.342 Y17.486 F1200
G1 X97.964 Y17.711 F1200
G1 X97.610 Y17.971 F1200
G1 X97.283 Y18.265 F1200
G1 X96.987 Y18.589 F1200
G1 X96.725 Y18.940 F1200
G1 X96.498 Y19.315 F1200
G1 X96.310 Y19.711 F1200
G1 X96.161 Y20.122 F1200
G1 X96.054 Y20.547 F1200
G1 X95.990 Y20.979 F1200
G1 X95.968 Y21.416 F1200
G1 X95.990 Y21.853 F1200
G1 X96.054 Y22.285 F1200
G1 X96.161 Y22.709 F1200
G1 X96.310 Y23.121 F1200
G1 X96.498 Y23.516 F1200
G1 X96.725 Y23.892 F1200
G1 X96.987 Y24.243 F1200
G1 X97.283 Y24.567 F1200
G1 X97.610 Y24.861 F1200
G1 X97.964 Y25.121 F1200
G1 X98.342 Y25.346 F1200
G1 X98.741 Y25.533 F1200
G1 X99.156 Y25.680 F1200
G1 X99.583 Y25.786 F1200
G1 X100.019 Y25.851 F1200
G1 X100.459 Y25.872 F1200
G1 X100.900 Y25.851 F1200
G1 X101.336 Y25.786 F1200
G1 X101.763 Y25.680 F1200
G1 X102.178 Y25.533 F1200
G1 X102.577 Y25.346 F1200
G1 X102.955 Y25.121 F1200
G1 X103.309 Y24.861 F1200
G1 X103.635 Y24.567 F1200
G1 X103.931 Y24.243 F1200
G1 X104.194 Y23.892 F1200
G1 X104.420 Y23.516 F1200
G1 X104.609 Y23.121 F1200
G1 X104.757 Y22.709 F1200
G1 X104.864 Y22.285 F1200
G1 X104.929 Y21.853 F1200
G1 X104.951 Y21.416 F1200
M5
G0 X91.568 Y3.390 F3000
M4 S150
G1 X104.488 Y12.972 F1200
G1 X104.633 Y13.098 F1200
G1 X104.748 Y13.239 F1200
G1 X104.835 Y13.391 F1200
G1 X104.895 Y13.550 F1200
G1 X104.928 Y13.714 F1200
G1 X104.936 Y13.880 F1200
G1 X104.919 Y14.044 F1200
G1 X104.878 Y14.205 F1200
G1 X104.815 Y14.357 F1200
G1 X104.731 Y14.499 F1200
G1 X104.626 Y14.628 F1200
G1 X104.502 Y14.740 F1200
G1 X104.359 Y14.833 F1200
G1 X104.199 Y14.903 F1200
G1 X104.022 Y14.947 F1200
G1 X103.830 Y14.962 F1200
G1 X78.192 Y14.962 F1200
G1 X78.000 Y14.947 F1200
G1 X77.823 Y14.903 F1200
G1 X77.663 Y14.833 F1200
G1 X77.520 Y14.740 F1200
G1 X77.396 Y14.628 F1200
G1 X77.291 Y14.499 F1200
G1 X77.207 Y14.357 F1200
G1 X77.144 Y14.205 F1200
G1 X77.103 Y14.044 F1200
G1 X77.086 Y13.880 F1200
G1 X77.094 Y13.714 F1200
G1 X77.127 Y13.550 F1200
G1 X77.186 Y13.391 F1200
G1 X77.273 Y13.239 F1200
G1 X77.389 Y13.098 F1200
G1 X77.534 Y12.972 F1200
G1 X90.454 Y3.390 F1200
G1 X90.517 Y3.347 F1200
G1 X90.583 Y3.310 F1200
G1 X90.651 Y3.278 F1200
G1 X90.721 Y3.252 F1200
G1 X90.792 Y3.232 F1200
G1 X90.865 Y3.218 F1200
G1 X90.937 Y3.209 F1200
G1 X91.011 Y3.206 F1200
G1 X91.084 Y3.209 F1200
G1 X91.157 Y3.218 F1200
G1 X91.229 Y3.232 F1200
G1 X91.301 Y3.252 F1200
G1 X91.370 Y3.278 F1200
G1 X91.438 Y3.310 F1200
G1 X91.504 Y3.347 F1200
G1 X91.567 Y3.390 F1200
G1 X91.568 Y3.390 F1200
M5
G0 X90.504 Y3.356 F3000
M4 S150
G1 X91.518 Y3.356 F1200
M5
G0 X90.095 Y3.656 F3000
M4 S150
G1 X91.927 Y3.656 F1200
M5
G0 X89.691 Y3.956 F3000
M4 S150
G1 X92.331 Y3.956 F1200
M5
G0 X89.286 Y4.256 F3000
M4 S150
G1 X92.736 Y4.256 F1200
M5
G0 X88.882 Y4.556 F3000
M4 S150
G1 X93.140 Y4.556 F1200
M5
G0 X88.477 Y4.856 F3000
M4 S150
G1 X93.545 Y4.856 F1200
M5
G0 X88.073 Y5.156 F3000
M4 S150
G1 X93.949 Y5.156 F1200
M5
G0 X87.668 Y5.456 F3000
M4 S150
G1 X94.354 Y5.456 F1200
M5
G0 X87.264 Y5.756 F3000
M4 S150
G1 X94.758 Y5.756 F1200
M5
G0 X86.859 Y6.056 F3000
M4 S150
G1 X95.163 Y6.056 F1200
M5
G0 X86.455 Y6.356 F3000
M4 S150
G1 X95.567 Y6.356 F1200
M5
G0 X86.050 Y6.656 F3000
M4 S150
G1 X95.972 Y6.656 F1200
M5
G0 X85.646 Y6.956 F3000
M4 S150
G1 X96.376 Y6.956 F1200
M5
G0 X85.241 Y7.256 F3000
M4 S150
G1 X96.781 Y7.256 F1200
M5
G0 X84.836 Y7.556 F3000
M4 S150
G1 X97.185 Y7.556 F1200
M5
G0 X84.432 Y7.856 F3000
M4 S150
G1 X97.590 Y7.856 F1200
M5
G0 X84.027 Y8.156 F3000
M4 S150
G1 X97.994 Y8.156 F1200
M5
G0 X83.623 Y8.456 F3000
M4 S150
G1 X98.399 Y8.456 F1200
M5
G0 X83.218 Y8.756 F3000
M4 S150
G1 X98.803 Y8.756 F1200
M5
G0 X82.814 Y9.056 F3000
M4 S150
G1 X99.208 Y9.056 F1200
M5
G0 X82.409 Y9.356 F3000
M4 S150
G1 X99.612 Y9.356 F1200
M5
G0 X82.005 Y9.656 F3000
M4 S150
G1 X100.017 Y9.656 F1200
M5
G0 X81.600 Y9.956 F3000
M4 S150
G1 X100.421 Y9.956 F1200
M5
G0 X81.196 Y10.256 F3000
M4 S150
G1 X100.826 Y10.256 F1200
M5
G0 X80.791 Y10.556 F3000
M4 S150
G1 X101.230 Y10.556 F1200
M5
G0 X80.387 Y10.856 F3000
M4 S150
G1 X101.635 Y10.856 F1200
M5
G0 X79.982 Y11.156 F3000
M4 S150
G1 X102.040 Y11.156 F1200
M5
G0 X79.578 Y11.456 F3000
M4 S150
G1 X102.444 Y11.456 F1200
M5
G0 X79.173 Y11.756 F3000
M4 S150
G1 X102.849 Y11.756 F1200
M5
G0 X78.769 Y12.056 F3000
M4 S150
G1 X103.253 Y12.056 F1200
M5
G0 X78.364 Y12.356 F3000
M4 S150
G1 X103.658 Y12.356 F1200
M5
G0 X77.960 Y12.656 F3000
M4 S150
G1 X104.062 Y12.656 F1200
M5
G0 X77.555 Y12.956 F3000
M4 S150
G1 X104.467 Y12.956 F1200
M5
G0 X77.264 Y13.256 F3000
M4 S150
G1 X104.758 Y13.256 F1200
M5
G0 X77.126 Y13.556 F3000
M4 S150
G1 X104.896 Y13.556 F1200
M5
G0 X77.087 Y13.856 F3000
M4 S150
G1 X104.935 Y13.856 F1200
M5
G0 X77.131 Y14.156 F3000
M4 S150
G1 X104.890 Y14.156 F1200
M5
G0 X77.265 Y14.456 F3000
M4 S150
G1 X104.757 Y14.456 F1200
M5
G0 X77.545 Y14.756 F3000
M4 S150
G1 X104.477 Y14.756 F1200
M5
G0 X77.049 Y17.156 F3000
M4 S150
G1 X93.977 Y17.156 F1200
M5
G0 X99.143 Y17.156 F3000
M4 S150
G1 X101.776 Y17.156 F1200
M5
G0 X77.049 Y17.456 F3000
M4 S150
G1 X93.977 Y17.456 F1200
M5
G0 X98.406 Y17.456 F3000
M4 S150
G1 X102.513 Y17.456 F1200
M5
G0 X77.049 Y17.756 F3000
M4 S150
G1 X93.977 Y17.756 F1200
M5
G0 X97.903 Y17.756 F3000
M4 S150
G1 X103.016 Y17.756 F1200
M5
G0 X77.049 Y18.056 F3000
M4 S150
G1 X93.977 Y18.056 F1200
M5
G0 X97.516 Y18.056 F3000
M4 S150
G1 X103.403 Y18.056 F1200
M5
G0 X77.049 Y18.356 F3000
M4 S150
G1 X93.977 Y18.356 F1200
M5
G0 X97.200 Y18.356 F3000
M4 S150
G1 X103.719 Y18.356 F1200
M5
G0 X77.049 Y18.656 F3000
M4 S150
G1 X93.977 Y18.656 F1200
M5
G0 X96.937 Y18.656 F3000
M4 S150
G1 X103.981 Y18.656 F1200
M5
G0 X77.049 Y18.956 F3000
M4 S150
G1 X93.977 Y18.956 F1200
M5
G0 X96.715 Y18.956 F3000
M4 S150
G1 X104.203 Y18.956 F1200
M5
G0 X77.049 Y19.256 F3000
M4 S150
G1 X93.977 Y19.256 F1200
M5
G0 X96.534 Y19.256 F3000
M4 S150
G1 X104.385 Y19.256 F1200
M5
G0 X77.049 Y19.556 F3000
M4 S150
G1 X93.977 Y19.556 F1200
M5
G0 X96.384 Y19.556 F3000
M4 S150
G1 X104.535 Y19.556 F1200
M5
G0 X77.049 Y19.856 F3000
M4 S150
G1 X93.977 Y19.856 F1200
M5
G0 X96.257 Y19.856 F3000
M4 S150
G1 X104.661 Y19.856 F1200
M5
G0 X77.049 Y20.156 F3000
M4 S150
G1 X93.977 Y20.156 F1200
M5
G0 X96.153 Y20.156 F3000
M4 S150
G1 X104.766 Y20.156 F1200
M5
G0 X77.049 Y20.456 F3000
M4 S150
G1 X93.977 Y20.456 F1200
M5
G0 X96.077 Y20.456 F3000
M4 S150
G1 X104.842 Y20.456 F1200
M5
G0 X77.049 Y20.756 F3000
M4 S150
G1 X93.977 Y20.756 F1200
M5
G0 X96.023 Y20.756 F3000
M4 S150
G1 X104.896 Y20.756 F1200
M5
G0 X77.049 Y21.056 F3000
M4 S150
G1 X93.977 Y21.056 F1200
M5
G0 X95.986 Y21.056 F3000
M4 S150
G1 X104.933 Y21.056 F1200
M5
G0 X77.049 Y21.356 F3000
M4 S150
G1 X93.977 Y21.356 F1200
M5
G0 X95.971 Y21.356 F3000
M4 S150
G1 X104.948 Y21.356 F1200
M5
G0 X77.049 Y21.656 F3000
M4 S150
G1 X93.977 Y21.656 F1200
M5
G0 X95.980 Y21.656 F3000
M4 S150
G1 X104.939 Y21.656 F1200
M5
G0 X77.049 Y21.956 F3000
M4 S150
G1 X93.977 Y21.956 F1200
M5
G0 X96.005 Y21.956 F3000
M4 S150
G1 X104.914 Y21.956 F1200
M5
G0 X77.049 Y22.256 F3000
M4 S150
G1 X93.977 Y22.256 F1200
M5
G0 X96.050 Y22.256 F3000
M4 S150
G1 X104.869 Y22.256 F1200
M5
G0 X77.049 Y22.556 F3000
M4 S150
G1 X93.977 Y22.556 F1200
M5
G0 X96.123 Y22.556 F3000
M4 S150
G1 X104.796 Y22.556 F1200
M5
G0 X77.049 Y22.856 F3000
M4 S150
G1 X93.977 Y22.856 F1200
M5
G0 X96.214 Y22.856 F3000
M4 S150
G1 X104.704 Y22.856 F1200
M5
G0 X77.049 Y23.156 F3000
M4 S150
G1 X93.977 Y23.156 F1200
M5
G0 X96.327 Y23.156 F3000
M4 S150
G1 X104.592 Y23.156 F1200
M5
G0 X77.049 Y23.456 F3000
M4 S150
G1 X93.977 Y23.456 F1200
M5
G0 X96.470 Y23.456 F3000
M4 S150
G1 X104.449 Y23.456 F1200
M5
G0 X77.049 Y23.756 F3000
M4 S150
G1 X93.977 Y23.756 F1200
M5
G0 X96.643 Y23.756 F3000
M4 S150
G1 X104.276 Y23.756 F1200
M5
G0 X77.049 Y24.056 F3000
M4 S150
G1 X93.977 Y24.056 F1200
M5
G0 X96.848 Y24.056 F3000
M4 S150
G1 X104.071 Y24.056 F1200
M5
G0 X77.049 Y24.356 F3000
M4 S150
G1 X93.977 Y24.356 F1200
M5
G0 X97.091 Y24.356 F3000
M4 S150
G1 X103.828 Y24.356 F1200
M5
G0 X77.049 Y24.656 F3000
M4 S150
G1 X93.977 Y24.656 F1200
M5
G0 X97.383 Y24.656 F3000
M4 S150
G1 X103.536 Y24.656 F1200
M5
G0 X77.049 Y24.956 F3000
M4 S150
G1 X93.977 Y24.956 F1200
M5
G0 X97.740 Y24.956 F3000
M4 S150
G1 X103.179 Y24.956 F1200
M5
G0 X77.051 Y25.256 F3000
M4 S150
G1 X93.975 Y25.256 F1200
M5
G0 X98.191 Y25.256 F3000
M4 S150
G1 X102.728 Y25.256 F1200
M5
G0 X77.086 Y25.556 F3000
M4 S150
G1 X93.940 Y25.556 F1200
M5
G0 X98.806 Y25.556 F3000
M4 S150
G1 X102.113 Y25.556 F1200
M5
G0 X77.185 Y25.856 F3000
M4 S150
G1 X93.842 Y25.856 F1200
M5
G0 X100.132 Y25.856 F3000
M4 S150
G1 X100.786 Y25.856 F1200
M5
G0 X77.361 Y26.156 F3000
M4 S150
G1 X93.666 Y26.156 F1200
M5
G0 X77.652 Y26.456 F3000
M4 S150
G1 X93.374 Y26.456 F1200
M5
G0 X78.285 Y26.756 F3000
M4 S150
G1 X92.742 Y26.756 F1200
M5
G0 X76.000 Y35.000 F3000
M4 S200
G1 X77.200 Y35.000 F1500
M5
G0 X76.000 Y35.000 F3000
M4 S200
G1 X76.000 Y34.000 F1500
M5
G0 X76.000 Y34.000 F3000
M4 S200
G1 X76.000 Y33.000 F1500
M5
G0 X76.000 Y33.000 F3000
M4 S200
G1 X77.200 Y33.000 F1500
M5
G0 X77.200 Y34.000 F3000
M4 S200
G1 X77.200 Y33.000 F1500
M5
G0 X76.000 Y34.000 F3000
M4 S200
G1 X77.200 Y34.000 F1500
M5
G0 X77.600 Y34.000 F3000
M4 S200
G1 X78.800 Y34.000 F1500
M5
G0 X79.200 Y35.000 F3000
M4 S200
G1 X80.400 Y35.000 F1500
M5
G0 X80.400 Y35.000 F3000
M4 S200
G1 X80.400 Y34.000 F1500
M5
G0 X80.400 Y34.000 F3000
M4 S200
G1 X80.400 Y33.000 F1500
M5
G0 X79.200 Y33.000 F3000
M4 S200
G1 X80.400 Y33.000 F1500
M5
G0 X79.200 Y34.000 F3000
M4 S200
G1 X79.200 Y33.000 F1500
M5
G0 X79.200 Y35.000 F3000
M4 S200
G1 X79.200 Y34.000 F1500
M5
G0 X80.800 Y35.000 F3000
M4 S200
G1 X82.000 Y35.000 F1500
M5
G0 X82.000 Y35.000 F3000
M4 S200
G1 X82.000 Y34.000 F1500
M5
G0 X82.000 Y34.000 F3000
M4 S200
G1 X82.000 Y33.000 F1500
M5
G0 X80.800 Y33.000 F3000
M4 S200
G1 X82.000 Y33.000 F1500
M5
G0 X80.800 Y34.000 F3000
M4 S200
G1 X80.800 Y33.000 F1500
M5
G0 X80.800 Y35.000 F3000
M4 S200
G1 X80.800 Y34.000 F1500
M5
G0 X82.400 Y35.000 F3000
M4 S200
G1 X83.600 Y35.000 F1500
M5
G0 X83.600 Y35.000 F3000
M4 S200
G1 X83.600 Y34.000 F1500
M5
G0 X82.400 Y34.000 F3000
M4 S200
G1 X83.600 Y34.000 F1500
M5
G0 X83.600 Y34.000 F3000
M4 S200
G1 X83.600 Y33.000 F1500
M5
G0 X82.400 Y33.000 F3000
M4 S200
G1 X83.600 Y33.000 F1500
M5
G0 X116.624 Y26.794 F3000
M4 S150
G1 X130.403 Y26.794 F1500
G1 X130.563 Y26.786 F1500
G1 X130.720 Y26.762 F1500
G1 X130.870 Y26.723 F1500
G1 X131.015 Y26.670 F1500
G1 X131.153 Y26.604 F1500
G1 X131.283 Y26.525 F1500
G1 X131.404 Y26.434 F1500
G1 X131.516 Y26.332 F1500
G1 X131.617 Y26.221 F1500
G1 X131.708 Y26.099 F1500
G1 X131.787 Y25.970 F1500
G1 X131.853 Y25.832 F1500
G1 X131.906 Y25.687 F1500
G1 X131.945 Y25.536 F1500
G1 X131.969 Y25.380 F1500
G1 X131.977 Y25.219 F1500
G1 X131.977 Y16.960 F1500
G1 X115.049 Y16.960 F1500
G1 X115.049 Y25.219 F1500
G1 X115.057 Y25.380 F1500
G1 X115.081 Y25.536 F1500
G1 X115.120 Y25.687 F1500
G1 X115.173 Y25.832 F1500
G1 X115.239 Y25.969 F1500
G1 X115.318 Y26.099 F1500
G1 X115.409 Y26.220 F1500
G1 X115.511 Y26.332 F1500
G1 X115.622 Y26.434 F1500
G1 X115.744 Y26.525 F1500
G1 X115.873 Y26.604 F1500
G1 X116.011 Y26.670 F1500
G1 X116.156 Y26.723 F1500
G1 X116.307 Y26.762 F1500
G1 X116.463 Y26.786 F1500
G1 X116.624 Y26.794 F1500
G1 X116.624 Y26.794 F1500
M5
G0 X142.951 Y21.416 F3000
M4 S150
G1 X142.929 Y20.979 F1500
G1 X142.864 Y20.547 F1500
G1 X142.757 Y20.122 F1500
G1 X142.609 Y19.711 F1500
G1 X142.420 Y19.315 F1500
G1 X142.194 Y18.940 F1500
G1 X141.931 Y18.589 F1500
G1 X141.635 Y18.265 F1500
G1 X141.309 Y17.971 F1500
G1 X140.955 Y17.711 F1500
G1 X140.577 Y17.486 F1500
G1 X140.178 Y17.299 F1500
G1 X139.763 Y17.152 F1500
G1 X139.336 Y17.045 F1500
G1 X138.900 Y16.981 F1500
G1 X138.459 Y16.960 F1500
G1 X138.019 Y16.981 F1500
G1 X137.583 Y17.045 F1500
G1 X137.156 Y17.152 F1500
G1 X136.741 Y17.299 F1500
G1 X136.342 Y17.486 F1500
G1 X135.964 Y17.711 F1500
G1 X135.610 Y17.971 F1500
G1 X135.283 Y18.265 F1500
G1 X134.987 Y18.589 F1500
G1 X134.725 Y18.940 F1500
G1 X134.498 Y19.315 F1500
G1 X134.310 Y19.711 F1500
G1 X134.161 Y20.122 F1500
G1 X134.054 Y20.547 F1500
G1 X133.990 Y20.979 F1500
G1 X133.968 Y21.416 F1500
G1 X133.990 Y21.853 F1500
G1 X134.054 Y22.285 F1500
G1 X134.161 Y22.709 F1500
G1 X134.310 Y23.121 F1500
G1 X134.498 Y23.516 F1500
G1 X134.725 Y23.892 F1500
G1 X134.987 Y24.243 F1500
G1 X135.283 Y24.567 F1500
G1 X135.610 Y24.861 F1500
G1 X135.964 Y25.121 F1500
G1 X136.342 Y25.346 F1500
G1 X136.741 Y25.533 F1500
G1 X137.156 Y25.680 F1500
G1 X137.583 Y25.786 F1500
G1 X138.019 Y25.851 F1500
G1 X138.459 Y25.872 F1500
G1 X138.900 Y25.851 F1500
G1 X139.336 Y25.786 F1500
G1 X139.763 Y25.680 F1500
G1 X140.178 Y25.533 F1500
G1 X140.577 Y25.346 F1500
G1 X140.955 Y25.121 F1500
G1 X141.309 Y24.861 F1500
G1 X141.635 Y24.567 F1500
G1 X141.931 Y24.243 F1500
G1 X142.194 Y23.892 F1500
G1 X142.420 Y23.516 F1500
G1 X142.609 Y23.121 F1500
G1 X142.757 Y22.709 F1500
G1 X142.864 Y22.285 F1500
G1 X142.929 Y21.853 F1500
G1 X142.951 Y21.416 F1500
M5
G0 X129.568 Y3.390 F3000
M4 S150
G1 X142.488 Y12.972 F1500
G1 X142.633 Y13.098 F1500
G1 X142.748 Y13.239 F1500
G1 X142.835 Y13.391 F1500
G1 X142.895 Y13.550 F1500
G1 X142.928 Y13.714 F1500
G1 X142.936 Y13.880 F1500
G1 X142.919 Y14.044 F1500
G1 X142.878 Y14.205 F1500
G1 X142.815 Y14.357 F1500
G1 X142.731 Y14.499 F1500
G1 X142.626 Y14.628 F1500
G1 X142.502 Y14.740 F1500
G1 X142.359 Y14.833 F1500
G1 X142.199 Y14.903 F1500
G1 X142.022 Y14.947 F1500
G1 X141.830 Y14.962 F1500
G1 X116.192 Y14.962 F1500
G1 X116.000 Y14.947 F1500
G1 X115.823 Y14.903 F1500
G1 X115.663 Y14.833 F1500
G1 X115.520 Y14.740 F1500
G1 X115.396 Y14.628 F1500
G1 X115.291 Y14.499 F1500
G1 X115.207 Y14.357 F1500
G1 X115.144 Y14.205 F1500
G1 X115.103 Y14.044 F1500
G1 X115.086 Y13.880 F1500
G1 X115.094 Y13.714 F1500
G1 X115.127 Y13.550 F1500
G1 X115.186 Y13.391 F1500
G1 X115.273 Y13.239 F1500
G1 X115.389 Y13.098 F1500
G1 X115.534 Y12.972 F1500
G1 X128.454 Y3.390 F1500
G1 X128.517 Y3.347 F1500
G1 X128.583 Y3.310 F1500
G1 X128.651 Y3.278 F1500
G1 X128.721 Y3.252 F1500
G1 X128.792 Y3.232 F1500
G1 X128.865 Y3.218 F1500
G1 X128.937 Y3.209 F1500
G1 X129.011 Y3.206 F1500
G1 X129.084 Y3.209 F1500
G1 X129.157 Y3.218 F1500
G1 X129.229 Y3.232 F1500
G1 X129.301 Y3.252 F1500
G1 X129.370 Y3.278 F1500
G1 X129.438 Y3.310 F1500
G1 X129.504 Y3.347 F1500
G1 X129.567 Y3.390 F1500
G1 X129.568 Y3.390 F1500
M5
G0 X128.504 Y3.356 F3000
M4 S150
G1 X129.518 Y3.356 F1500
M5
G0 X128.095 Y3.656 F3000
M4 S150
G1 X129.927 Y3.656 F1500
M5
G0 X127.691 Y3.956 F3000
M4 S150
G1 X130.331 Y3.956 F1500
M5
G0 X127.286 Y4.256 F3000
M4 S150
G1 X130.736 Y4.256 F1500
M5
G0 X126.882 Y4.556 F3000
M4 S150
G1 X131.140 Y4.556 F1500
M5
G0 X126.477 Y4.856 F3000
M4 S150
G1 X131.545 Y4.856 F1500
M5
G0 X126.073 Y5.156 F3000
M4 S150
G1 X131.949 Y5.156 F1500
M5
G0 X125.668 Y5.456 F3000
M4 S150
G1 X132.354 Y5.456 F1500
M5
G0 X125.264 Y5.756 F3000
M4 S150
G1 X132.758 Y5.756 F1500
M5
G0 X124.859 Y6.056 F3000
M4 S150
G1 X133.163 Y6.056 F1500
M5
G0 X124.455 Y6.356 F3000
M4 S150
G1 X133.567 Y6.356 F1500
M5
G0 X124.050 Y6.656 F3000
M4 S150
G1 X133.972 Y6.656 F1500
M5
G0 X123.646 Y6.956 F3000
M4 S150
G1 X134.376 Y6.956 F1500
M5
G0 X123.241 Y7.256 F3000
M4 S150
G1 X134.781 Y7.256 F1500
M5
G0 X122.836 Y7.556 F3000
M4 S150
G1 X135.185 Y7.556 F1500
M5
G0 X122.432 Y7.856 F3000
M4 S150
G1 X135.590 Y7.856 F1500
M5
G0 X122.027 Y8.156 F3000
M4 S150
G1 X135.994 Y8.156 F1500
M5
G0 X121.623 Y8.456 F3000
M4 S150
G1 X136.399 Y8.456 F1500
M5
G0 X121.218 Y8.756 F3000
M4 S150
G1 X136.803 Y8.756 F1500
M5
G0 X120.814 Y9.056 F3000
M4 S150
G1 X137.208 Y9.056 F1500
M5
G0 X120.409 Y9.356 F3000
M4 S150
G1 X137.612 Y9.356 F1500
M5
G0 X120.005 Y9.656 F3000
M4 S150
G1 X138.017 Y9.656 F1500
M5
G0 X119.600 Y9.956 F3000
M4 S150
G1 X138.421 Y9.956 F1500
M5
G0 X119.196 Y10.256 F3000
M4 S150
G1 X138.826 Y10.256 F1500
M5
G0 X118.791 Y10.556 F3000
M4 S150
G1 X139.230 Y10.556 F1500
M5
G0 X118.387 Y10.856 F3000
M4 S150
G1 X139.635 Y10.856 F1500
M5
G0 X117.982 Y11.156 F3000
M4 S150
G1 X140.040 Y11.156 F1500
M5
G0 X117.578 Y11.456 F3000
M4 S150
G1 X140.444 Y11.456 F1500
M5
G0 X117.173 Y11.756 F3000
M4 S150
G1 X140.849 Y11.756 F1500
M5
G0 X116.769 Y12.056 F3000
M4 S150
G1 X141.253 Y12.056 F1500
M5
G0 X116.364 Y12.356 F3000
M4 S150
G1 X141.658 Y12.356 F1500
M5
G0 X115.960 Y12.656 F3000
M4 S150
G1 X142.062 Y12.656 F1500
M5
G0 X115.555 Y12.956 F3000
M4 S150
G1 X142.467 Y12.956 F1500
M5
G0 X115.264 Y13.256 F3000
M4 S150
G1 X142.758 Y13.256 F1500
M5
G0 X115.126 Y13.556 F3000
M4 S150
G1 X142.896 Y13.556 F1500
M5
G0 X115.087 Y13.856 F3000
M4 S150
G1 X142.935 Y13.856 F1500
M5
G0 X115.131 Y14.156 F3000
M4 S150
G1 X142.890 Y14.156 F1500
M5
G0 X115.265 Y14.456 F3000
M4 S150
G1 X142.757 Y14.456 F1500
M5
G0 X115.545 Y14.756 F3000
M4 S150
G1 X142.477 Y14.756 F1500
M5
G0 X115.049 Y17.156 F3000
M4 S150
G1 X131.977 Y17.156 F1500
M5
G0 X137.143 Y17.156 F3000
M4 S150
G1 X139.776 Y17.156 F1500
M5
G0 X115.049 Y17.456 F3000
M4 S150
G1 X131.977 Y17.456 F1500
M5
G0 X136.406 Y17.456 F3000
M4 S150
G1 X140.513 Y17.456 F1500
M5
G0 X115.049 Y17.756 F3000
M4 S150
G1 X131.977 Y17.756 F1500
M5
G0 X135.903 Y17.756 F3000
M4 S150
G1 X141.016 Y17.756 F1500
M5
G0 X115.049 Y18.056 F3000
M4 S150
G1 X131.977 Y18.056 F1500
M5
G0 X135.516 Y18.056 F3000
M4 S150
G1 X141.403 Y18.056 F1500
M5
G0 X115.049 Y18.356 F3000
M4 S150
G1 X131.977 Y18.356 F1500
M5
G0 X135.200 Y18.356 F3000
M4 S150
G1 X141.719 Y18.356 F1500
M5
G0 X115.049 Y18.656 F3000
M4 S150
G1 X131.977 Y18.656 F1500
M5
G0 X134.937 Y18.656 F3000
M4 S150
G1 X141.981 Y18.656 F1500
M5
G0 X115.049 Y18.956 F3000
M4 S150
G1 X131.977 Y18.956 F1500
M5
G0 X134.715 Y18.956 F3000
M4 S150
G1 X142.203 Y18.956 F1500
M5
G0 X115.049 Y19.256 F3000
M4 S150
G1 X131.977 Y19.256 F1500
M5
G0 X134.534 Y19.256 F3000
M4 S150
G1 X142.385 Y19.256 F1500
M5
G0 X115.049 Y19.556 F3000
M4 S150
G1 X131.977 Y19.556 F1500
M5
G0 X134.384 Y19.556 F3000
M4 S150
G1 X142.535 Y19.556 F1500
M5
G0 X115.049 Y19.856 F3000
M4 S150
G1 X131.977 Y19.856 F1500
M5
G0 X134.257 Y19.856 F3000
M4 S150
G1 X142.661 Y19.856 F1500
M5
G0 X115.049 Y20.156 F3000
M4 S150
G1 X131.977 Y20.156 F1500
M5
G0 X134.153 Y20.156 F3000
M4 S150
G1 X142.766 Y20.156 F1500
M5
G0 X115.049 Y20.456 F3000
M4 S150
G1 X131.977 Y20.456 F1500
M5
G0 X134.077 Y20.456 F3000
M4 S150
G1 X142.842 Y20.456 F1500
M5
G0 X115.049 Y20.756 F3000
M4 S150
G1 X131.977 Y20.756 F1500
M5
G0 X134.023 Y20.756 F3000
M4 S150
G1 X142.896 Y20.756 F1500
M5
G0 X115.049 Y21.056 F3000
M4 S150
G1 X131.977 Y21.056 F1500
M5
G0 X133.986 Y21.056 F3000
M4 S150
G1 X142.933 Y21.056 F1500
M5
G0 X115.049 Y21.356 F3000
M4 S150
G1 X131.977 Y21.356 F1500
M5
G0 X133.971 Y21.356 F3000
M4 S150
G1 X142.948 Y21.356 F1500
M5
G0 X115.049 Y21.656 F3000
M4 S150
G1 X131.977 Y21.656 F1500
M5
G0 X133.980 Y21.656 F3000
M4 S150
G1 X142.939 Y21.656 F1500
M5
G0 X115.049 Y21.956 F3000
M4 S150
G1 X131.977 Y21.956 F1500
M5
G0 X134.005 Y21.956 F3000
M4 S150
G1 X142.914 Y21.956 F1500
M5
G0 X115.049 Y22.256 F3000
M4 S150
G1 X131.977 Y22.256 F1500
M5
G0 X134.050 Y22.256 F3000
M4 S150
G1 X142.869 Y22.256 F1500
M5
G0 X115.049 Y22.556 F3000
M4 S150
G1 X131.977 Y22.556 F1500
M5
G0 X134.123 Y22.556 F3000
M4 S150
G1 X142.796 Y22.556 F1500
M5
G0 X115.049 Y22.856 F3000
M4 S150
G1 X131.977 Y22.856 F1500
M5
G0 X134.214 Y22.856 F3000
M4 S150
G1 X142.704 Y22.856 F1500
M5
G0 X115.049 Y23.156 F3000
M4 S150
G1 X131.977 Y23.156 F1500
M5
G0 X134.327 Y23.156 F3000
M4 S150
G1 X142.592 Y23.156 F1500
M5
G0 X115.049 Y23.456 F3000
M4 S150
G1 X131.977 Y23.456 F1500
M5
G0 X134.470 Y23.456 F3000
M4 S150
G1 X142.449 Y23.456 F1500
M5
G0 X115.049 Y23.756 F3000
M4 S150
G1 X131.977 Y23.756 F1500
M5
G0 X134.643 Y23.756 F3000
M4 S150
G1 X142.276 Y23.756 F1500
M5
G0 X115.049 Y24.056 F3000
M4 S150
G1 X131.977 Y24.056 F1500
M5
G0 X134.848 Y24.056 F3000
M4 S150
G1 X142.071 Y24.056 F1500
M5
G0 X115.049 Y24.356 F3000
M4 S150
G1 X131.977 Y24.356 F1500
M5
G0 X135.091 Y24.356 F3000
M4 S150
G1 X141.828 Y24.356 F1500
M5
G0 X115.049 Y24.656 F3000
M4 S150
G1 X131.977 Y24.656 F1500
M5
G0 X135.383 Y24.656 F3000
M4 S150
G1 X141.536 Y24.656 F1500
M5
G0 X115.049 Y24.956 F3000
M4 S150
G1 X131.977 Y24.956 F1500
M5
G0 X135.740 Y24.956 F3000
M4 S150
G1 X141.179 Y24.956 F1500
M5
G0 X115.051 Y25.256 F3000
M4 S150
G1 X131.975 Y25.256 F1500
M5
G0 X136.191 Y25.256 F3000
M4 S150
G1 X140.728 Y25.256 F1500
M5
G0 X115.086 Y25.556 F3000
M4 S150
G1 X131.940 Y25.556 F1500
M5
G0 X136.806 Y25.556 F3000
M4 S150
G1 X140.113 Y25.556 F1500
M5
G0 X115.185 Y25.856 F3000
M4 S150
G1 X131.842 Y25.856 F1500
M5
G0 X138.132 Y25.856 F3000
M4 S150
G1 X138.786 Y25.856 F1500
M5
G0 X115.361 Y26.156 F3000
M4 S150
G1 X131.666 Y26.156 F1500
M5
G0 X115.652 Y26.456 F3000
M4 S150
G1 X131.374 Y26.456 F1500
M5
G0 X116.285 Y26.756 F3000
M4 S150
G1 X130.742 Y26.756 F1500
M5
G0 X114.000 Y35.000 F3000
M4 S200
G1 X115.200 Y35.000 F1500
M5
G0 X114.000 Y35.000 F3000
M4 S200
G1 X114.000 Y34.000 F1500
M5
G0 X114.000 Y34.000 F3000
M4 S200
G1 X114.000 Y33.000 F1500
M5
G0 X114.000 Y33.000 F3000
M4 S200
G1 X115.200 Y33.000 F1500
M5
G0 X115.200 Y34.000 F3000
M4 S200
G1 X115.200 Y33.000 F1500
M5
G0 X114.000 Y34.000 F3000
M4 S200
G1 X115.200 Y34.000 F1500
M5
G0 X115.600 Y34.000 F3000
M4 S200
G1 X116.800 Y34.000 F1500
M5
G0 X117.200 Y35.000 F3000
M4 S200
G1 X118.400 Y35.000 F1500
M5
G0 X118.400 Y35.000 F3000
M4 S200
G1 X118.400 Y34.000 F1500
M5
G0 X118.400 Y34.000 F3000
M4 S200
G1 X118.400 Y33.000 F1500
M5
G0 X117.200 Y33.000 F3000
M4 S200
G1 X118.400 Y33.000 F1500
M5
G0 X117.200 Y34.000 F3000
M4 S200
G1 X117.200 Y33.000 F1500
M5
G0 X117.200 Y35.000 F3000
M4 S200
G1 X117.200 Y34.000 F1500
M5
G0 X118.800 Y35.000 F3000
M4 S200
G1 X120.000 Y35.000 F1500
M5
G0 X120.000 Y35.000 F3000
M4 S200
G1 X120.000 Y34.000 F1500
M5
G0 X120.000 Y34.000 F3000
M4 S200
G1 X120.000 Y33.000 F1500
M5
G0 X118.800 Y33.000 F3000
M4 S200
G1 X120.000 Y33.000 F1500
M5
G0 X118.800 Y34.000 F3000
M4 S200
G1 X118.800 Y33.000 F1500
M5
G0 X118.800 Y35.000 F3000
M4 S200
G1 X118.800 Y34.000 F1500
M5
G0 X120.400 Y35.000 F3000
M4 S200
G1 X120.400 Y34.000 F1500
M5
G0 X120.400 Y34.000 F3000
M4 S200
G1 X121.600 Y34.000 F1500
M5
G0 X121.600 Y35.000 F3000
M4 S200
G1 X121.600 Y34.000 F1500
M5
G0 X121.600 Y34.000 F3000
M4 S200
G1 X121.600 Y33.000 F1500
M5
G0 X116.624 Y64.794 F3000
M4 S200
G1 X130.403 Y64.794 F1500
G1 X130.563 Y64.786 F1500
G1 X130.720 Y64.762 F1500
G1 X130.870 Y64.723 F1500
G1 X131.015 Y64.670 F1500
G1 X131.153 Y64.604 F1500
G1 X131.283 Y64.525 F1500
G1 X131.404 Y64.434 F1500
G1 X131.516 Y64.332 F1500
G1 X131.617 Y64.221 F1500
G1 X131.708 Y64.099 F1500
G1 X131.787 Y63.970 F1500
G1 X131.853 Y63.832 F1500
G1 X131.906 Y63.687 F1500
G1 X131.945 Y63.536 F1500
G1 X131.969 Y63.380 F1500
G1 X131.977 Y63.219 F1500
G1 X131.977 Y54.960 F1500
G1 X115.049 Y54.960 F1500
G1 X115.049 Y63.219 F1500
G1 X115.057 Y63.380 F1500
G1 X115.081 Y63.536 F1500
G1 X115.120 Y63.687 F1500
G1 X115.173 Y63.832 F1500
G1 X115.239 Y63.969 F1500
G1 X115.318 Y64.099 F1500
G1 X115.409 Y64.220 F1500
G1 X115.511 Y64.332 F1500
G1 X115.622 Y64.434 F1500
G1 X115.744 Y64.525 F1500
G1 X115.873 Y64.604 F1500
G1 X116.011 Y64.670 F1500
G1 X116.156 Y64.723 F1500
G1 X116.307 Y64.762 F1500
G1 X116.463 Y64.786 F1500
G1 X116.624 Y64.794 F1500
G1 X116.624 Y64.794 F1500
M5
G0 X142.951 Y59.416 F3000
M4 S200
G1 X142.929 Y58.979 F1500
G1 X142.864 Y58.547 F1500
G1 X142.757 Y58.122 F1500
G1 X142.609 Y57.711 F1500
G1 X142.420 Y57.315 F1500
G1 X142.194 Y56.940 F1500
G1 X141.931 Y56.589 F1500
G1 X141.635 Y56.265 F1500
G1 X141.309 Y55.971 F1500
G1 X140.955 Y55.711 F1500
G1 X140.577 Y55.486 F1500
G1 X140.178 Y55.299 F1500
G1 X139.763 Y55.152 F1500
G1 X139.336 Y55.045 F1500
G1 X138.900 Y54.981 F1500
G1 X138.459 Y54.960 F1500
G1 X138.019 Y54.981 F1500
G1 X137.583 Y55.045 F1500
G1 X137.156 Y55.152 F1500
G1 X136.741 Y55.299 F1500
G1 X136.342 Y55.486 F1500
G1 X135.964 Y55.711 F1500
G1 X135.610 Y55.971 F1500
G1 X135.283 Y56.265 F1500
G1 X134.987 Y56.589 F1500
G1 X134.725 Y56.940 F1500
G1 X134.498 Y57.315 F1500
G1 X134.310 Y57.711 F1500
G1 X134.161 Y58.122 F1500
G1 X134.054 Y58.547 F1500
G1 X133.990 Y58.979 F1500
G1 X133.968 Y59.416 F1500
G1 X133.990 Y59.853 F1500
G1 X134.054 Y60.285 F1500
G1 X134.161 Y60.709 F1500
G1 X134.310 Y61.121 F1500
G1 X134.498 Y61.516 F1500
G1 X134.725 Y61.892 F1500
G1 X134.987 Y62.243 F1500
G1 X135.283 Y62.567 F1500
G1 X135.610 Y62.861 F1500
G1 X135.964 Y63.121 F1500
G1 X136.342 Y63.346 F1500
G1 X136.741 Y63.533 F1500
G1 X137.156 Y63.680 F1500
G1 X137.583 Y63.786 F1500
G1 X138.019 Y63.851 F1500
G1 X138.459 Y63.872 F1500
G1 X138.900 Y63.851 F1500
G1 X139.336 Y63.786 F1500
G1 X139.763 Y63.680 F1500
G1 X140.178 Y63.533 F1500
G1 X140.577 Y63.346 F1500
G1 X140.955 Y63.121 F1500
G1 X141.309 Y62.861 F1500
G1 X141.635 Y62.567 F1500
G1 X141.931 Y62.243 F1500
G1 X142.194 Y61.892 F1500
G1 X142.420 Y61.516 F1500
G1 X142.609 Y61.121 F1500
G1 X142.757 Y60.709 F1500
G1 X142.864 Y60.285 F1500
G1 X142.929 Y59.853 F1500
G1 X142.951 Y59.416 F1500
M5
G0 X129.568 Y41.390 F3000
M4 S200
G1 X142.488 Y50.972 F1500
G1 X142.633 Y51.098 F1500
G1 X142.748 Y51.239 F1500
G1 X142.835 Y51.391 F1500
G1 X142.895 Y51.550 F1500
G1 X142.928 Y51.714 F1500
G1 X142.936 Y51.880 F1500
G1 X142.919 Y52.044 F1500
G1 X142.878 Y52.205 F1500
G1 X142.815 Y52.357 F1500
G1 X142.731 Y52.499 F1500
G1 X142.626 Y52.628 F1500
G1 X142.502 Y52.740 F1500
G1 X142.359 Y52.833 F1500
G1 X142.199 Y52.903 F1500
G1 X142.022 Y52.947 F1500
G1 X141.830 Y52.962 F1500
G1 X116.192 Y52.962 F1500
G1 X116.000 Y52.947 F1500
G1 X115.823 Y52.903 F1500
G1 X115.663 Y52.833 F1500
G1 X115.520 Y52.740 F1500
G1 X115.396 Y52.628 F1500
G1 X115.291 Y52.499 F1500
G1 X115.207 Y52.357 F1500
G1 X115.144 Y52.205 F1500
G1 X115.103 Y52.044 F1500
G1 X115.086 Y51.880 F1500
G1 X115.094 Y51.714 F1500
G1 X115.127 Y51.550 F1500
G1 X115.186 Y51.391 F1500
G1 X115.273 Y51.239 F1500
G1 X115.389 Y51.098 F1500
G1 X115.534 Y50.972 F1500
G1 X128.454 Y41.390 F1500
G1 X128.517 Y41.347 F1500
G1 X128.583 Y41.310 F1500
G1 X128.651 Y41.278 F1500
G1 X128.721 Y41.252 F1500
G1 X128.792 Y41.232 F1500
G1 X128.865 Y41.218 F1500
G1 X128.937 Y41.209 F1500
G1 X129.011 Y41.206 F1500
G1 X129.084 Y41.209 F1500
G1 X129.157 Y41.218 F1500
G1 X129.229 Y41.232 F1500
G1 X129.301 Y41.252 F1500
G1 X129.370 Y41.278 F1500
G1 X129.438 Y41.310 F1500
G1 X129.504 Y41.347 F1500
G1 X129.567 Y41.390 F1500
G1 X129.568 Y41.390 F1500
M5
G0 X128.504 Y41.356 F3000
M4 S200
G1 X129.518 Y41.356 F1500
M5
G0 X128.095 Y41.656 F3000
M4 S200
G1 X129.927 Y41.656 F1500
M5
G0 X127.691 Y41.956 F3000
M4 S200
G1 X130.331 Y41.956 F1500
M5
G0 X127.286 Y42.256 F3000
M4 S200
G1 X130.736 Y42.256 F1500
M5
G0 X126.882 Y42.556 F3000
M4 S200
G1 X131.140 Y42.556 F1500
M5
G0 X126.477 Y42.856 F3000
M4 S200
G1 X131.545 Y42.856 F1500
M5
G0 X126.073 Y43.156 F3000
M4 S200
G1 X131.949 Y43.156 F1500
M5
G0 X125.668 Y43.456 F3000
M4 S200
G1 X132.354 Y43.456 F1500
M5
G0 X125.264 Y43.756 F3000
M4 S200
G1 X132.758 Y43.756 F1500
M5
G0 X124.859 Y44.056 F3000
M4 S200
G1 X133.163 Y44.056 F1500
M5
G0 X124.455 Y44.356 F3000
M4 S200
G1 X133.567 Y44.356 F1500
M5
G0 X124.050 Y44.656 F3000
M4 S200
G1 X133.972 Y44.656 F1500
M5
G0 X123.646 Y44.956 F3000
M4 S200
G1 X134.376 Y44.956 F1500
M5
G0 X123.241 Y45.256 F3000
M4 S200
G1 X134.781 Y45.256 F1500
M5
G0 X122.836 Y45.556 F3000
M4 S200
G1 X135.185 Y45.556 F1500
M5
G0 X122.432 Y45.856 F3000
M4 S200
G1 X135.590 Y45.856 F1500
M5
G0 X122.027 Y46.156 F3000
M4 S200
G1 X135.994 Y46.156 F1500
M5
G0 X121.623 Y46.456 F3000
M4 S200
G1 X136.399 Y46.456 F1500
M5
G0 X121.218 Y46.756 F3000
M4 S200
G1 X136.803 Y46.756 F1500
M5
G0 X120.814 Y47.056 F3000
M4 S200
G1 X137.208 Y47.056 F1500
M5
G0 X120.409 Y47.356 F3000
M4 S200
G1 X137.612 Y47.356 F1500
M5
G0 X120.005 Y47.656 F3000
M4 S200
G1 X138.017 Y47.656 F1500
M5
G0 X119.600 Y47.956 F3000
M4 S200
G1 X138.421 Y47.956 F1500
M5
G0 X119.196 Y48.256 F3000
M4 S200
G1 X138.826 Y48.256 F1500
M5
G0 X118.791 Y48.556 F3000
M4 S200
G1 X139.230 Y48.556 F1500
M5
G0 X118.387 Y48.856 F3000
M4 S200
G1 X139.635 Y48.856 F1500
M5
G0 X117.982 Y49.156 F3000
M4 S200
G1 X140.040 Y49.156 F1500
M5
G0 X117.578 Y49.456 F3000
M4 S200
G1 X140.444 Y49.456 F1500
M5
G0 X117.173 Y49.756 F3000
M4 S200
G1 X140.849 Y49.756 F1500
M5
G0 X116.769 Y50.056 F3000
M4 S200
G1 X141.253 Y50.056 F1500
M5
G0 X116.364 Y50.356 F3000
M4 S200
G1 X141.658 Y50.356 F1500
M5
G0 X115.960 Y50.656 F3000
M4 S200
G1 X142.062 Y50.656 F1500
M5
G0 X115.555 Y50.956 F3000
M4 S200
G1 X142.467 Y50.956 F1500
M5
G0 X115.264 Y51.256 F3000
M4 S200
G1 X142.758 Y51.256 F1500
M5
G0 X115.126 Y51.556 F3000
M4 S200
G1 X142.896 Y51.556 F1500
M5
G0 X115.087 Y51.856 F3000
M4 S200
G1 X142.935 Y51.856 F1500
M5
G0 X115.131 Y52.156 F3000
M4 S200
G1 X142.890 Y52.156 F1500
M5
G0 X115.265 Y52.456 F3000
M4 S200
G1 X142.757 Y52.456 F1500
M5
G0 X115.545 Y52.756 F3000
M4 S200
G1 X142.477 Y52.756 F1500
M5
G0 X115.049 Y55.156 F3000
M4 S200
G1 X131.977 Y55.156 F1500
M5
G0 X137.143 Y55.156 F3000
M4 S200
G1 X139.776 Y55.156 F1500
M5
G0 X115.049 Y55.456 F3000
M4 S200
G1 X131.977 Y55.456 F1500
M5
G0 X136.406 Y55.456 F3000
M4 S200
G1 X140.513 Y55.456 F1500
M5
G0 X115.049 Y55.756 F3000
M4 S200
G1 X131.977 Y55.756 F1500
M5
G0 X135.903 Y55.756 F3000
M4 S200
G1 X141.016 Y55.756 F1500
M5
G0 X115.049 Y56.056 F3000
M4 S200
G1 X131.977 Y56.056 F1500
M5
G0 X135.516 Y56.056 F3000
M4 S200
G1 X141.403 Y56.056 F1500
M5
G0 X115.049 Y56.356 F3000
M4 S200
G1 X131.977 Y56.356 F1500
M5
G0 X135.200 Y56.356 F3000
M4 S200
G1 X141.719 Y56.356 F1500
M5
G0 X115.049 Y56.656 F3000
M4 S200
G1 X131.977 Y56.656 F1500
M5
G0 X134.937 Y56.656 F3000
M4 S200
G1 X141.981 Y56.656 F1500
M5
G0 X115.049 Y56.956 F3000
M4 S200
G1 X131.977 Y56.956 F1500
M5
G0 X134.715 Y56.956 F3000
M4 S200
G1 X142.203 Y56.956 F1500
M5
G0 X115.049 Y57.256 F3000
M4 S200
G1 X131.977 Y57.256 F1500
M5
G0 X134.534 Y57.256 F3000
M4 S200
G1 X142.385 Y57.256 F1500
M5
G0 X115.049 Y57.556 F3000
M4 S200
G1 X131.977 Y57.556 F1500
M5
G0 X134.384 Y57.556 F3000
M4 S200
G1 X142.535 Y57.556 F1500
M5
G0 X115.049 Y57.856 F3000
M4 S200
G1 X131.977 Y57.856 F1500
M5
G0 X134.257 Y57.856 F3000
M4 S200
G1 X142.661 Y57.856 F1500
M5
G0 X115.049 Y58.156 F3000
M4 S200
G1 X131.977 Y58.156 F1500
M5
G0 X134.153 Y58.156 F3000
M4 S200
G1 X142.766 Y58.156 F1500
M5
G0 X115.049 Y58.456 F3000
M4 S200
G1 X131.977 Y58.456 F1500
M5
G0 X134.077 Y58.456 F3000
M4 S200
G1 X142.842 Y58.456 F1500
M5
G0 X115.049 Y58.756 F3000
M4 S200
G1 X131.977 Y58.756 F1500
M5
G0 X134.023 Y58.756 F3000
M4 S200
G1 X142.896 Y58.756 F1500
M5
G0 X115.049 Y59.056 F3000
M4 S200
G1 X131.977 Y59.056 F1500
M5
G0 X133.986 Y59.056 F3000
M4 S200
G1 X142.933 Y59.056 F1500
M5
G0 X115.049 Y59.356 F3000
M4 S200
G1 X131.977 Y59.356 F1500
M5
G0 X133.971 Y59.356 F3000
M4 S200
G1 X142.948 Y59.356 F1500
M5
G0 X115.049 Y59.656 F3000
M4 S200
G1 X131.977 Y59.656 F1500
M5
G0 X133.980 Y59.656 F3000
M4 S200
G1 X142.939 Y59.656 F1500
M5
G0 X115.049 Y59.956 F3000
M4 S200
G1 X131.977 Y59.956 F1500
M5
G0 X134.005 Y59.956 F3000
M4 S200
G1 X142.914 Y59.956 F1500
M5
G0 X115.049 Y60.256 F3000
M4 S200
G1 X131.977 Y60.256 F1500
M5
G0 X134.050 Y60.256 F3000
M4 S200
G1 X142.869 Y60.256 F1500
M5
G0 X115.049 Y60.556 F3000
M4 S200
G1 X131.977 Y60.556 F1500
M5
G0 X134.123 Y60.556 F3000
M4 S200
G1 X142.796 Y60.556 F1500
M5
G0 X115.049 Y60.856 F3000
M4 S200
G1 X131.977 Y60.856 F1500
M5
G0 X134.214 Y60.856 F3000
M4 S200
G1 X142.704 Y60.856 F1500
M5
G0 X115.049 Y61.156 F3000
M4 S200
G1 X131.977 Y61.156 F1500
M5
G0 X134.327 Y61.156 F3000
M4 S200
G1 X142.592 Y61.156 F1500
M5
G0 X115.049 Y61.456 F3000
M4 S200
G1 X131.977 Y61.456 F1500
M5
G0 X134.470 Y61.456 F3000
M4 S200
G1 X142.449 Y61.456 F1500
M5
G0 X115.049 Y61.756 F3000
M4 S200
G1 X131.977 Y61.756 F1500
M5
G0 X134.643 Y61.756 F3000
M4 S200
G1 X142.276 Y61.756 F1500
M5
G0 X115.049 Y62.056 F3000
M4 S200
G1 X131.977 Y62.056 F1500
M5
G0 X134.848 Y62.056 F3000
M4 S200
G1 X142.071 Y62.056 F1500
M5
G0 X115.049 Y62.356 F3000
M4 S200
G1 X131.977 Y62.356 F1500
M5
G0 X135.091 Y62.356 F3000
M4 S200
G1 X141.828 Y62.356 F1500
M5
G0 X115.049 Y62.656 F3000
M4 S200
G1 X131.977 Y62.656 F1500
M5
G0 X135.383 Y62.656 F3000
M4 S200
G1 X141.536 Y62.656 F1500
M5
G0 X115.049 Y62.956 F3000
M4 S200
G1 X131.977 Y62.956 F1500
M5
G0 X135.740 Y62.956 F3000
M4 S200
G1 X141.179 Y62.956 F1500
M5
G0 X115.051 Y63.256 F3000
M4 S200
G1 X131.975 Y63.256 F1500
M5
G0 X136.191 Y63.256 F3000
M4 S200
G1 X140.728 Y63.256 F1500
M5
G0 X115.086 Y63.556 F3000
M4 S200
G1 X131.940 Y63.556 F1500
M5
G0 X136.806 Y63.556 F3000
M4 S200
G1 X140.113 Y63.556 F1500
M5
G0 X115.185 Y63.856 F3000
M4 S200
G1 X131.842 Y63.856 F1500
M5
G0 X138.132 Y63.856 F3000
M4 S200
G1 X138.786 Y63.856 F1500
M5
G0 X115.361 Y64.156 F3000
M4 S200
G1 X131.666 Y64.156 F1500
M5
G0 X115.652 Y64.456 F3000
M4 S200
G1 X131.374 Y64.456 F1500
M5
G0 X116.285 Y64.756 F3000
M4 S200
G1 X130.742 Y64.756 F1500
M5
G0 X114.000 Y73.000 F3000
M4 S200
G1 X115.200 Y73.000 F1500
M5
G0 X114.000 Y73.000 F3000
M4 S200
G1 X114.000 Y72.000 F1500
M5
G0 X114.000 Y72.000 F3000
M4 S200
G1 X114.000 Y71.000 F1500
M5
G0 X114.000 Y71.000 F3000
M4 S200
G1 X115.200 Y71.000 F1500
M5
G0 X115.200 Y72.000 F3000
M4 S200
G1 X115.200 Y71.000 F1500
M5
G0 X114.000 Y72.000 F3000
M4 S200
G1 X115.200 Y72.000 F1500
M5
G0 X115.600 Y72.000 F3000
M4 S200
G1 X116.800 Y72.000 F1500
M5
G0 X117.200 Y73.000 F3000
M4 S200
G1 X118.400 Y73.000 F1500
M5
G0 X118.400 Y73.000 F3000
M4 S200
G1 X118.400 Y72.000 F1500
M5
G0 X118.400 Y72.000 F3000
M4 S200
G1 X118.400 Y71.000 F1500
M5
G0 X117.200 Y71.000 F3000
M4 S200
G1 X118.400 Y71.000 F1500
M5
G0 X117.200 Y72.000 F3000
M4 S200
G1 X117.200 Y71.000 F1500
M5
G0 X117.200 Y73.000 F3000
M4 S200
G1 X117.200 Y72.000 F1500
M5
G0 X118.800 Y73.000 F3000
M4 S200
G1 X120.000 Y73.000 F1500
M5
G0 X120.000 Y73.000 F3000
M4 S200
G1 X120.000 Y72.000 F1500
M5
G0 X120.000 Y72.000 F3000
M4 S200
G1 X120.000 Y71.000 F1500
M5
G0 X118.800 Y71.000 F3000
M4 S200
G1 X120.000 Y71.000 F1500
M5
G0 X118.800 Y72.000 F3000
M4 S200
G1 X118.800 Y71.000 F1500
M5
G0 X118.800 Y73.000 F3000
M4 S200
G1 X118.800 Y72.000 F1500
M5
G0 X120.400 Y73.000 F3000
M4 S200
G1 X121.600 Y73.000 F1500
M5
G0 X120.400 Y73.000 F3000
M4 S200
G1 X120.400 Y72.000 F1500
M5
G0 X120.400 Y72.000 F3000
M4 S200
G1 X121.600 Y72.000 F1500
M5
G0 X121.600 Y72.000 F3000
M4 S200
G1 X121.600 Y71.000 F1500
M5
G0 X120.400 Y71.000 F3000
M4 S200
G1 X121.600 Y71.000 F1500
M5
G0 X78.624 Y64.794 F3000
M4 S200
G1 X92.403 Y64.794 F1200
G1 X92.563 Y64.786 F1200
G1 X92.720 Y64.762 F1200
G1 X92.870 Y64.723 F1200
G1 X93.015 Y64.670 F1200
G1 X93.153 Y64.604 F1200
G1 X93.283 Y64.525 F1200
G1 X93.404 Y64.434 F1200
G1 X93.516 Y64.332 F1200
G1 X93.617 Y64.221 F1200
G1 X93.708 Y64.099 F1200
G1 X93.787 Y63.970 F1200
G1 X93.853 Y63.832 F1200
G1 X93.906 Y63.687 F1200
G1 X93.945 Y63.536 F1200
G1 X93.969 Y63.380 F1200
G1 X93.977 Y63.219 F1200
G1 X93.977 Y54.960 F1200
G1 X77.049 Y54.960 F1200
G1 X77.049 Y63.219 F1200
G1 X77.057 Y63.380 F1200
G1 X77.081 Y63.536 F1200
G1 X77.120 Y63.687 F1200
G1 X77.173 Y63.832 F1200
G1 X77.239 Y63.969 F1200
G1 X77.318 Y64.099 F1200
G1 X77.409 Y64.220 F1200
G1 X77.511 Y64.332 F1200
G1 X77.622 Y64.434 F1200
G1 X77.744 Y64.525 F1200
G1 X77.873 Y64.604 F1200
G1 X78.011 Y64.670 F1200
G1 X78.156 Y64.723 F1200
G1 X78.307 Y64.762 F1200
G1 X78.463 Y64.786 F1200
G1 X78.624 Y64.794 F1200
G1 X78.624 Y64.794 F1200
M5
G0 X104.951 Y59.416 F3000
M4 S200
G1 X104.929 Y58.979 F1200
G1 X104.864 Y58.547 F1200
G1 X104.757 Y58.122 F1200
G1 X104.609 Y57.711 F1200
G1 X104.420 Y57.315 F1200
G1 X104.194 Y56.940 F1200
G1 X103.931 Y56.589 F1200
G1 X103.635 Y56.265 F1200
G1 X103.309 Y55.971 F1200
G1 X102.955 Y55.711 F1200
G1 X102.577 Y55.486 F1200
G1 X102.178 Y55.299 F1200
G1 X101.763 Y55.152 F1200
G1 X101.336 Y55.045 F1200
G1 X100.900 Y54.981 F1200
G1 X100.459 Y54.960 F1200
G1 X100.019 Y54.981 F1200
G1 X99.583 Y55.045 F1200
G1 X99.156 Y55.152 F1200
G1 X98.741 Y55.299 F1200
G1 X98.342 Y55.486 F1200
G1 X97.964 Y55.711 F1200
G1 X97.610 Y55.971 F1200
G1 X97.283 Y56.265 F1200
G1 X96.987 Y56.589 F1200
G1 X96.725 Y56.940 F1200
G1 X96.498 Y57.315 F1200
G1 X96.310 Y57.711 F1200
G1 X96.161 Y58.122 F1200
G1 X96.054 Y58.547 F1200
G1 X95.990 Y58.979 F1200
G1 X95.968 Y59.416 F1200
G1 X95.990 Y59.853 F1200
G1 X96.054 Y60.285 F1200
G1 X96.161 Y60.709 F1200
G1 X96.310 Y61.121 F1200
G1 X96.498 Y61.516 F1200
G1 X96.725 Y61.892 F1200
G1 X96.987 Y62.243 F1200
G1 X97.283 Y62.567 F1200
G1 X97.610 Y62.861 F1200
G1 X97.964 Y63.121 F1200
G1 X98.342 Y63.346 F1200
G1 X98.741 Y63.533 F1200
G1 X99.156 Y63.680 F1200
G1 X99.583 Y63.786 F1200
G1 X100.019 Y63.851 F1200
G1 X100.459 Y63.872 F1200
G1 X100.900 Y63.851 F1200
G1 X101.336 Y63.786 F1200
G1 X101.763 Y63.680 F1200
G1 X102.178 Y63.533 F1200
G1 X102.577 Y63.346 F1200
G1 X102.955 Y63.121 F1200
G1 X103.309 Y62.861 F1200
G1 X103.635 Y62.567 F1200
G1 X103.931 Y62.243 F1200
G1 X104.194 Y61.892 F1200
G1 X104.420 Y61.516 F1200
G1 X104.609 Y61.121 F1200
G1 X104.757 Y60.709 F1200
G1 X104.864 Y60.285 F1200
G1 X104.929 Y59.853 F1200
G1 X104.951 Y59.416 F1200
M5
G0 X91.568 Y41.390 F3000
M4 S200
G1 X104.488 Y50.972 F1200
G1 X104.633 Y51.098 F1200
G1 X104.748 Y51.239 F1200
G1 X104.835 Y51.391 F1200
G1 X104.895 Y51.550 F1200
G1 X104.928 Y51.714 F1200
G1 X104.936 Y51.880 F1200
G1 X104.919 Y52.044 F1200
G1 X104.878 Y52.205 F1200
G1 X104.815 Y52.357 F1200
G1 X104.731 Y52.499 F1200
G1 X104.626 Y52.628 F1200
G1 X104.502 Y52.740 F1200
G1 X104.359 Y52.833 F1200
G1 X104.199 Y52.903 F1200
G1 X104.022 Y52.947 F1200
G1 X103.830 Y52.962 F1200
G1 X78.192 Y52.962 F1200
G1 X78.000 Y52.947 F1200
G1 X77.823 Y52.903 F1200
G1 X77.663 Y52.833 F1200
G1 X77.520 Y52.740 F1200
G1 X77.396 Y52.628 F1200
G1 X77.291 Y52.499 F1200
G1 X77.207 Y52.357 F1200
G1 X77.144 Y52.205 F1200
G1 X77.103 Y52.044 F1200
G1 X77.086 Y51.880 F1200
G1 X77.094 Y51.714 F1200
G1 X77.127 Y51.550 F1200
G1 X77.186 Y51.391 F1200
G1 X77.273 Y51.239 F1200
G1 X77.389 Y51.098 F1200
G1 X77.534 Y50.972 F1200
G1 X90.454 Y41.390 F1200
G1 X90.517 Y41.347 F1200
G1 X90.583 Y41.310 F1200
G1 X90.651 Y41.278 F1200
G1 X90.721 Y41.252 F1200
G1 X90.792 Y41.232 F1200
G1 X90.865 Y41.218 F1200
G1 X90.937 Y41.209 F1200
G1 X91.011 Y41.206 F1200
G1 X91.084 Y41.209 F1200
G1 X91.157 Y41.218 F1200
G1 X91.229 Y41.232 F1200
G1 X91.301 Y41.252 F1200
G1 X91.370 Y41.278 F1200
G1 X91.438 Y41.310 F1200
G1 X91.504 Y41.347 F1200
G1 X91.567 Y41.390 F1200
G1 X91.568 Y41.390 F1200
M5
G0 X90.504 Y41.356 F3000
M4 S200
G1 X91.518 Y41.356 F1200
M5
G0 X90.095 Y41.656 F3000
M4 S200
G1 X91.927 Y41.656 F1200
M5
G0 X89.691 Y41.956 F3000
M4 S200
G1 X92.331 Y41.956 F1200
M5
G0 X89.286 Y42.256 F3000
M4 S200
G1 X92.736 Y42.256 F1200
M5
G0 X88.882 Y42.556 F3000
M4 S200
G1 X93.140 Y42.556 F1200
M5
G0 X88.477 Y42.856 F3000
M4 S200
G1 X93.545 Y42.856 F1200
M5
G0 X88.073 Y43.156 F3000
M4 S200
G1 X93.949 Y43.156 F1200
M5
G0 X87.668 Y43.456 F3000
M4 S200
G1 X94.354 Y43.456 F1200
M5
G0 X87.264 Y43.756 F3000
M4 S200
G1 X94.758 Y43.756 F1200
M5
G0 X86.859 Y44.056 F3000
M4 S200
G1 X95.163 Y44.056 F1200
M5
G0 X86.455 Y44.356 F3000
M4 S200
G1 X95.567 Y44.356 F1200
M5
G0 X86.050 Y44.656 F3000
M4 S200
G1 X95.972 Y44.656 F1200
M5
G0 X85.646 Y44.956 F3000
M4 S200
G1 X96.376 Y44.956 F1200
M5
G0 X85.241 Y45.256 F3000
M4 S200
G1 X96.781 Y45.256 F1200
M5
G0 X84.836 Y45.556 F3000
M4 S200
G1 X97.185 Y45.556 F1200
M5
G0 X84.432 Y45.856 F3000
M4 S200
G1 X97.590 Y45.856 F1200
M5
G0 X84.027 Y46.156 F3000
M4 S200
G1 X97.994 Y46.156 F1200
M5
G0 X83.623 Y46.456 F3000
M4 S200
G1 X98.399 Y46.456 F1200
M5
G0 X83.218 Y46.756 F3000
M4 S200
G1 X98.803 Y46.756 F1200
M5
G0 X82.814 Y47.056 F3000
M4 S200
G1 X99.208 Y47.056 F1200
M5
G0 X82.409 Y47.356 F3000
M4 S200
G1 X99.612 Y47.356 F1200
M5
G0 X82.005 Y47.656 F3000
M4 S200
G1 X100.017 Y47.656 F1200
M5
G0 X81.600 Y47.956 F3000
M4 S200
G1 X100.421 Y47.956 F1200
M5
G0 X81.196 Y48.256 F3000
M4 S200
G1 X100.826 Y48.256 F1200
M5
G0 X80.791 Y48.556 F3000
M4 S200
G1 X101.230 Y48.556 F1200
M5
G0 X80.387 Y48.856 F3000
M4 S200
G1 X101.635 Y48.856 F1200
M5
G0 X79.982 Y49.156 F3000
M4 S200
G1 X102.040 Y49.156 F1200
M5
G0 X79.578 Y49.456 F3000
M4 S200
G1 X102.444 Y49.456 F1200
M5
G0 X79.173 Y49.756 F3000
M4 S200
G1 X102.849 Y49.756 F1200
M5
G0 X78.769 Y50.056 F3000
M4 S200
G1 X103.253 Y50.056 F1200
M5
G0 X78.364 Y50.356 F3000
M4 S200
G1 X103.658 Y50.356 F1200
M5
G0 X77.960 Y50.656 F3000
M4 S200
G1 X104.062 Y50.656 F1200
M5
G0 X77.555 Y50.956 F3000
M4 S200
G1 X104.467 Y50.956 F1200
M5
G0 X77.264 Y51.256 F3000
M4 S200
G1 X104.758 Y51.256 F1200
M5
G0 X77.126 Y51.556 F3000
M4 S200
G1 X104.896 Y51.556 F1200
M5
G0 X77.087 Y51.856 F3000
M4 S200
G1 X104.935 Y51.856 F1200
M5
G0 X77.131 Y52.156 F3000
M4 S200
G1 X104.890 Y52.156 F1200
M5
G0 X77.265 Y52.456 F3000
M4 S200
G1 X104.757 Y52.456 F1200
M5
G0 X77.545 Y52.756 F3000
M4 S200
G1 X104.477 Y52.756 F1200
M5
G0 X77.049 Y55.156 F3000
M4 S200
G1 X93.977 Y55.156 F1200
M5
G0 X99.143 Y55.156 F3000
M4 S200
G1 X101.776 Y55.156 F1200
M5
G0 X77.049 Y55.456 F3000
M4 S200
G1 X93.977 Y55.456 F1200
M5
G0 X98.406 Y55.456 F3000
M4 S200
G1 X102.513 Y55.456 F1200
M5
G0 X77.049 Y55.756 F3000
M4 S200
G1 X93.977 Y55.756 F1200
M5
G0 X97.903 Y55.756 F3000
M4 S200
G1 X103.016 Y55.756 F1200
M5
G0 X77.049 Y56.056 F3000
M4 S200
G1 X93.977 Y56.056 F1200
M5
G0 X97.516 Y56.056 F3000
M4 S200
G1 X103.403 Y56.056 F1200
M5
G0 X77.049 Y56.356 F3000
M4 S200
G1 X93.977 Y56.356 F1200
M5
G0 X97.200 Y56.356 F3000
M4 S200
G1 X103.719 Y56.356 F1200
M5
G0 X77.049 Y56.656 F3000
M4 S200
G1 X93.977 Y56.656 F1200
M5
G0 X96.937 Y56.656 F3000
M4 S200
G1 X103.981 Y56.656 F1200
M5
G0 X77.049 Y56.956 F3000
M4 S200
G1 X93.977 Y56.956 F1200
M5
G0 X96.715 Y56.956 F3000
M4 S200
G1 X104.203 Y56.956 F1200
M5
G0 X77.049 Y57.256 F3000
M4 S200
G1 X93.977 Y57.256 F1200
M5
G0 X96.534 Y57.256 F3000
M4 S200
G1 X104.385 Y57.256 F1200
M5
G0 X77.049 Y57.556 F3000
M4 S200
G1 X93.977 Y57.556 F1200
M5
G0 X96.384 Y57.556 F3000
M4 S200
G1 X104.535 Y57.556 F1200
M5
G0 X77.049 Y57.856 F3000
M4 S200
G1 X93.977 Y57.856 F1200
M5
G0 X96.257 Y57.856 F3000
M4 S200
G1 X104.661 Y57.856 F1200
M5
G0 X77.049 Y58.156 F3000
M4 S200
G1 X93.977 Y58.156 F1200
M5
G0 X96.153 Y58.156 F3000
M4 S200
G1 X104.766 Y58.156 F1200
M5
G0 X77.049 Y58.456 F3000
M4 S200
G1 X93.977 Y58.456 F1200
M5
G0 X96.077 Y58.456 F3000
M4 S200
G1 X104.842 Y58.456 F1200
M5
G0 X77.049 Y58.756 F3000
M4 S200
G1 X93.977 Y58.756 F1200
M5
G0 X96.023 Y58.756 F3000
M4 S200
G1 X104.896 Y58.756 F1200
M5
G0 X77.049 Y59.056 F3000
M4 S200
G1 X93.977 Y59.056 F1200
M5
G0 X95.986 Y59.056 F3000
M4 S200
G1 X104.933 Y59.056 F1200
M5
G0 X77.049 Y59.356 F3000
M4 S200
G1 X93.977 Y59.356 F1200
M5
G0 X95.971 Y59.356 F3000
M4 S200
G1 X104.948 Y59.356 F1200
M5
G0 X77.049 Y59.656 F3000
M4 S200
G1 X93.977 Y59.656 F1200
M5
G0 X95.980 Y59.656 F3000
M4 S200
G1 X104.939 Y59.656 F1200
M5
G0 X77.049 Y59.956 F3000
M4 S200
G1 X93.977 Y59.956 F1200
M5
G0 X96.005 Y59.956 F3000
M4 S200
G1 X104.914 Y59.956 F1200
M5
G0 X77.049 Y60.256 F3000
M4 S200
G1 X93.977 Y60.256 F1200
M5
G0 X96.050 Y60.256 F3000
M4 S200
G1 X104.869 Y60.256 F1200
M5
G0 X77.049 Y60.556 F3000
M4 S200
G1 X93.977 Y60.556 F1200
M5
G0 X96.123 Y60.556 F3000
M4 S200
G1 X104.796 Y60.556 F1200
M5
G0 X77.049 Y60.856 F3000
M4 S200
G1 X93.977 Y60.856 F1200
M5
G0 X96.214 Y60.856 F3000
M4 S200
G1 X104.704 Y60.856 F1200
M5
G0 X77.049 Y61.156 F3000
M4 S200
G1 X93.977 Y61.156 F1200
M5
G0 X96.327 Y61.156 F3000
M4 S200
G1 X104.592 Y61.156 F1200
M5
G0 X77.049 Y61.456 F3000
M4 S200
G1 X93.977 Y61.456 F1200
M5
G0 X96.470 Y61.456 F3000
M4 S200
G1 X104.449 Y61.456 F1200
M5
G0 X77.049 Y61.756 F3000
M4 S200
G1 X93.977 Y61.756 F1200
M5
G0 X96.643 Y61.756 F3000
M4 S200
G1 X104.276 Y61.756 F1200
M5
G0 X77.049 Y62.056 F3000
M4 S200
G1 X93.977 Y62.056 F1200
M5
G0 X96.848 Y62.056 F3000
M4 S200
G1 X104.071 Y62.056 F1200
M5
G0 X77.049 Y62.356 F3000
M4 S200
G1 X93.977 Y62.356 F1200
M5
G0 X97.091 Y62.356 F3000
M4 S200
G1 X103.828 Y62.356 F1200
M5
G0 X77.049 Y62.656 F3000
M4 S200
G1 X93.977 Y62.656 F1200
M5
G0 X97.383 Y62.656 F3000
M4 S200
G1 X103.536 Y62.656 F1200
M5
G0 X77.049 Y62.956 F3000
M4 S200
G1 X93.977 Y62.956 F1200
M5
G0 X97.740 Y62.956 F3000
M4 S200
G1 X103.179 Y62.956 F1200
M5
G0 X77.051 Y63.256 F3000
M4 S200
G1 X93.975 Y63.256 F1200
M5
G0 X98.191 Y63.256 F3000
M4 S200
G1 X102.728 Y63.256 F1200
M5
G0 X77.086 Y63.556 F3000
M4 S200
G1 X93.940 Y63.556 F1200
M5
G0 X98.806 Y63.556 F3000
M4 S200
G1 X102.113 Y63.556 F1200
M5
G0 X77.185 Y63.856 F3000
M4 S200
G1 X93.842 Y63.856 F1200
M5
G0 X100.132 Y63.856 F3000
M4 S200
G1 X100.786 Y63.856 F1200
M5
G0 X77.361 Y64.156 F3000
M4 S200
G1 X93.666 Y64.156 F1200
M5
G0 X77.652 Y64.456 F3000
M4 S200
G1 X93.374 Y64.456 F1200
M5
G0 X78.285 Y64.756 F3000
M4 S200
G1 X92.742 Y64.756 F1200
M5
G0 X76.000 Y73.000 F3000
M4 S200
G1 X77.200 Y73.000 F1500
M5
G0 X76.000 Y73.000 F3000
M4 S200
G1 X76.000 Y72.000 F1500
M5
G0 X76.000 Y72.000 F3000
M4 S200
G1 X76.000 Y71.000 F1500
M5
G0 X76.000 Y71.000 F3000
M4 S200
G1 X77.200 Y71.000 F1500
M5
G0 X77.200 Y72.000 F3000
M4 S200
G1 X77.200 Y71.000 F1500
M5
G0 X76.000 Y72.000 F3000
M4 S200
G1 X77.200 Y72.000 F1500
M5
G0 X77.600 Y72.000 F3000
M4 S200
G1 X78.800 Y72.000 F1500
M5
G0 X79.200 Y73.000 F3000
M4 S200
G1 X80.400 Y73.000 F1500
M5
G0 X80.400 Y73.000 F3000
M4 S200
G1 X80.400 Y72.000 F1500
M5
G0 X80.400 Y72.000 F3000
M4 S200
G1 X80.400 Y71.000 F1500
M5
G0 X79.200 Y71.000 F3000
M4 S200
G1 X80.400 Y71.000 F1500
M5
G0 X79.200 Y72.000 F3000
M4 S200
G1 X79.200 Y71.000 F1500
M5
G0 X79.200 Y73.000 F3000
M4 S200
G1 X79.200 Y72.000 F1500
M5
G0 X80.800 Y73.000 F3000
M4 S200
G1 X82.000 Y73.000 F1500
M5
G0 X82.000 Y73.000 F3000
M4 S200
G1 X82.000 Y72.000 F1500
M5
G0 X82.000 Y72.000 F3000
M4 S200
G1 X82.000 Y71.000 F1500
M5
G0 X80.800 Y71.000 F3000
M4 S200
G1 X82.000 Y71.000 F1500
M5
G0 X80.800 Y72.000 F3000
M4 S200
G1 X80.800 Y71.000 F1500
M5
G0 X80.800 Y73.000 F3000
M4 S200
G1 X80.800 Y72.000 F1500
M5
G0 X82.400 Y73.000 F3000
M4 S200
G1 X83.600 Y73.000 F1500
M5
G0 X82.400 Y73.000 F3000
M4 S200
G1 X82.400 Y72.000 F1500
M5
G0 X82.400 Y72.000 F3000
M4 S200
G1 X83.600 Y72.000 F1500
M5
G0 X82.400 Y72.000 F3000
M4 S200
G1 X82.400 Y71.000 F1500
M5
G0 X83.600 Y72.000 F3000
M4 S200
G1 X83.600 Y71.000 F1500
M5
G0 X82.400 Y71.000 F3000
M4 S200
G1 X83.600 Y71.000 F1500
M5
G0 X40.624 Y64.794 F3000
M4 S200
G1 X54.403 Y64.794 F1000
G1 X54.563 Y64.786 F1000
G1 X54.720 Y64.762 F1000
G1 X54.870 Y64.723 F1000
G1 X55.015 Y64.670 F1000
G1 X55.153 Y64.604 F1000
G1 X55.283 Y64.525 F1000
G1 X55.404 Y64.434 F1000
G1 X55.516 Y64.332 F1000
G1 X55.617 Y64.221 F1000
G1 X55.708 Y64.099 F1000
G1 X55.787 Y63.970 F1000
G1 X55.853 Y63.832 F1000
G1 X55.906 Y63.687 F1000
G1 X55.945 Y63.536 F1000
G1 X55.969 Y63.380 F1000
G1 X55.977 Y63.219 F1000
G1 X55.977 Y54.960 F1000
G1 X39.049 Y54.960 F1000
G1 X39.049 Y63.219 F1000
G1 X39.057 Y63.380 F1000
G1 X39.081 Y63.536 F1000
G1 X39.120 Y63.687 F1000
G1 X39.173 Y63.832 F1000
G1 X39.239 Y63.969 F1000
G1 X39.318 Y64.099 F1000
G1 X39.409 Y64.220 F1000
G1 X39.511 Y64.332 F1000
G1 X39.622 Y64.434 F1000
G1 X39.744 Y64.525 F1000
G1 X39.873 Y64.604 F1000
G1 X40.011 Y64.670 F1000
G1 X40.156 Y64.723 F1000
G1 X40.307 Y64.762 F1000
G1 X40.463 Y64.786 F1000
G1 X40.624 Y64.794 F1000
G1 X40.624 Y64.794 F1000
M5
G0 X66.951 Y59.416 F3000
M4 S200
G1 X66.929 Y58.979 F1000
G1 X66.864 Y58.547 F1000
G1 X66.757 Y58.122 F1000
G1 X66.609 Y57.711 F1000
G1 X66.420 Y57.315 F1000
G1 X66.194 Y56.940 F1000
G1 X65.931 Y56.589 F1000
G1 X65.635 Y56.265 F1000
G1 X65.309 Y55.971 F1000
G1 X64.955 Y55.711 F1000
G1 X64.577 Y55.486 F1000
G1 X64.178 Y55.299 F1000
G1 X63.763 Y55.152 F1000
G1 X63.336 Y55.045 F1000
G1 X62.900 Y54.981 F1000
G1 X62.459 Y54.960 F1000
G1 X62.019 Y54.981 F1000
G1 X61.583 Y55.045 F1000
G1 X61.156 Y55.152 F1000
G1 X60.741 Y55.299 F1000
G1 X60.342 Y55.486 F1000
G1 X59.964 Y55.711 F1000
G1 X59.610 Y55.971 F1000
G1 X59.283 Y56.265 F1000
G1 X58.987 Y56.589 F1000
G1 X58.725 Y56.940 F1000
G1 X58.498 Y57.315 F1000
G1 X58.310 Y57.711 F1000
G1 X58.161 Y58.122 F1000
G1 X58.054 Y58.547 F1000
G1 X57.990 Y58.979 F1000
G1 X57.968 Y59.416 F1000
G1 X57.990 Y59.853 F1000
G1 X58.054 Y60.285 F1000
G1 X58.161 Y60.709 F1000
G1 X58.310 Y61.121 F1000
G1 X58.498 Y61.516 F1000
G1 X58.725 Y61.892 F1000
G1 X58.987 Y62.243 F1000
G1 X59.283 Y62.567 F1000
G1 X59.610 Y62.861 F1000
G1 X59.964 Y63.121 F1000
G1 X60.342 Y63.346 F1000
G1 X60.741 Y63.533 F1000
G1 X61.156 Y63.680 F1000
G1 X61.583 Y63.786 F1000
G1 X62.019 Y63.851 F1000
G1 X62.459 Y63.872 F1000
G1 X62.900 Y63.851 F1000
G1 X63.336 Y63.786 F1000
G1 X63.763 Y63.680 F1000
G1 X64.178 Y63.533 F1000
G1 X64.577 Y63.346 F1000
G1 X64.955 Y63.121 F1000
G1 X65.309 Y62.861 F1000
G1 X65.635 Y62.567 F1000
G1 X65.931 Y62.243 F1000
G1 X66.194 Y61.892 F1000
G1 X66.420 Y61.516 F1000
G1 X66.609 Y61.121 F1000
G1 X66.757 Y60.709 F1000
G1 X66.864 Y60.285 F1000
G1 X66.929 Y59.853 F1000
G1 X66.951 Y59.416 F1000
M5
G0 X53.568 Y41.390 F3000
M4 S200
G1 X66.488 Y50.972 F1000
G1 X66.633 Y51.098 F1000
G1 X66.748 Y51.239 F1000
G1 X66.835 Y51.391 F1000
G1 X66.895 Y51.550 F1000
G1 X66.928 Y51.714 F1000
G1 X66.936 Y51.880 F1000
G1 X66.919 Y52.044 F1000
G1 X66.878 Y52.205 F1000
G1 X66.815 Y52.357 F1000
G1 X66.731 Y52.499 F1000
G1 X66.626 Y52.628 F1000
G1 X66.502 Y52.740 F1000
G1 X66.359 Y52.833 F1000
G1 X66.199 Y52.903 F1000
G1 X66.022 Y52.947 F1000
G1 X65.830 Y52.962 F1000
G1 X40.192 Y52.962 F1000
G1 X40.000 Y52.947 F1000
G1 X39.823 Y52.903 F1000
G1 X39.663 Y52.833 F1000
G1 X39.520 Y52.740 F1000
G1 X39.396 Y52.628 F1000
G1 X39.291 Y52.499 F1000
G1 X39.207 Y52.357 F1000
G1 X39.144 Y52.205 F1000
G1 X39.103 Y52.044 F1000
G1 X39.086 Y51.880 F1000
G1 X39.094 Y51.714 F1000
G1 X39.127 Y51.550 F1000
G1 X39.186 Y51.391 F1000
G1 X39.273 Y51.239 F1000
G1 X39.389 Y51.098 F1000
G1 X39.534 Y50.972 F1000
G1 X52.454 Y41.390 F1000
G1 X52.517 Y41.347 F1000
G1 X52.583 Y41.310 F1000
G1 X52.651 Y41.278 F1000
G1 X52.721 Y41.252 F1000
G1 X52.792 Y41.232 F1000
G1 X52.865 Y41.218 F1000
G1 X52.937 Y41.209 F1000
G1 X53.011 Y41.206 F1000
G1 X53.084 Y41.209 F1000
G1 X53.157 Y41.218 F1000
G1 X53.229 Y41.232 F1000
G1 X53.301 Y41.252 F1000
G1 X53.370 Y41.278 F1000
G1 X53.438 Y41.310 F1000
G1 X53.504 Y41.347 F1000
G1 X53.567 Y41.390 F1000
G1 X53.568 Y41.390 F1000
M5
G0 X52.504 Y41.356 F3000
M4 S200
G1 X53.518 Y41.356 F1000
M5
G0 X52.095 Y41.656 F3000
M4 S200
G1 X53.927 Y41.656 F1000
M5
G0 X51.691 Y41.956 F3000
M4 S200
G1 X54.331 Y41.956 F1000
M5
G0 X51.286 Y42.256 F3000
M4 S200
G1 X54.736 Y42.256 F1000
M5
G0 X50.882 Y42.556 F3000
M4 S200
G1 X55.140 Y42.556 F1000
M5
G0 X50.477 Y42.856 F3000
M4 S200
G1 X55.545 Y42.856 F1000
M5
G0 X50.073 Y43.156 F3000
M4 S200
G1 X55.949 Y43.156 F1000
M5
G0 X49.668 Y43.456 F3000
M4 S200
G1 X56.354 Y43.456 F1000
M5
G0 X49.264 Y43.756 F3000
M4 S200
G1 X56.758 Y43.756 F1000
M5
G0 X48.859 Y44.056 F3000
M4 S200
G1 X57.163 Y44.056 F1000
M5
G0 X48.455 Y44.356 F3000
M4 S200
G1 X57.567 Y44.356 F1000
M5
G0 X48.050 Y44.656 F3000
M4 S200
G1 X57.972 Y44.656 F1000
M5
G0 X47.646 Y44.956 F3000
M4 S200
G1 X58.376 Y44.956 F1000
M5
G0 X47.241 Y45.256 F3000
M4 S200
G1 X58.781 Y45.256 F1000
M5
G0 X46.836 Y45.556 F3000
M4 S200
G1 X59.185 Y45.556 F1000
M5
G0 X46.432 Y45.856 F3000
M4 S200
G1 X59.590 Y45.856 F1000
M5
G0 X46.027 Y46.156 F3000
M4 S200
G1 X59.994 Y46.156 F1000
M5
G0 X45.623 Y46.456 F3000
M4 S200
G1 X60.399 Y46.456 F1000
M5
G0 X45.218 Y46.756 F3000
M4 S200
G1 X60.803 Y46.756 F1000
M5
G0 X44.814 Y47.056 F3000
M4 S200
G1 X61.208 Y47.056 F1000
M5
G0 X44.409 Y47.356 F3000
M4 S200
G1 X61.612 Y47.356 F1000
M5
G0 X44.005 Y47.656 F3000
M4 S200
G1 X62.017 Y47.656 F1000
M5
G0 X43.600 Y47.956 F3000
M4 S200
G1 X62.421 Y47.956 F1000
M5
G0 X43.196 Y48.256 F3000
M4 S200
G1 X62.826 Y48.256 F1000
M5
G0 X42.791 Y48.556 F3000
M4 S200
G1 X63.230 Y48.556 F1000
M5
G0 X42.387 Y48.856 F3000
M4 S200
G1 X63.635 Y48.856 F1000
M5
G0 X41.982 Y49.156 F3000
M4 S200
G1 X64.040 Y49.156 F1000
M5
G0 X41.578 Y49.456 F3000
M4 S200
G1 X64.444 Y49.456 F1000
M5
G0 X41.173 Y49.756 F3000
M4 S200
G1 X64.849 Y49.756 F1000
M5
G0 X40.769 Y50.056 F3000
M4 S200
G1 X65.253 Y50.056 F1000
M5
G0 X40.364 Y50.356 F3000
M4 S200
G1 X65.658 Y50.356 F1000
M5
G0 X39.960 Y50.656 F3000
M4 S200
G1 X66.062 Y50.656 F1000
M5
G0 X39.555 Y50.956 F3000
M4 S200
G1 X66.467 Y50.956 F1000
M5
G0 X39.264 Y51.256 F3000
M4 S200
G1 X66.758 Y51.256 F1000
M5
G0 X39.126 Y51.556 F3000
M4 S200
G1 X66.896 Y51.556 F1000
M5
G0 X39.087 Y51.856 F3000
M4 S200
G1 X66.935 Y51.856 F1000
M5
G0 X39.131 Y52.156 F3000
M4 S200
G1 X66.890 Y52.156 F1000
M5
G0 X39.265 Y52.456 F3000
M4 S200
G1 X66.757 Y52.456 F1000
M5
G0 X39.545 Y52.756 F3000
M4 S200
G1 X66.477 Y52.756 F1000
M5
G0 X39.049 Y55.156 F3000
M4 S200
G1 X55.977 Y55.156 F1000
M5
G0 X61.143 Y55.156 F3000
M4 S200
G1 X63.776 Y55.156 F1000
M5
G0 X39.049 Y55.456 F3000
M4 S200
G1 X55.977 Y55.456 F1000
M5
G0 X60.406 Y55.456 F3000
M4 S200
G1 X64.513 Y55.456 F1000
M5
G0 X39.049 Y55.756 F3000
M4 S200
G1 X55.977 Y55.756 F1000
M5
G0 X59.903 Y55.756 F3000
M4 S200
G1 X65.016 Y55.756 F1000
M5
G0 X39.049 Y56.056 F3000
M4 S200
G1 X55.977 Y56.056 F1000
M5
G0 X59.516 Y56.056 F3000
M4 S200
G1 X65.403 Y56.056 F1000
M5
G0 X39.049 Y56.356 F3000
M4 S200
G1 X55.977 Y56.356 F1000
M5
G0 X59.200 Y56.356 F3000
M4 S200
G1 X65.719 Y56.356 F1000
M5
G0 X39.049 Y56.656 F3000
M4 S200
G1 X55.977 Y56.656 F1000
M5
G0 X58.937 Y56.656 F3000
M4 S200
G1 X65.981 Y56.656 F1000
M5
G0 X39.049 Y56.956 F3000
M4 S200
G1 X55.977 Y56.956 F1000
M5
G0 X58.715 Y56.956 F3000
M4 S200
G1 X66.203 Y56.956 F1000
M5
G0 X39.049 Y57.256 F3000
M4 S200
G1 X55.977 Y57.256 F1000
M5
G0 X58.534 Y57.256 F3000
M4 S200
G1 X66.385 Y57.256 F1000
M5
G0 X39.049 Y57.556 F3000
M4 S200
G1 X55.977 Y57.556 F1000
M5
G0 X58.384 Y57.556 F3000
M4 S200
G1 X66.535 Y57.556 F1000
M5
G0 X39.049 Y57.856 F3000
M4 S200
G1 X55.977 Y57.856 F1000
M5
G0 X58.257 Y57.856 F3000
M4 S200
G1 X66.661 Y57.856 F1000
M5
G0 X39.049 Y58.156 F3000
M4 S200
G1 X55.977 Y58.156 F1000
M5
G0 X58.153 Y58.156 F3000
M4 S200
G1 X66.766 Y58.156 F1000
M5
G0 X39.049 Y58.456 F3000
M4 S200
G1 X55.977 Y58.456 F1000
M5
G0 X58.077 Y58.456 F3000
M4 S200
G1 X66.842 Y58.456 F1000
M5
G0 X39.049 Y58.756 F3000
M4 S200
G1 X55.977 Y58.756 F1000
M5
G0 X58.023 Y58.756 F3000
M4 S200
G1 X66.896 Y58.756 F1000
M5
G0 X39.049 Y59.056 F3000
M4 S200
G1 X55.977 Y59.056 F1000
M5
G0 X57.986 Y59.056 F3000
M4 S200
G1 X66.933 Y59.056 F1000
M5
G0 X39.049 Y59.356 F3000
M4 S200
G1 X55.977 Y59.356 F1000
M5
G0 X57.971 Y59.356 F3000
M4 S200
G1 X66.948 Y59.356 F1000
M5
G0 X39.049 Y59.656 F3000
M4 S200
G1 X55.977 Y59.656 F1000
M5
G0 X57.980 Y59.656 F3000
M4 S200
G1 X66.939 Y59.656 F1000
M5
G0 X39.049 Y59.956 F3000
M4 S200
G1 X55.977 Y59.956 F1000
M5
G0 X58.005 Y59.956 F3000
M4 S200
G1 X66.914 Y59.956 F1000
M5
G0 X39.049 Y60.256 F3000
M4 S200
G1 X55.977 Y60.256 F1000
M5
G0 X58.050 Y60.256 F3000
M4 S200
G1 X66.869 Y60.256 F1000
M5
G0 X39.049 Y60.556 F3000
M4 S200
G1 X55.977 Y60.556 F1000
M5
G0 X58.123 Y60.556 F3000
M4 S200
G1 X66.796 Y60.556 F1000
M5
G0 X39.049 Y60.856 F3000
M4 S200
G1 X55.977 Y60.856 F1000
M5
G0 X58.214 Y60.856 F3000
M4 S200
G1 X66.704 Y60.856 F1000
M5
G0 X39.049 Y61.156 F3000
M4 S200
G1 X55.977 Y61.156 F1000
M5
G0 X58.327 Y61.156 F3000
M4 S200
G1 X66.592 Y61.156 F1000
M5
G0 X39.049 Y61.456 F3000
M4 S200
G1 X55.977 Y61.456 F1000
M5
G0 X58.470 Y61.456 F3000
M4 S200
G1 X66.449 Y61.456 F1000
M5
G0 X39.049 Y61.756 F3000
M4 S200
G1 X55.977 Y61.756 F1000
M5
G0 X58.643 Y61.756 F3000
M4 S200
G1 X66.276 Y61.756 F1000
M5
G0 X39.049 Y62.056 F3000
M4 S200
G1 X55.977 Y62.056 F1000
M5
G0 X58.848 Y62.056 F3000
M4 S200
G1 X66.071 Y62.056 F1000
M5
G0 X39.049 Y62.356 F3000
M4 S200
G1 X55.977 Y62.356 F1000
M5
G0 X59.091 Y62.356 F3000
M4 S200
G1 X65.828 Y62.356 F1000
M5
G0 X39.049 Y62.656 F3000
M4 S200
G1 X55.977 Y62.656 F1000
M5
G0 X59.383 Y62.656 F3000
M4 S200
G1 X65.536 Y62.656 F1000
M5
G0 X39.049 Y62.956 F3000
M4 S200
G1 X55.977 Y62.956 F1000
M5
G0 X59.740 Y62.956 F3000
M4 S200
G1 X65.179 Y62.956 F1000
M5
G0 X39.051 Y63.256 F3000
M4 S200
G1 X55.975 Y63.256 F1000
M5
G0 X60.191 Y63.256 F3000
M4 S200
G1 X64.728 Y63.256 F1000
M5
G0 X39.086 Y63.556 F3000
M4 S200
G1 X55.940 Y63.556 F1000
M5
G0 X60.806 Y63.556 F3000
M4 S200
G1 X64.113 Y63.556 F1000
M5
G0 X39.185 Y63.856 F3000
M4 S200
G1 X55.842 Y63.856 F1000
M5
G0 X62.132 Y63.856 F3000
M4 S200
G1 X62.786 Y63.856 F1000
M5
G0 X39.361 Y64.156 F3000
M4 S200
G1 X55.666 Y64.156 F1000
M5
G0 X39.652 Y64.456 F3000
M4 S200
G1 X55.374 Y64.456 F1000
M5
G0 X40.285 Y64.756 F3000
M4 S200
G1 X54.742 Y64.756 F1000
M5
G0 X38.000 Y73.000 F3000
M4 S200
G1 X39.200 Y73.000 F1500
M5
G0 X38.000 Y73.000 F3000
M4 S200
G1 X38.000 Y72.000 F1500
M5
G0 X38.000 Y72.000 F3000
M4 S200
G1 X38.000 Y71.000 F1500
M5
G0 X38.000 Y71.000 F3000
M4 S200
G1 X39.200 Y71.000 F1500
M5
G0 X39.200 Y72.000 F3000
M4 S200
G1 X39.200 Y71.000 F1500
M5
G0 X38.000 Y72.000 F3000
M4 S200
G1 X39.200 Y72.000 F1500
M5
G0 X39.600 Y72.000 F3000
M4 S200
G1 X40.800 Y72.000 F1500
M5
G0 X41.200 Y73.000 F3000
M4 S200
G1 X42.400 Y73.000 F1500
M5
G0 X42.400 Y73.000 F3000
M4 S200
G1 X42.400 Y72.000 F1500
M5
G0 X42.400 Y72.000 F3000
M4 S200
G1 X42.400 Y71.000 F1500
M5
G0 X41.200 Y71.000 F3000
M4 S200
G1 X42.400 Y71.000 F1500
M5
G0 X41.200 Y72.000 F3000
M4 S200
G1 X41.200 Y71.000 F1500
M5
G0 X41.200 Y73.000 F3000
M4 S200
G1 X41.200 Y72.000 F1500
M5
G0 X42.800 Y73.000 F3000
M4 S200
G1 X44.000 Y73.000 F1500
M5
G0 X44.000 Y73.000 F3000
M4 S200
G1 X44.000 Y72.000 F1500
M5
G0 X44.000 Y72.000 F3000
M4 S200
G1 X44.000 Y71.000 F1500
M5
G0 X42.800 Y71.000 F3000
M4 S200
G1 X44.000 Y71.000 F1500
M5
G0 X42.800 Y72.000 F3000
M4 S200
G1 X42.800 Y71.000 F1500
M5
G0 X42.800 Y73.000 F3000
M4 S200
G1 X42.800 Y72.000 F1500
M5
G0 X44.400 Y73.000 F3000
M4 S200
G1 X45.600 Y73.000 F1500
M5
G0 X45.600 Y73.000 F3000
M4 S200
G1 X45.600 Y72.000 F1500
M5
G0 X45.600 Y72.000 F3000
M4 S200
G1 X45.600 Y71.000 F1500
M5
G0 X2.624 Y64.794 F3000
M4 S200
G1 X16.402 Y64.794 F800
G1 X16.563 Y64.786 F800
G1 X16.720 Y64.762 F800
G1 X16.870 Y64.723 F800
G1 X17.015 Y64.670 F800
G1 X17.153 Y64.604 F800
G1 X17.283 Y64.525 F800
G1 X17.404 Y64.434 F800
G1 X17.516 Y64.332 F800
G1 X17.617 Y64.221 F800
G1 X17.708 Y64.099 F800
G1 X17.787 Y63.970 F800
G1 X17.853 Y63.832 F800
G1 X17.906 Y63.687 F800
G1 X17.945 Y63.536 F800
G1 X17.969 Y63.380 F800
G1 X17.977 Y63.219 F800
G1 X17.977 Y54.960 F800
G1 X1.049 Y54.960 F800
G1 X1.049 Y63.219 F800
G1 X1.057 Y63.380 F800
G1 X1.081 Y63.536 F800
G1 X1.120 Y63.687 F800
G1 X1.173 Y63.832 F800
G1 X1.239 Y63.969 F800
G1 X1.318 Y64.099 F800
G1 X1.409 Y64.220 F800
G1 X1.511 Y64.332 F800
G1 X1.622 Y64.434 F800
G1 X1.744 Y64.525 F800
G1 X1.873 Y64.604 F800
G1 X2.011 Y64.670 F800
G1 X2.156 Y64.723 F800
G1 X2.307 Y64.762 F800
G1 X2.463 Y64.786 F800
G1 X2.624 Y64.794 F800
G1 X2.624 Y64.794 F800
M5
G0 X28.951 Y59.416 F3000
M4 S200
G1 X28.929 Y58.979 F800
G1 X28.864 Y58.547 F800
G1 X28.757 Y58.122 F800
G1 X28.609 Y57.711 F800
G1 X28.420 Y57.315 F800
G1 X28.194 Y56.940 F800
G1 X27.931 Y56.589 F800
G1 X27.635 Y56.265 F800
G1 X27.309 Y55.971 F800
G1 X26.955 Y55.711 F800
G1 X26.577 Y55.486 F800
G1 X26.178 Y55.299 F800
G1 X25.763 Y55.152 F800
G1 X25.336 Y55.045 F800
G1 X24.900 Y54.981 F800
G1 X24.459 Y54.960 F800
G1 X24.019 Y54.981 F800
G1 X23.583 Y55.045 F800
G1 X23.156 Y55.152 F800
G1 X22.741 Y55.299 F800
G1 X22.342 Y55.486 F800
G1 X21.964 Y55.711 F800
G1 X21.610 Y55.971 F800
G1 X21.283 Y56.265 F800
G1 X20.987 Y56.589 F800
G1 X20.725 Y56.940 F800
G1 X20.498 Y57.315 F800
G1 X20.310 Y57.711 F800
G1 X20.161 Y58.122 F800
G1 X20.054 Y58.547 F800
G1 X19.990 Y58.979 F800
G1 X19.968 Y59.416 F800
G1 X19.990 Y59.853 F800
G1 X20.054 Y60.285 F800
G1 X20.161 Y60.709 F800
G1 X20.310 Y61.121 F800
G1 X20.498 Y61.516 F800
G1 X20.725 Y61.892 F800
G1 X20.987 Y62.243 F800
G1 X21.283 Y62.567 F800
G1 X21.610 Y62.861 F800
G1 X21.964 Y63.121 F800
G1 X22.342 Y63.346 F800
G1 X22.741 Y63.533 F800
G1 X23.156 Y63.680 F800
G1 X23.583 Y63.786 F800
G1 X24.019 Y63.851 F800
G1 X24.459 Y63.872 F800
G1 X24.900 Y63.851 F800
G1 X25.336 Y63.786 F800
G1 X25.763 Y63.680 F800
G1 X26.178 Y63.533 F800
G1 X26.577 Y63.346 F800
G1 X26.955 Y63.121 F800
G1 X27.309 Y62.861 F800
G1 X27.635 Y62.567 F800
G1 X27.931 Y62.243 F800
G1 X28.194 Y61.892 F800
G1 X28.420 Y61.516 F800
G1 X28.609 Y61.121 F800
G1 X28.757 Y60.709 F800
G1 X28.864 Y60.285 F800
G1 X28.929 Y59.853 F800
G1 X28.951 Y59.416 F800
M5
G0 X15.568 Y41.390 F3000
M4 S200
G1 X28.488 Y50.972 F800
G1 X28.633 Y51.098 F800
G1 X28.748 Y51.239 F800
G1 X28.835 Y51.391 F800
G1 X28.895 Y51.550 F800
G1 X28.928 Y51.714 F800
G1 X28.936 Y51.880 F800
G1 X28.919 Y52.044 F800
G1 X28.878 Y52.205 F800
G1 X28.815 Y52.357 F800
G1 X28.731 Y52.499 F800
G1 X28.626 Y52.628 F800
G1 X28.502 Y52.740 F800
G1 X28.359 Y52.833 F800
G1 X28.199 Y52.903 F800
G1 X28.022 Y52.947 F800
G1 X27.830 Y52.962 F800
G1 X2.192 Y52.962 F800
G1 X2.000 Y52.947 F800
G1 X1.823 Y52.903 F800
G1 X1.663 Y52.833 F800
G1 X1.520 Y52.740 F800
G1 X1.396 Y52.628 F800
G1 X1.291 Y52.499 F800
G1 X1.207 Y52.357 F800
G1 X1.144 Y52.205 F800
G1 X1.103 Y52.044 F800
G1 X1.086 Y51.880 F800
G1 X1.094 Y51.714 F800
G1 X1.127 Y51.550 F800
G1 X1.186 Y51.391 F800
G1 X1.273 Y51.239 F800
G1 X1.389 Y51.098 F800
G1 X1.534 Y50.972 F800
G1 X14.454 Y41.390 F800
G1 X14.517 Y41.347 F800
G1 X14.583 Y41.310 F800
G1 X14.651 Y41.278 F800
G1 X14.721 Y41.252 F800
G1 X14.792 Y41.232 F800
G1 X14.865 Y41.218 F800
G1 X14.937 Y41.209 F800
G1 X15.011 Y41.206 F800
G1 X15.084 Y41.209 F800
G1 X15.157 Y41.218 F800
G1 X15.229 Y41.232 F800
G1 X15.301 Y41.252 F800
G1 X15.370 Y41.278 F800
G1 X15.438 Y41.310 F800
G1 X15.504 Y41.347 F800
G1 X15.567 Y41.390 F800
G1 X15.568 Y41.390 F800
M5
G0 X14.504 Y41.356 F3000
M4 S200
G1 X15.518 Y41.356 F800
M5
G0 X14.095 Y41.656 F3000
M4 S200
G1 X15.927 Y41.656 F800
M5
G0 X13.691 Y41.956 F3000
M4 S200
G1 X16.331 Y41.956 F800
M5
G0 X13.286 Y42.256 F3000
M4 S200
G1 X16.736 Y42.256 F800
M5
G0 X12.882 Y42.556 F3000
M4 S200
G1 X17.140 Y42.556 F800
M5
G0 X12.477 Y42.856 F3000
M4 S200
G1 X17.545 Y42.856 F800
M5
G0 X12.073 Y43.156 F3000
M4 S200
G1 X17.949 Y43.156 F800
M5
G0 X11.668 Y43.456 F3000
M4 S200
G1 X18.354 Y43.456 F800
M5
G0 X11.264 Y43.756 F3000
M4 S200
G1 X18.758 Y43.756 F800
M5
G0 X10.859 Y44.056 F3000
M4 S200
G1 X19.163 Y44.056 F800
M5
G0 X10.455 Y44.356 F3000
M4 S200
G1 X19.567 Y44.356 F800
M5
G0 X10.050 Y44.656 F3000
M4 S200
G1 X19.972 Y44.656 F800
M5
G0 X9.646 Y44.956 F3000
M4 S200
G1 X20.376 Y44.956 F800
M5
G0 X9.241 Y45.256 F3000
M4 S200
G1 X20.781 Y45.256 F800
M5
G0 X8.836 Y45.556 F3000
M4 S200
G1 X21.185 Y45.556 F800
M5
G0 X8.432 Y45.856 F3000
M4 S200
G1 X21.590 Y45.856 F800
M5
G0 X8.027 Y46.156 F3000
M4 S200
G1 X21.994 Y46.156 F800
M5
G0 X7.623 Y46.456 F3000
M4 S200
G1 X22.399 Y46.456 F800
M5
G0 X7.218 Y46.756 F3000
M4 S200
G1 X22.803 Y46.756 F800
M5
G0 X6.814 Y47.056 F3000
M4 S200
G1 X23.208 Y47.056 F800
M5
G0 X6.409 Y47.356 F3000
M4 S200
G1 X23.612 Y47.356 F800
M5
G0 X6.005 Y47.656 F3000
M4 S200
G1 X24.017 Y47.656 F800
M5
G0 X5.600 Y47.956 F3000
M4 S200
G1 X24.421 Y47.956 F800
M5
G0 X5.196 Y48.256 F3000
M4 S200
G1 X24.826 Y48.256 F800
M5
G0 X4.791 Y48.556 F3000
M4 S200
G1 X25.230 Y48.556 F800
M5
G0 X4.387 Y48.856 F3000
M4 S200
G1 X25.635 Y48.856 F800
M5
G0 X3.982 Y49.156 F3000
M4 S200
G1 X26.040 Y49.156 F800
M5
G0 X3.578 Y49.456 F3000
M4 S200
G1 X26.444 Y49.456 F800
M5
G0 X3.173 Y49.756 F3000
M4 S200
G1 X26.849 Y49.756 F800
M5
G0 X2.769 Y50.056 F3000
M4 S200
G1 X27.253 Y50.056 F800
M5
G0 X2.364 Y50.356 F3000
M4 S200
G1 X27.658 Y50.356 F800
M5
G0 X1.960 Y50.656 F3000
M4 S200
G1 X28.062 Y50.656 F800
M5
G0 X1.555 Y50.956 F3000
M4 S200
G1 X28.467 Y50.956 F800
M5
G0 X1.264 Y51.256 F3000
M4 S200
G1 X28.758 Y51.256 F800
M5
G0 X1.126 Y51.556 F3000
M4 S200
G1 X28.896 Y51.556 F800
M5
G0 X1.087 Y51.856 F3000
M4 S200
G1 X28.935 Y51.856 F800
M5
G0 X1.131 Y52.156 F3000
M4 S200
G1 X28.890 Y52.156 F800
M5
G0 X1.265 Y52.456 F3000
M4 S200
G1 X28.757 Y52.456 F800
M5
G0 X1.545 Y52.756 F3000
M4 S200
G1 X28.477 Y52.756 F800
M5
G0 X1.049 Y55.156 F3000
M4 S200
G1 X17.977 Y55.156 F800
M5
G0 X23.143 Y55.156 F3000
M4 S200
G1 X25.776 Y55.156 F800
M5
G0 X1.049 Y55.456 F3000
M4 S200
G1 X17.977 Y55.456 F800
M5
G0 X22.406 Y55.456 F3000
M4 S200
G1 X26.513 Y55.456 F800
M5
G0 X1.049 Y55.756 F3000
M4 S200
G1 X17.977 Y55.756 F800
M5
G0 X21.903 Y55.756 F3000
M4 S200
G1 X27.016 Y55.756 F800
M5
G0 X1.049 Y56.056 F3000
M4 S200
G1 X17.977 Y56.056 F800
M5
G0 X21.516 Y56.056 F3000
M4 S200
G1 X27.403 Y56.056 F800
M5
G0 X1.049 Y56.356 F3000
M4 S200
G1 X17.977 Y56.356 F800
M5
G0 X21.200 Y56.356 F3000
M4 S200
G1 X27.719 Y56.356 F800
M5
G0 X1.049 Y56.656 F3000
M4 S200
G1 X17.977 Y56.656 F800
M5
G0 X20.937 Y56.656 F3000
M4 S200
G1 X27.981 Y56.656 F800
M5
G0 X1.049 Y56.956 F3000
M4 S200
G1 X17.977 Y56.956 F800
M5
G0 X20.715 Y56.956 F3000
M4 S200
G1 X28.203 Y56.956 F800
M5
G0 X1.049 Y57.256 F3000
M4 S200
G1 X17.977 Y57.256 F800
M5
G0 X20.534 Y57.256 F3000
M4 S200
G1 X28.385 Y57.256 F800
M5
G0 X1.049 Y57.556 F3000
M4 S200
G1 X17.977 Y57.556 F800
M5
G0 X20.384 Y57.556 F3000
M4 S200
G1 X28.535 Y57.556 F800
M5
G0 X1.049 Y57.856 F3000
M4 S200
G1 X17.977 Y57.856 F800
M5
G0 X20.257 Y57.856 F3000
M4 S200
G1 X28.661 Y57.856 F800
M5
G0 X1.049 Y58.156 F3000
M4 S200
G1 X17.977 Y58.156 F800
M5
G0 X20.153 Y58.156 F3000
M4 S200
G1 X28.766 Y58.156 F800
M5
G0 X1.049 Y58.456 F3000
M4 S200
G1 X17.977 Y58.456 F800
M5
G0 X20.077 Y58.456 F3000
M4 S200
G1 X28.842 Y58.456 F800
M5
G0 X1.049 Y58.756 F3000
M4 S200
G1 X17.977 Y58.756 F800
M5
G0 X20.023 Y58.756 F3000
M4 S200
G1 X28.896 Y58.756 F800
M5
G0 X1.049 Y59.056 F3000
M4 S200
G1 X17.977 Y59.056 F800
M5
G0 X19.986 Y59.056 F3000
M4 S200
G1 X28.933 Y59.056 F800
M5
G0 X1.049 Y59.356 F3000
M4 S200
G1 X17.977 Y59.356 F800
M5
G0 X19.971 Y59.356 F3000
M4 S200
G1 X28.948 Y59.356 F800
M5
G0 X1.049 Y59.656 F3000
M4 S200
G1 X17.977 Y59.656 F800
M5
G0 X19.980 Y59.656 F3000
M4 S200
G1 X28.939 Y59.656 F800
M5
G0 X1.049 Y59.956 F3000
M4 S200
G1 X17.977 Y59.956 F800
M5
G0 X20.005 Y59.956 F3000
M4 S200
G1 X28.914 Y59.956 F800
M5
G0 X1.049 Y60.256 F3000
M4 S200
G1 X17.977 Y60.256 F800
M5
G0 X20.050 Y60.256 F3000
M4 S200
G1 X28.869 Y60.256 F800
M5
G0 X1.049 Y60.556 F3000
M4 S200
G1 X17.977 Y60.556 F800
M5
G0 X20.123 Y60.556 F3000
M4 S200
G1 X28.796 Y60.556 F800
M5
G0 X1.049 Y60.856 F3000
M4 S200
G1 X17.977 Y60.856 F800
M5
G0 X20.214 Y60.856 F3000
M4 S200
G1 X28.704 Y60.856 F800
M5
G0 X1.049 Y61.156 F3000
M4 S200
G1 X17.977 Y61.156 F800
M5
G0 X20.327 Y61.156 F3000
M4 S200
G1 X28.592 Y61.156 F800
M5
G0 X1.049 Y61.456 F3000
M4 S200
G1 X17.977 Y61.456 F800
M5
G0 X20.470 Y61.456 F3000
M4 S200
G1 X28.449 Y61.456 F800
M5
G0 X1.049 Y61.756 F3000
M4 S200
G1 X17.977 Y61.756 F800
M5
G0 X20.643 Y61.756 F3000
M4 S200
G1 X28.276 Y61.756 F800
M5
G0 X1.049 Y62.056 F3000
M4 S200
G1 X17.977 Y62.056 F800
M5
G0 X20.848 Y62.056 F3000
M4 S200
G1 X28.071 Y62.056 F800
M5
G0 X1.049 Y62.356 F3000
M4 S200
G1 X17.977 Y62.356 F800
M5
G0 X21.091 Y62.356 F3000
M4 S200
G1 X27.828 Y62.356 F800
M5
G0 X1.049 Y62.656 F3000
M4 S200
G1 X17.977 Y62.656 F800
M5
G0 X21.383 Y62.656 F3000
M4 S200
G1 X27.536 Y62.656 F800
M5
G0 X1.049 Y62.956 F3000
M4 S200
G1 X17.977 Y62.956 F800
M5
G0 X21.740 Y62.956 F3000
M4 S200
G1 X27.179 Y62.956 F800
M5
G0 X1.051 Y63.256 F3000
M4 S200
G1 X17.975 Y63.256 F800
M5
G0 X22.191 Y63.256 F3000
M4 S200
G1 X26.728 Y63.256 F800
M5
G0 X1.086 Y63.556 F3000
M4 S200
G1 X17.940 Y63.556 F800
M5
G0 X22.806 Y63.556 F3000
M4 S200
G1 X26.113 Y63.556 F800
M5
G0 X1.185 Y63.856 F3000
M4 S200
G1 X17.842 Y63.856 F800
M5
G0 X24.132 Y63.856 F3000
M4 S200
G1 X24.786 Y63.856 F800
M5
G0 X1.361 Y64.156 F3000
M4 S200
G1 X17.666 Y64.156 F800
M5
G0 X1.652 Y64.456 F3000
M4 S200
G1 X17.374 Y64.456 F800
M5
G0 X2.285 Y64.756 F3000
M4 S200
G1 X16.742 Y64.756 F800
M5
G0 X0.000 Y73.000 F3000
M4 S200
G1 X1.200 Y73.000 F1500
M5
G0 X0.000 Y73.000 F3000
M4 S200
G1 X0.000 Y72.000 F1500
M5
G0 X0.000 Y72.000 F3000
M4 S200
G1 X0.000 Y71.000 F1500
M5
G0 X0.000 Y71.000 F3000
M4 S200
G1 X1.200 Y71.000 F1500
M5
G0 X1.200 Y72.000 F3000
M4 S200
G1 X1.200 Y71.000 F1500
M5
G0 X0.000 Y72.000 F3000
M4 S200
G1 X1.200 Y72.000 F1500
M5
G0 X1.600 Y72.000 F3000
M4 S200
G1 X2.800 Y72.000 F1500
M5
G0 X3.200 Y73.000 F3000
M4 S200
G1 X4.400 Y73.000 F1500
M5
G0 X4.400 Y73.000 F3000
M4 S200
G1 X4.400 Y72.000 F1500
M5
G0 X4.400 Y72.000 F3000
M4 S200
G1 X4.400 Y71.000 F1500
M5
G0 X3.200 Y71.000 F3000
M4 S200
G1 X4.400 Y71.000 F1500
M5
G0 X3.200 Y72.000 F3000
M4 S200
G1 X3.200 Y71.000 F1500
M5
G0 X3.200 Y73.000 F3000
M4 S200
G1 X3.200 Y72.000 F1500
M5
G0 X4.800 Y73.000 F3000
M4 S200
G1 X6.000 Y73.000 F1500
M5
G0 X6.000 Y73.000 F3000
M4 S200
G1 X6.000 Y72.000 F1500
M5
G0 X6.000 Y72.000 F3000
M4 S200
G1 X6.000 Y71.000 F1500
M5
G0 X4.800 Y71.000 F3000
M4 S200
G1 X6.000 Y71.000 F1500
M5
G0 X4.800 Y72.000 F3000
M4 S200
G1 X4.800 Y71.000 F1500
M5
G0 X4.800 Y73.000 F3000
M4 S200
G1 X4.800 Y72.000 F1500
M5
G0 X6.400 Y73.000 F3000
M4 S200
G1 X7.600 Y73.000 F1500
M5
G0 X7.600 Y73.000 F3000
M4 S200
G1 X7.600 Y72.000 F1500
M5
G0 X7.600 Y72.000 F3000
M4 S200
G1 X7.600 Y71.000 F1500
M5
G0 X6.400 Y71.000 F3000
M4 S200
G1 X7.600 Y71.000 F1500
M5
G0 X6.400 Y72.000 F3000
M4 S200
G1 X6.400 Y71.000 F1500
M5
G0 X6.400 Y73.000 F3000
M4 S200
G1 X6.400 Y72.000 F1500
M5
G0 X6.400 Y72.000 F3000
M4 S200
G1 X7.600 Y72.000 F1500
M5
G0 X2.624 Y102.794 F3000
M4 S250
G1 X16.402 Y102.794 F800
G1 X16.563 Y102.786 F800
G1 X16.720 Y102.762 F800
G1 X16.870 Y102.723 F800
G1 X17.015 Y102.670 F800
G1 X17.153 Y102.604 F800
G1 X17.283 Y102.525 F800
G1 X17.404 Y102.434 F800
G1 X17.516 Y102.332 F800
G1 X17.617 Y102.221 F800
G1 X17.708 Y102.099 F800
G1 X17.787 Y101.970 F800
G1 X17.853 Y101.832 F800
G1 X17.906 Y101.687 F800
G1 X17.945 Y101.536 F800
G1 X17.969 Y101.380 F800
G1 X17.977 Y101.219 F800
G1 X17.977 Y92.960 F800
G1 X1.049 Y92.960 F800
G1 X1.049 Y101.219 F800
G1 X1.057 Y101.380 F800
G1 X1.081 Y101.536 F800
G1 X1.120 Y101.687 F800
G1 X1.173 Y101.832 F800
G1 X1.239 Y101.969 F800
G1 X1.318 Y102.099 F800
G1 X1.409 Y102.220 F800
G1 X1.511 Y102.332 F800
G1 X1.622 Y102.434 F800
G1 X1.744 Y102.525 F800
G1 X1.873 Y102.604 F800
G1 X2.011 Y102.670 F800
G1 X2.156 Y102.723 F800
G1 X2.307 Y102.762 F800
G1 X2.463 Y102.786 F800
G1 X2.624 Y102.794 F800
G1 X2.624 Y102.794 F800
M5
G0 X28.951 Y97.416 F3000
M4 S250
G1 X28.929 Y96.979 F800
G1 X28.864 Y96.547 F800
G1 X28.757 Y96.122 F800
G1 X28.609 Y95.711 F800
G1 X28.420 Y95.315 F800
G1 X28.194 Y94.940 F800
G1 X27.931 Y94.589 F800
G1 X27.635 Y94.265 F800
G1 X27.309 Y93.971 F800
G1 X26.955 Y93.711 F800
G1 X26.577 Y93.486 F800
G1 X26.178 Y93.299 F800
G1 X25.763 Y93.152 F800
G1 X25.336 Y93.045 F800
G1 X24.900 Y92.981 F800
G1 X24.459 Y92.960 F800
G1 X24.019 Y92.981 F800
G1 X23.583 Y93.045 F800
G1 X23.156 Y93.152 F800
G1 X22.741 Y93.299 F800
G1 X22.342 Y93.486 F800
G1 X21.964 Y93.711 F800
G1 X21.610 Y93.971 F800
G1 X21.283 Y94.265 F800
G1 X20.987 Y94.589 F800
G1 X20.725 Y94.940 F800
G1 X20.498 Y95.315 F800
G1 X20.310 Y95.711 F800
G1 X20.161 Y96.122 F800
G1 X20.054 Y96.547 F800
G1 X19.990 Y96.979 F800
G1 X19.968 Y97.416 F800
G1 X19.990 Y97.853 F800
G1 X20.054 Y98.285 F800
G1 X20.161 Y98.709 F800
G1 X20.310 Y99.121 F800
G1 X20.498 Y99.516 F800
G1 X20.725 Y99.892 F800
G1 X20.987 Y100.243 F800
G1 X21.283 Y100.567 F800
G1 X21.610 Y100.861 F800
G1 X21.964 Y101.121 F800
G1 X22.342 Y101.346 F800
G1 X22.741 Y101.533 F800
G1 X23.156 Y101.680 F800
G1 X23.583 Y101.786 F800
G1 X24.019 Y101.851 F800
G1 X24.459 Y101.872 F800
G1 X24.900 Y101.851 F800
G1 X25.336 Y101.786 F800
G1 X25.763 Y101.680 F800
G1 X26.178 Y101.533 F800
G1 X26.577 Y101.346 F800
G1 X26.955 Y101.121 F800
G1 X27.309 Y100.861 F800
G1 X27.635 Y100.567 F800
G1 X27.931 Y100.243 F800
G1 X28.194 Y99.892 F800
G1 X28.420 Y99.516 F800
G1 X28.609 Y99.121 F800
G1 X28.757 Y98.709 F800
G1 X28.864 Y98.285 F800
G1 X28.929 Y97.853 F800
G1 X28.951 Y97.416 F800
M5
G0 X15.568 Y79.390 F3000
M4 S250
G1 X28.488 Y88.972 F800
G1 X28.633 Y89.098 F800
G1 X28.748 Y89.239 F800
G1 X28.835 Y89.391 F800
G1 X28.895 Y89.550 F800
G1 X28.928 Y89.714 F800
G1 X28.936 Y89.880 F800
G1 X28.919 Y90.044 F800
G1 X28.878 Y90.205 F800
G1 X28.815 Y90.357 F800
G1 X28.731 Y90.499 F800
G1 X28.626 Y90.628 F800
G1 X28.502 Y90.740 F800
G1 X28.359 Y90.833 F800
G1 X28.199 Y90.903 F800
G1 X28.022 Y90.947 F800
G1 X27.830 Y90.962 F800
G1 X2.192 Y90.962 F800
G1 X2.000 Y90.947 F800
G1 X1.823 Y90.903 F800
G1 X1.663 Y90.833 F800
G1 X1.520 Y90.740 F800
G1 X1.396 Y90.628 F800
G1 X1.291 Y90.499 F800
G1 X1.207 Y90.357 F800
G1 X1.144 Y90.205 F800
G1 X1.103 Y90.044 F800
G1 X1.086 Y89.880 F800
G1 X1.094 Y89.714 F800
G1 X1.127 Y89.550 F800
G1 X1.186 Y89.391 F800
G1 X1.273 Y89.239 F800
G1 X1.389 Y89.098 F800
G1 X1.534 Y88.972 F800
G1 X14.454 Y79.390 F800
G1 X14.517 Y79.347 F800
G1 X14.583 Y79.310 F800
G1 X14.651 Y79.278 F800
G1 X14.721 Y79.252 F800
G1 X14.792 Y79.232 F800
G1 X14.865 Y79.218 F800
G1 X14.937 Y79.209 F800
G1 X15.011 Y79.206 F800
G1 X15.084 Y79.209 F800
G1 X15.157 Y79.218 F800
G1 X15.229 Y79.232 F800
G1 X15.301 Y79.252 F800
G1 X15.370 Y79.278 F800
G1 X15.438 Y79.310 F800
G1 X15.504 Y79.347 F800
G1 X15.567 Y79.390 F800
G1 X15.568 Y79.390 F800
M5
G0 X14.504 Y79.356 F3000
M4 S250
G1 X15.518 Y79.356 F800
M5
G0 X14.095 Y79.656 F3000
M4 S250
G1 X15.927 Y79.656 F800
M5
G0 X13.691 Y79.956 F3000
M4 S250
G1 X16.331 Y79.956 F800
M5
G0 X13.286 Y80.256 F3000
M4 S250
G1 X16.736 Y80.256 F800
M5
G0 X12.882 Y80.556 F3000
M4 S250
G1 X17.140 Y80.556 F800
M5
G0 X12.477 Y80.856 F3000
M4 S250
G1 X17.545 Y80.856 F800
M5
G0 X12.073 Y81.156 F3000
M4 S250
G1 X17.949 Y81.156 F800
M5
G0 X11.668 Y81.456 F3000
M4 S250
G1 X18.354 Y81.456 F800
M5
G0 X11.264 Y81.756 F3000
M4 S250
G1 X18.758 Y81.756 F800
M5
G0 X10.859 Y82.056 F3000
M4 S250
G1 X19.163 Y82.056 F800
M5
G0 X10.455 Y82.356 F3000
M4 S250
G1 X19.567 Y82.356 F800
M5
G0 X10.050 Y82.656 F3000
M4 S250
G1 X19.972 Y82.656 F800
M5
G0 X9.646 Y82.956 F3000
M4 S250
G1 X20.376 Y82.956 F800
M5
G0 X9.241 Y83.256 F3000
M4 S250
G1 X20.781 Y83.256 F800
M5
G0 X8.836 Y83.556 F3000
M4 S250
G1 X21.185 Y83.556 F800
M5
G0 X8.432 Y83.856 F3000
M4 S250
G1 X21.590 Y83.856 F800
M5
G0 X8.027 Y84.156 F3000
M4 S250
G1 X21.994 Y84.156 F800
M5
G0 X7.623 Y84.456 F3000
M4 S250
G1 X22.399 Y84.456 F800
M5
G0 X7.218 Y84.756 F3000
M4 S250
G1 X22.803 Y84.756 F800
M5
G0 X6.814 Y85.056 F3000
M4 S250
G1 X23.208 Y85.056 F800
M5
G0 X6.409 Y85.356 F3000
M4 S250
G1 X23.612 Y85.356 F800
M5
G0 X6.005 Y85.656 F3000
M4 S250
G1 X24.017 Y85.656 F800
M5
G0 X5.600 Y85.956 F3000
M4 S250
G1 X24.421 Y85.956 F800
M5
G0 X5.196 Y86.256 F3000
M4 S250
G1 X24.826 Y86.256 F800
M5
G0 X4.791 Y86.556 F3000
M4 S250
G1 X25.230 Y86.556 F800
M5
G0 X4.387 Y86.856 F3000
M4 S250
G1 X25.635 Y86.856 F800
M5
G0 X3.982 Y87.156 F3000
M4 S250
G1 X26.040 Y87.156 F800
M5
G0 X3.578 Y87.456 F3000
M4 S250
G1 X26.444 Y87.456 F800
M5
G0 X3.173 Y87.756 F3000
M4 S250
G1 X26.849 Y87.756 F800
M5
G0 X2.769 Y88.056 F3000
M4 S250
G1 X27.253 Y88.056 F800
M5
G0 X2.364 Y88.356 F3000
M4 S250
G1 X27.658 Y88.356 F800
M5
G0 X1.960 Y88.656 F3000
M4 S250
G1 X28.062 Y88.656 F800
M5
G0 X1.555 Y88.956 F3000
M4 S250
G1 X28.467 Y88.956 F800
M5
G0 X1.264 Y89.256 F3000
M4 S250
G1 X28.758 Y89.256 F800
M5
G0 X1.126 Y89.556 F3000
M4 S250
G1 X28.896 Y89.556 F800
M5
G0 X1.087 Y89.856 F3000
M4 S250
G1 X28.935 Y89.856 F800
M5
G0 X1.131 Y90.156 F3000
M4 S250
G1 X28.890 Y90.156 F800
M5
G0 X1.265 Y90.456 F3000
M4 S250
G1 X28.757 Y90.456 F800
M5
G0 X1.545 Y90.756 F3000
M4 S250
G1 X28.477 Y90.756 F800
M5
G0 X1.049 Y93.156 F3000
M4 S250
G1 X17.977 Y93.156 F800
M5
G0 X23.143 Y93.156 F3000
M4 S250
G1 X25.776 Y93.156 F800
M5
G0 X1.049 Y93.456 F3000
M4 S250
G1 X17.977 Y93.456 F800
M5
G0 X22.406 Y93.456 F3000
M4 S250
G1 X26.513 Y93.456 F800
M5
G0 X1.049 Y93.756 F3000
M4 S250
G1 X17.977 Y93.756 F800
M5
G0 X21.903 Y93.756 F3000
M4 S250
G1 X27.016 Y93.756 F800
M5
G0 X1.049 Y94.056 F3000
M4 S250
G1 X17.977 Y94.056 F800
M5
G0 X21.516 Y94.056 F3000
M4 S250
G1 X27.403 Y94.056 F800
M5
G0 X1.049 Y94.356 F3000
M4 S250
G1 X17.977 Y94.356 F800
M5
G0 X21.200 Y94.356 F3000
M4 S250
G1 X27.719 Y94.356 F800
M5
G0 X1.049 Y94.656 F3000
M4 S250
G1 X17.977 Y94.656 F800
M5
G0 X20.937 Y94.656 F3000
M4 S250
G1 X27.981 Y94.656 F800
M5
G0 X1.049 Y94.956 F3000
M4 S250
G1 X17.977 Y94.956 F800
M5
G0 X20.715 Y94.956 F3000
M4 S250
G1 X28.203 Y94.956 F800
M5
G0 X1.049 Y95.256 F3000
M4 S250
G1 X17.977 Y95.256 F800
M5
G0 X20.534 Y95.256 F3000
M4 S250
G1 X28.385 Y95.256 F800
M5
G0 X1.049 Y95.556 F3000
M4 S250
G1 X17.977 Y95.556 F800
M5
G0 X20.384 Y95.556 F3000
M4 S250
G1 X28.535 Y95.556 F800
M5
G0 X1.049 Y95.856 F3000
M4 S250
G1 X17.977 Y95.856 F800
M5
G0 X20.257 Y95.856 F3000
M4 S250
G1 X28.661 Y95.856 F800
M5
G0 X1.049 Y96.156 F3000
M4 S250
G1 X17.977 Y96.156 F800
M5
G0 X20.153 Y96.156 F3000
M4 S250
G1 X28.766 Y96.156 F800
M5
G0 X1.049 Y96.456 F3000
M4 S250
G1 X17.977 Y96.456 F800
M5
G0 X20.077 Y96.456 F3000
M4 S250
G1 X28.842 Y96.456 F800
M5
G0 X1.049 Y96.756 F3000
M4 S250
G1 X17.977 Y96.756 F800
M5
G0 X20.023 Y96.756 F3000
M4 S250
G1 X28.896 Y96.756 F800
M5
G0 X1.049 Y97.056 F3000
M4 S250
G1 X17.977 Y97.056 F800
M5
G0 X19.986 Y97.056 F3000
M4 S250
G1 X28.933 Y97.056 F800
M5
G0 X1.049 Y97.356 F3000
M4 S250
G1 X17.977 Y97.356 F800
M5
G0 X19.971 Y97.356 F3000
M4 S250
G1 X28.948 Y97.356 F800
M5
G0 X1.049 Y97.656 F3000
M4 S250
G1 X17.977 Y97.656 F800
M5
G0 X19.980 Y97.656 F3000
M4 S250
G1 X28.939 Y97.656 F800
M5
G0 X1.049 Y97.956 F3000
M4 S250
G1 X17.977 Y97.956 F800
M5
G0 X20.005 Y97.956 F3000
M4 S250
G1 X28.914 Y97.956 F800
M5
G0 X1.049 Y98.256 F3000
M4 S250
G1 X17.977 Y98.256 F800
M5
G0 X20.050 Y98.256 F3000
M4 S250
G1 X28.869 Y98.256 F800
M5
G0 X1.049 Y98.556 F3000
M4 S250
G1 X17.977 Y98.556 F800
M5
G0 X20.123 Y98.556 F3000
M4 S250
G1 X28.796 Y98.556 F800
M5
G0 X1.049 Y98.856 F3000
M4 S250
G1 X17.977 Y98.856 F800
M5
G0 X20.214 Y98.856 F3000
M4 S250
G1 X28.704 Y98.856 F800
M5
G0 X1.049 Y99.156 F3000
M4 S250
G1 X17.977 Y99.156 F800
M5
G0 X20.327 Y99.156 F3000
M4 S250
G1 X28.592 Y99.156 F800
M5
G0 X1.049 Y99.456 F3000
M4 S250
G1 X17.977 Y99.456 F800
M5
G0 X20.470 Y99.456 F3000
M4 S250
G1 X28.449 Y99.456 F800
M5
G0 X1.049 Y99.756 F3000
M4 S250
G1 X17.977 Y99.756 F800
M5
G0 X20.643 Y99.756 F3000
M4 S250
G1 X28.276 Y99.756 F800
M5
G0 X1.049 Y100.056 F3000
M4 S250
G1 X17.977 Y100.056 F800
M5
G0 X20.848 Y100.056 F3000
M4 S250
G1 X28.071 Y100.056 F800
M5
G0 X1.049 Y100.356 F3000
M4 S250
G1 X17.977 Y100.356 F800
M5
G0 X21.091 Y100.356 F3000
M4 S250
G1 X27.828 Y100.356 F800
M5
G0 X1.049 Y100.656 F3000
M4 S250
G1 X17.977 Y100.656 F800
M5
G0 X21.383 Y100.656 F3000
M4 S250
G1 X27.536 Y100.656 F800
M5
G0 X1.049 Y100.956 F3000
M4 S250
G1 X17.977 Y100.956 F800
M5
G0 X21.740 Y100.956 F3000
M4 S250
G1 X27.179 Y100.956 F800
M5
G0 X1.051 Y101.256 F3000
M4 S250
G1 X17.975 Y101.256 F800
M5
G0 X22.191 Y101.256 F3000
M4 S250
G1 X26.728 Y101.256 F800
M5
G0 X1.086 Y101.556 F3000
M4 S250
G1 X17.940 Y101.556 F800
M5
G0 X22.806 Y101.556 F3000
M4 S250
G1 X26.113 Y101.556 F800
M5
G0 X1.185 Y101.856 F3000
M4 S250
G1 X17.842 Y101.856 F800
M5
G0 X24.132 Y101.856 F3000
M4 S250
G1 X24.786 Y101.856 F800
M5
G0 X1.361 Y102.156 F3000
M4 S250
G1 X17.666 Y102.156 F800
M5
G0 X1.652 Y102.456 F3000
M4 S250
G1 X17.374 Y102.456 F800
M5
G0 X2.285 Y102.756 F3000
M4 S250
G1 X16.742 Y102.756 F800
M5
G0 X0.000 Y111.000 F3000
M4 S200
G1 X1.200 Y111.000 F1500
M5
G0 X0.000 Y111.000 F3000
M4 S200
G1 X0.000 Y110.000 F1500
M5
G0 X0.000 Y110.000 F3000
M4 S200
G1 X0.000 Y109.000 F1500
M5
G0 X0.000 Y109.000 F3000
M4 S200
G1 X1.200 Y109.000 F1500
M5
G0 X1.200 Y110.000 F3000
M4 S200
G1 X1.200 Y109.000 F1500
M5
G0 X0.000 Y110.000 F3000
M4 S200
G1 X1.200 Y110.000 F1500
M5
G0 X1.600 Y110.000 F3000
M4 S200
G1 X2.800 Y110.000 F1500
M5
G0 X3.200 Y111.000 F3000
M4 S200
G1 X4.400 Y111.000 F1500
M5
G0 X4.400 Y111.000 F3000
M4 S200
G1 X4.400 Y110.000 F1500
M5
G0 X4.400 Y110.000 F3000
M4 S200
G1 X4.400 Y109.000 F1500
M5
G0 X3.200 Y109.000 F3000
M4 S200
G1 X4.400 Y109.000 F1500
M5
G0 X3.200 Y110.000 F3000
M4 S200
G1 X3.200 Y109.000 F1500
M5
G0 X3.200 Y111.000 F3000
M4 S200
G1 X3.200 Y110.000 F1500
M5
G0 X4.800 Y111.000 F3000
M4 S200
G1 X6.000 Y111.000 F1500
M5
G0 X6.000 Y111.000 F3000
M4 S200
G1 X6.000 Y110.000 F1500
M5
G0 X6.000 Y110.000 F3000
M4 S200
G1 X6.000 Y109.000 F1500
M5
G0 X4.800 Y109.000 F3000
M4 S200
G1 X6.000 Y109.000 F1500
M5
G0 X4.800 Y110.000 F3000
M4 S200
G1 X4.800 Y109.000 F1500
M5
G0 X4.800 Y111.000 F3000
M4 S200
G1 X4.800 Y110.000 F1500
M5
G0 X6.400 Y111.000 F3000
M4 S200
G1 X7.600 Y111.000 F1500
M5
G0 X7.600 Y111.000 F3000
M4 S200
G1 X7.600 Y110.000 F1500
M5
G0 X7.600 Y110.000 F3000
M4 S200
G1 X7.600 Y109.000 F1500
M5
G0 X6.400 Y109.000 F3000
M4 S200
G1 X7.600 Y109.000 F1500
M5
G0 X6.400 Y111.000 F3000
M4 S200
G1 X6.400 Y110.000 F1500
M5
G0 X6.400 Y110.000 F3000
M4 S200
G1 X7.600 Y110.000 F1500
M5
G0 X40.624 Y102.794 F3000
M4 S250
G1 X54.403 Y102.794 F1000
G1 X54.563 Y102.786 F1000
G1 X54.720 Y102.762 F1000
G1 X54.870 Y102.723 F1000
G1 X55.015 Y102.670 F1000
G1 X55.153 Y102.604 F1000
G1 X55.283 Y102.525 F1000
G1 X55.404 Y102.434 F1000
G1 X55.516 Y102.332 F1000
G1 X55.617 Y102.221 F1000
G1 X55.708 Y102.099 F1000
G1 X55.787 Y101.970 F1000
G1 X55.853 Y101.832 F1000
G1 X55.906 Y101.687 F1000
G1 X55.945 Y101.536 F1000
G1 X55.969 Y101.380 F1000
G1 X55.977 Y101.219 F1000
G1 X55.977 Y92.960 F1000
G1 X39.049 Y92.960 F1000
G1 X39.049 Y101.219 F1000
G1 X39.057 Y101.380 F1000
G1 X39.081 Y101.536 F1000
G1 X39.120 Y101.687 F1000
G1 X39.173 Y101.832 F1000
G1 X39.239 Y101.969 F1000
G1 X39.318 Y102.099 F1000
G1 X39.409 Y102.220 F1000
G1 X39.511 Y102.332 F1000
G1 X39.622 Y102.434 F1000
G1 X39.744 Y102.525 F1000
G1 X39.873 Y102.604 F1000
G1 X40.011 Y102.670 F1000
G1 X40.156 Y102.723 F1000
G1 X40.307 Y102.762 F1000
G1 X40.463 Y102.786 F1000
G1 X40.624 Y102.794 F1000
G1 X40.624 Y102.794 F1000
M5
G0 X66.951 Y97.416 F3000
M4 S250
G1 X66.929 Y96.979 F1000
G1 X66.864 Y96.547 F1000
G1 X66.757 Y96.122 F1000
G1 X66.609 Y95.711 F1000
G1 X66.420 Y95.315 F1000
G1 X66.194 Y94.940 F1000
G1 X65.931 Y94.589 F1000
G1 X65.635 Y94.265 F1000
G1 X65.309 Y93.971 F1000
G1 X64.955 Y93.711 F1000
G1 X64.577 Y93.486 F1000
G1 X64.178 Y93.299 F1000
G1 X63.763 Y93.152 F1000
G1 X63.336 Y93.045 F1000
G1 X62.900 Y92.981 F1000
G1 X62.459 Y92.960 F1000
G1 X62.019 Y92.981 F1000
G1 X61.583 Y93.045 F1000
G1 X61.156 Y93.152 F1000
G1 X60.741 Y93.299 F1000
G1 X60.342 Y93.486 F1000
G1 X59.964 Y93.711 F1000
G1 X59.610 Y93.971 F1000
G1 X59.283 Y94.265 F1000
G1 X58.987 Y94.589 F1000
G1 X58.725 Y94.940 F1000
G1 X58.498 Y95.315 F1000
G1 X58.310 Y95.711 F1000
G1 X58.161 Y96.122 F1000
G1 X58.054 Y96.547 F1000
G1 X57.990 Y96.979 F1000
G1 X57.968 Y97.416 F1000
G1 X57.990 Y97.853 F1000
G1 X58.054 Y98.285 F1000
G1 X58.161 Y98.709 F1000
G1 X58.310 Y99.121 F1000
G1 X58.498 Y99.516 F1000
G1 X58.725 Y99.892 F1000
G1 X58.987 Y100.243 F1000
G1 X59.283 Y100.567 F1000
G1 X59.610 Y100.861 F1000
G1 X59.964 Y101.121 F1000
G1 X60.342 Y101.346 F1000
G1 X60.741 Y101.533 F1000
G1 X61.156 Y101.680 F1000
G1 X61.583 Y101.786 F1000
G1 X62.019 Y101.851 F1000
G1 X62.459 Y101.872 F1000
G1 X62.900 Y101.851 F1000
G1 X63.336 Y101.786 F1000
G1 X63.763 Y101.680 F1000
G1 X64.178 Y101.533 F1000
G1 X64.577 Y101.346 F1000
G1 X64.955 Y101.121 F1000
G1 X65.309 Y100.861 F1000
G1 X65.635 Y100.567 F1000
G1 X65.931 Y100.243 F1000
G1 X66.194 Y99.892 F1000
G1 X66.420 Y99.516 F1000
G1 X66.609 Y99.121 F1000
G1 X66.757 Y98.709 F1000
G1 X66.864 Y98.285 F1000
G1 X66.929 Y97.853 F1000
G1 X66.951 Y97.416 F1000
M5
G0 X53.568 Y79.390 F3000
M4 S250
G1 X66.488 Y88.972 F1000
G1 X66.633 Y89.098 F1000
G1 X66.748 Y89.239 F1000
G1 X66.835 Y89.391 F1000
G1 X66.895 Y89.550 F1000
G1 X66.928 Y89.714 F1000
G1 X66.936 Y89.880 F1000
G1 X66.919 Y90.044 F1000
G1 X66.878 Y90.205 F1000
G1 X66.815 Y90.357 F1000
G1 X66.731 Y90.499 F1000
G1 X66.626 Y90.628 F1000
G1 X66.502 Y90.740 F1000
G1 X66.359 Y90.833 F1000
G1 X66.199 Y90.903 F1000
G1 X66.022 Y90.947 F1000
G1 X65.830 Y90.962 F1000
G1 X40.192 Y90.962 F1000
G1 X40.000 Y90.947 F1000
G1 X39.823 Y90.903 F1000
G1 X39.663 Y90.833 F1000
G1 X39.520 Y90.740 F1000
G1 X39.396 Y90.628 F1000
G1 X39.291 Y90.499 F1000
G1 X39.207 Y90.357 F1000
G1 X39.144 Y90.205 F1000
G1 X39.103 Y90.044 F1000
G1 X39.086 Y89.880 F1000
G1 X39.094 Y89.714 F1000
G1 X39.127 Y89.550 F1000
G1 X39.186 Y89.391 F1000
G1 X39.273 Y89.239 F1000
G1 X39.389 Y89.098 F1000
G1 X39.534 Y88.972 F1000
G1 X52.454 Y79.390 F1000
G1 X52.517 Y79.347 F1000
G1 X52.583 Y79.310 F1000
G1 X52.651 Y79.278 F1000
G1 X52.721 Y79.252 F1000
G1 X52.792 Y79.232 F1000
G1 X52.865 Y79.218 F1000
G1 X52.937 Y79.209 F1000
G1 X53.011 Y79.206 F1000
G1 X53.084 Y79.209 F1000
G1 X53.157 Y79.218 F1000
G1 X53.229 Y79.232 F1000
G1 X53.301 Y79.252 F1000
G1 X53.370 Y79.278 F1000
G1 X53.438 Y79.310 F1000
G1 X53.504 Y79.347 F1000
G1 X53.567 Y79.390 F1000
G1 X53.568 Y79.390 F1000
M5
G0 X52.504 Y79.356 F3000
M4 S250
G1 X53.518 Y79.356 F1000
M5
G0 X52.095 Y79.656 F3000
M4 S250
G1 X53.927 Y79.656 F1000
M5
G0 X51.691 Y79.956 F3000
M4 S250
G1 X54.331 Y79.956 F1000
M5
G0 X51.286 Y80.256 F3000
M4 S250
G1 X54.736 Y80.256 F1000
M5
G0 X50.882 Y80.556 F3000
M4 S250
G1 X55.140 Y80.556 F1000
M5
G0 X50.477 Y80.856 F3000
M4 S250
G1 X55.545 Y80.856 F1000
M5
G0 X50.073 Y81.156 F3000
M4 S250
G1 X55.949 Y81.156 F1000
M5
G0 X49.668 Y81.456 F3000
M4 S250
G1 X56.354 Y81.456 F1000
M5
G0 X49.264 Y81.756 F3000
M4 S250
G1 X56.758 Y81.756 F1000
M5
G0 X48.859 Y82.056 F3000
M4 S250
G1 X57.163 Y82.056 F1000
M5
G0 X48.455 Y82.356 F3000
M4 S250
G1 X57.567 Y82.356 F1000
M5
G0 X48.050 Y82.656 F3000
M4 S250
G1 X57.972 Y82.656 F1000
M5
G0 X47.646 Y82.956 F3000
M4 S250
G1 X58.376 Y82.956 F1000
M5
G0 X47.241 Y83.256 F3000
M4 S250
G1 X58.781 Y83.256 F1000
M5
G0 X46.836 Y83.556 F3000
M4 S250
G1 X59.185 Y83.556 F1000
M5
G0 X46.432 Y83.856 F3000
M4 S250
G1 X59.590 Y83.856 F1000
M5
G0 X46.027 Y84.156 F3000
M4 S250
G1 X59.994 Y84.156 F1000
M5
G0 X45.623 Y84.456 F3000
M4 S250
G1 X60.399 Y84.456 F1000
M5
G0 X45.218 Y84.756 F3000
M4 S250
G1 X60.803 Y84.756 F1000
M5
G0 X44.814 Y85.056 F3000
M4 S250
G1 X61.208 Y85.056 F1000
M5
G0 X44.409 Y85.356 F3000
M4 S250
G1 X61.612 Y85.356 F1000
M5
G0 X44.005 Y85.656 F3000
M4 S250
G1 X62.017 Y85.656 F1000
M5
G0 X43.600 Y85.956 F3000
M4 S250
G1 X62.421 Y85.956 F1000
M5
G0 X43.196 Y86.256 F3000
M4 S250
G1 X62.826 Y86.256 F1000
M5
G0 X42.791 Y86.556 F3000
M4 S250
G1 X63.230 Y86.556 F1000
M5
G0 X42.387 Y86.856 F3000
M4 S250
G1 X63.635 Y86.856 F1000
M5
G0 X41.982 Y87.156 F3000
M4 S250
G1 X64.040 Y87.156 F1000
M5
G0 X41.578 Y87.456 F3000
M4 S250
G1 X64.444 Y87.456 F1000
M5
G0 X41.173 Y87.756 F3000
M4 S250
G1 X64.849 Y87.756 F1000
M5
G0 X40.769 Y88.056 F3000
M4 S250
G1 X65.253 Y88.056 F1000
M5
G0 X40.364 Y88.356 F3000
M4 S250
G1 X65.658 Y88.356 F1000
M5
G0 X39.960 Y88.656 F3000
M4 S250
G1 X66.062 Y88.656 F1000
M5
G0 X39.555 Y88.956 F3000
M4 S250
G1 X66.467 Y88.956 F1000
M5
G0 X39.264 Y89.256 F3000
M4 S250
G1 X66.758 Y89.256 F1000
M5
G0 X39.126 Y89.556 F3000
M4 S250
G1 X66.896 Y89.556 F1000
M5
G0 X39.087 Y89.856 F3000
M4 S250
G1 X66.935 Y89.856 F1000
M5
G0 X39.131 Y90.156 F3000
M4 S250
G1 X66.890 Y90.156 F1000
M5
G0 X39.265 Y90.456 F3000
M4 S250
G1 X66.757 Y90.456 F1000
M5
G0 X39.545 Y90.756 F3000
M4 S250
G1 X66.477 Y90.756 F1000
M5
G0 X39.049 Y93.156 F3000
M4 S250
G1 X55.977 Y93.156 F1000
M5
G0 X61.143 Y93.156 F3000
M4 S250
G1 X63.776 Y93.156 F1000
M5
G0 X39.049 Y93.456 F3000
M4 S250
G1 X55.977 Y93.456 F1000
M5
G0 X60.406 Y93.456 F3000
M4 S250
G1 X64.513 Y93.456 F1000
M5
G0 X39.049 Y93.756 F3000
M4 S250
G1 X55.977 Y93.756 F1000
M5
G0 X59.903 Y93.756 F3000
M4 S250
G1 X65.016 Y93.756 F1000
M5
G0 X39.049 Y94.056 F3000
M4 S250
G1 X55.977 Y94.056 F1000
M5
G0 X59.516 Y94.056 F3000
M4 S250
G1 X65.403 Y94.056 F1000
M5
G0 X39.049 Y94.356 F3000
M4 S250
G1 X55.977 Y94.356 F1000
M5
G0 X59.200 Y94.356 F3000
M4 S250
G1 X65.719 Y94.356 F1000
M5
G0 X39.049 Y94.656 F3000
M4 S250
G1 X55.977 Y94.656 F1000
M5
G0 X58.937 Y94.656 F3000
M4 S250
G1 X65.981 Y94.656 F1000
M5
G0 X39.049 Y94.956 F3000
M4 S250
G1 X55.977 Y94.956 F1000
M5
G0 X58.715 Y94.956 F3000
M4 S250
G1 X66.203 Y94.956 F1000
M5
G0 X39.049 Y95.256 F3000
M4 S250
G1 X55.977 Y95.256 F1000
M5
G0 X58.534 Y95.256 F3000
M4 S250
G1 X66.385 Y95.256 F1000
M5
G0 X39.049 Y95.556 F3000
M4 S250
G1 X55.977 Y95.556 F1000
M5
G0 X58.384 Y95.556 F3000
M4 S250
G1 X66.535 Y95.556 F1000
M5
G0 X39.049 Y95.856 F3000
M4 S250
G1 X55.977 Y95.856 F1000
M5
G0 X58.257 Y95.856 F3000
M4 S250
G1 X66.661 Y95.856 F1000
M5
G0 X39.049 Y96.156 F3000
M4 S250
G1 X55.977 Y96.156 F1000
M5
G0 X58.153 Y96.156 F3000
M4 S250
G1 X66.766 Y96.156 F1000
M5
G0 X39.049 Y96.456 F3000
M4 S250
G1 X55.977 Y96.456 F1000
M5
G0 X58.077 Y96.456 F3000
M4 S250
G1 X66.842 Y96.456 F1000
M5
G0 X39.049 Y96.756 F3000
M4 S250
G1 X55.977 Y96.756 F1000
M5
G0 X58.023 Y96.756 F3000
M4 S250
G1 X66.896 Y96.756 F1000
M5
G0 X39.049 Y97.056 F3000
M4 S250
G1 X55.977 Y97.056 F1000
M5
G0 X57.986 Y97.056 F3000
M4 S250
G1 X66.933 Y97.056 F1000
M5
G0 X39.049 Y97.356 F3000
M4 S250
G1 X55.977 Y97.356 F1000
M5
G0 X57.971 Y97.356 F3000
M4 S250
G1 X66.948 Y97.356 F1000
M5
G0 X39.049 Y97.656 F3000
M4 S250
G1 X55.977 Y97.656 F1000
M5
G0 X57.980 Y97.656 F3000
M4 S250
G1 X66.939 Y97.656 F1000
M5
G0 X39.049 Y97.956 F3000
M4 S250
G1 X55.977 Y97.956 F1000
M5
G0 X58.005 Y97.956 F3000
M4 S250
G1 X66.914 Y97.956 F1000
M5
G0 X39.049 Y98.256 F3000
M4 S250
G1 X55.977 Y98.256 F1000
M5
G0 X58.050 Y98.256 F3000
M4 S250
G1 X66.869 Y98.256 F1000
M5
G0 X39.049 Y98.556 F3000
M4 S250
G1 X55.977 Y98.556 F1000
M5
G0 X58.123 Y98.556 F3000
M4 S250
G1 X66.796 Y98.556 F1000
M5
G0 X39.049 Y98.856 F3000
M4 S250
G1 X55.977 Y98.856 F1000
M5
G0 X58.214 Y98.856 F3000
M4 S250
G1 X66.704 Y98.856 F1000
M5
G0 X39.049 Y99.156 F3000
M4 S250
G1 X55.977 Y99.156 F1000
M5
G0 X58.327 Y99.156 F3000
M4 S250
G1 X66.592 Y99.156 F1000
M5
G0 X39.049 Y99.456 F3000
M4 S250
G1 X55.977 Y99.456 F1000
M5
G0 X58.470 Y99.456 F3000
M4 S250
G1 X66.449 Y99.456 F1000
M5
G0 X39.049 Y99.756 F3000
M4 S250
G1 X55.977 Y99.756 F1000
M5
G0 X58.643 Y99.756 F3000
M4 S250
G1 X66.276 Y99.756 F1000
M5
G0 X39.049 Y100.056 F3000
M4 S250
G1 X55.977 Y100.056 F1000
M5
G0 X58.848 Y100.056 F3000
M4 S250
G1 X66.071 Y100.056 F1000
M5
G0 X39.049 Y100.356 F3000
M4 S250
G1 X55.977 Y100.356 F1000
M5
G0 X59.091 Y100.356 F3000
M4 S250
G1 X65.828 Y100.356 F1000
M5
G0 X39.049 Y100.656 F3000
M4 S250
G1 X55.977 Y100.656 F1000
M5
G0 X59.383 Y100.656 F3000
M4 S250
G1 X65.536 Y100.656 F1000
M5
G0 X39.049 Y100.956 F3000
M4 S250
G1 X55.977 Y100.956 F1000
M5
G0 X59.740 Y100.956 F3000
M4 S250
G1 X65.179 Y100.956 F1000
M5
G0 X39.051 Y101.256 F3000
M4 S250
G1 X55.975 Y101.256 F1000
M5
G0 X60.191 Y101.256 F3000
M4 S250
G1 X64.728 Y101.256 F1000
M5
G0 X39.086 Y101.556 F3000
M4 S250
G1 X55.940 Y101.556 F1000
M5
G0 X60.806 Y101.556 F3000
M4 S250
G1 X64.113 Y101.556 F1000
M5
G0 X39.185 Y101.856 F3000
M4 S250
G1 X55.842 Y101.856 F1000
M5
G0 X62.132 Y101.856 F3000
M4 S250
G1 X62.786 Y101.856 F1000
M5
G0 X39.361 Y102.156 F3000
M4 S250
G1 X55.666 Y102.156 F1000
M5
G0 X39.652 Y102.456 F3000
M4 S250
G1 X55.374 Y102.456 F1000
M5
G0 X40.285 Y102.756 F3000
M4 S250
G1 X54.742 Y102.756 F1000
M5
G0 X38.000 Y111.000 F3000
M4 S200
G1 X39.200 Y111.000 F1500
M5
G0 X38.000 Y111.000 F3000
M4 S200
G1 X38.000 Y110.000 F1500
M5
G0 X38.000 Y110.000 F3000
M4 S200
G1 X38.000 Y109.000 F1500
M5
G0 X38.000 Y109.000 F3000
M4 S200
G1 X39.200 Y109.000 F1500
M5
G0 X39.200 Y110.000 F3000
M4 S200
G1 X39.200 Y109.000 F1500
M5
G0 X38.000 Y110.000 F3000
M4 S200
G1 X39.200 Y110.000 F1500
M5
G0 X39.600 Y110.000 F3000
M4 S200
G1 X40.800 Y110.000 F1500
M5
G0 X41.200 Y111.000 F3000
M4 S200
G1 X42.400 Y111.000 F1500
M5
G0 X42.400 Y111.000 F3000
M4 S200
G1 X42.400 Y110.000 F1500
M5
G0 X42.400 Y110.000 F3000
M4 S200
G1 X42.400 Y109.000 F1500
M5
G0 X41.200 Y109.000 F3000
M4 S200
G1 X42.400 Y109.000 F1500
M5
G0 X41.200 Y110.000 F3000
M4 S200
G1 X41.200 Y109.000 F1500
M5
G0 X41.200 Y111.000 F3000
M4 S200
G1 X41.200 Y110.000 F1500
M5
G0 X44.000 Y111.000 F3000
M4 S200
G1 X44.000 Y110.000 F1500
M5
G0 X44.000 Y110.000 F3000
M4 S200
G1 X44.000 Y109.000 F1500
M5
G0 X44.400 Y111.000 F3000
M4 S200
G1 X45.600 Y111.000 F1500
M5
G0 X45.600 Y111.000 F3000
M4 S200
G1 X45.600 Y110.000 F1500
M5
G0 X45.600 Y110.000 F3000
M4 S200
G1 X45.600 Y109.000 F1500
M5
G0 X44.400 Y109.000 F3000
M4 S200
G1 X45.600 Y109.000 F1500
M5
G0 X44.400 Y110.000 F3000
M4 S200
G1 X44.400 Y109.000 F1500
M5
G0 X44.400 Y111.000 F3000
M4 S200
G1 X44.400 Y110.000 F1500
M5
G0 X78.624 Y102.794 F3000
M4 S250
G1 X92.403 Y102.794 F1200
G1 X92.563 Y102.786 F1200
G1 X92.720 Y102.762 F1200
G1 X92.870 Y102.723 F1200
G1 X93.015 Y102.670 F1200
G1 X93.153 Y102.604 F1200
G1 X93.283 Y102.525 F1200
G1 X93.404 Y102.434 F1200
G1 X93.516 Y102.332 F1200
G1 X93.617 Y102.221 F1200
G1 X93.708 Y102.099 F1200
G1 X93.787 Y101.970 F1200
G1 X93.853 Y101.832 F1200
G1 X93.906 Y101.687 F1200
G1 X93.945 Y101.536 F1200
G1 X93.969 Y101.380 F1200
G1 X93.977 Y101.219 F1200
G1 X93.977 Y92.960 F1200
G1 X77.049 Y92.960 F1200
G1 X77.049 Y101.219 F1200
G1 X77.057 Y101.380 F1200
G1 X77.081 Y101.536 F1200
G1 X77.120 Y101.687 F1200
G1 X77.173 Y101.832 F1200
G1 X77.239 Y101.969 F1200
G1 X77.318 Y102.099 F1200
G1 X77.409 Y102.220 F1200
G1 X77.511 Y102.332 F1200
G1 X77.622 Y102.434 F1200
G1 X77.744 Y102.525 F1200
G1 X77.873 Y102.604 F1200
G1 X78.011 Y102.670 F1200
G1 X78.156 Y102.723 F1200
G1 X78.307 Y102.762 F1200
G1 X78.463 Y102.786 F1200
G1 X78.624 Y102.794 F1200
G1 X78.624 Y102.794 F1200
M5
G0 X104.951 Y97.416 F3000
M4 S250
G1 X104.929 Y96.979 F1200
G1 X104.864 Y96.547 F1200
G1 X104.757 Y96.122 F1200
G1 X104.609 Y95.711 F1200
G1 X104.420 Y95.315 F1200
G1 X104.194 Y94.940 F1200
G1 X103.931 Y94.589 F1200
G1 X103.635 Y94.265 F1200
G1 X103.309 Y93.971 F1200
G1 X102.955 Y93.711 F1200
G1 X102.577 Y93.486 F1200
G1 X102.178 Y93.299 F1200
G1 X101.763 Y93.152 F1200
G1 X101.336 Y93.045 F1200
G1 X100.900 Y92.981 F1200
G1 X100.459 Y92.960 F1200
G1 X100.019 Y92.981 F1200
G1 X99.583 Y93.045 F1200
G1 X99.156 Y93.152 F1200
G1 X98.741 Y93.299 F1200
G1 X98.342 Y93.486 F1200
G1 X97.964 Y93.711 F1200
G1 X97.610 Y93.971 F1200
G1 X97.283 Y94.265 F1200
G1 X96.987 Y94.589 F1200
G1 X96.725 Y94.940 F1200
G1 X96.498 Y95.315 F1200
G1 X96.310 Y95.711 F1200
G1 X96.161 Y96.122 F1200
G1 X96.054 Y96.547 F1200
G1 X95.990 Y96.979 F1200
G1 X95.968 Y97.416 F1200
G1 X95.990 Y97.853 F1200
G1 X96.054 Y98.285 F1200
G1 X96.161 Y98.709 F1200
G1 X96.310 Y99.121 F1200
G1 X96.498 Y99.516 F1200
G1 X96.725 Y99.892 F1200
G1 X96.987 Y100.243 F1200
G1 X97.283 Y100.567 F1200
G1 X97.610 Y100.861 F1200
G1 X97.964 Y101.121 F1200
G1 X98.342 Y101.346 F1200
G1 X98.741 Y101.533 F1200
G1 X99.156 Y101.680 F1200
G1 X99.583 Y101.786 F1200
G1 X100.019 Y101.851 F1200
G1 X100.459 Y101.872 F1200
G1 X100.900 Y101.851 F1200
G1 X101.336 Y101.786 F1200
G1 X101.763 Y101.680 F1200
G1 X102.178 Y101.533 F1200
G1 X102.577 Y101.346 F1200
G1 X102.955 Y101.121 F1200
G1 X103.309 Y100.861 F1200
G1 X103.635 Y100.567 F1200
G1 X103.931 Y100.243 F1200
G1 X104.194 Y99.892 F1200
G1 X104.420 Y99.516 F1200
G1 X104.609 Y99.121 F1200
G1 X104.757 Y98.709 F1200
G1 X104.864 Y98.285 F1200
G1 X104.929 Y97.853 F1200
G1 X104.951 Y97.416 F1200
M5
G0 X91.568 Y79.390 F3000
M4 S250
G1 X104.488 Y88.972 F1200
G1 X104.633 Y89.098 F1200
G1 X104.748 Y89.239 F1200
G1 X104.835 Y89.391 F1200
G1 X104.895 Y89.550 F1200
G1 X104.928 Y89.714 F1200
G1 X104.936 Y89.880 F1200
G1 X104.919 Y90.044 F1200
G1 X104.878 Y90.205 F1200
G1 X104.815 Y90.357 F1200
G1 X104.731 Y90.499 F1200
G1 X104.626 Y90.628 F1200
G1 X104.502 Y90.740 F1200
G1 X104.359 Y90.833 F1200
G1 X104.199 Y90.903 F1200
G1 X104.022 Y90.947 F1200
G1 X103.830 Y90.962 F1200
G1 X78.192 Y90.962 F1200
G1 X78.000 Y90.947 F1200
G1 X77.823 Y90.903 F1200
G1 X77.663 Y90.833 F1200
G1 X77.520 Y90.740 F1200
G1 X77.396 Y90.628 F1200
G1 X77.291 Y90.499 F1200
G1 X77.207 Y90.357 F1200
G1 X77.144 Y90.205 F1200
G1 X77.103 Y90.044 F1200
G1 X77.086 Y89.880 F1200
G1 X77.094 Y89.714 F1200
G1 X77.127 Y89.550 F1200
G1 X77.186 Y89.391 F1200
G1 X77.273 Y89.239 F1200
G1 X77.389 Y89.098 F1200
G1 X77.534 Y88.972 F1200
G1 X90.454 Y79.390 F1200
G1 X90.517 Y79.347 F1200
G1 X90.583 Y79.310 F1200
G1 X90.651 Y79.278 F1200
G1 X90.721 Y79.252 F1200
G1 X90.792 Y79.232 F1200
G1 X90.865 Y79.218 F1200
G1 X90.937 Y79.209 F1200
G1 X91.011 Y79.206 F1200
G1 X91.084 Y79.209 F1200
G1 X91.157 Y79.218 F1200
G1 X91.229 Y79.232 F1200
G1 X91.301 Y79.252 F1200
G1 X91.370 Y79.278 F1200
G1 X91.438 Y79.310 F1200
G1 X91.504 Y79.347 F1200
G1 X91.567 Y79.390 F1200
G1 X91.568 Y79.390 F1200
M5
G0 X90.504 Y79.356 F3000
M4 S250
G1 X91.518 Y79.356 F1200
M5
G0 X90.095 Y79.656 F3000
M4 S250
G1 X91.927 Y79.656 F1200
M5
G0 X89.691 Y79.956 F3000
M4 S250
G1 X92.331 Y79.956 F1200
M5
G0 X89.286 Y80.256 F3000
M4 S250
G1 X92.736 Y80.256 F1200
M5
G0 X88.882 Y80.556 F3000
M4 S250
G1 X93.140 Y80.556 F1200
M5
G0 X88.477 Y80.856 F3000
M4 S250
G1 X93.545 Y80.856 F1200
M5
G0 X88.073 Y81.156 F3000
M4 S250
G1 X93.949 Y81.156 F1200
M5
G0 X87.668 Y81.456 F3000
M4 S250
G1 X94.354 Y81.456 F1200
M5
G0 X87.264 Y81.756 F3000
M4 S250
G1 X94.758 Y81.756 F1200
M5
G0 X86.859 Y82.056 F3000
M4 S250
G1 X95.163 Y82.056 F1200
M5
G0 X86.455 Y82.356 F3000
M4 S250
G1 X95.567 Y82.356 F1200
M5
G0 X86.050 Y82.656 F3000
M4 S250
G1 X95.972 Y82.656 F1200
M5
G0 X85.646 Y82.956 F3000
M4 S250
G1 X96.376 Y82.956 F1200
M5
G0 X85.241 Y83.256 F3000
M4 S250
G1 X96.781 Y83.256 F1200
M5
G0 X84.836 Y83.556 F3000
M4 S250
G1 X97.185 Y83.556 F1200
M5
G0 X84.432 Y83.856 F3000
M4 S250
G1 X97.590 Y83.856 F1200
M5
G0 X84.027 Y84.156 F3000
M4 S250
G1 X97.994 Y84.156 F1200
M5
G0 X83.623 Y84.456 F3000
M4 S250
G1 X98.399 Y84.456 F1200
M5
G0 X83.218 Y84.756 F3000
M4 S250
G1 X98.803 Y84.756 F1200
M5
G0 X82.814 Y85.056 F3000
M4 S250
G1 X99.208 Y85.056 F1200
M5
G0 X82.409 Y85.356 F3000
M4 S250
G1 X99.612 Y85.356 F1200
M5
G0 X82.005 Y85.656 F3000
M4 S250
G1 X100.017 Y85.656 F1200
M5
G0 X81.600 Y85.956 F3000
M4 S250
G1 X100.421 Y85.956 F1200
M5
G0 X81.196 Y86.256 F3000
M4 S250
G1 X100.826 Y86.256 F1200
M5
G0 X80.791 Y86.556 F3000
M4 S250
G1 X101.230 Y86.556 F1200
M5
G0 X80.387 Y86.856 F3000
M4 S250
G1 X101.635 Y86.856 F1200
M5
G0 X79.982 Y87.156 F3000
M4 S250
G1 X102.040 Y87.156 F1200
M5
G0 X79.578 Y87.456 F3000
M4 S250
G1 X102.444 Y87.456 F1200
M5
G0 X79.173 Y87.756 F3000
M4 S250
G1 X102.849 Y87.756 F1200
M5
G0 X78.769 Y88.056 F3000
M4 S250
G1 X103.253 Y88.056 F1200
M5
G0 X78.364 Y88.356 F3000
M4 S250
G1 X103.658 Y88.356 F1200
M5
G0 X77.960 Y88.656 F3000
M4 S250
G1 X104.062 Y88.656 F1200
M5
G0 X77.555 Y88.956 F3000
M4 S250
G1 X104.467 Y88.956 F1200
M5
G0 X77.264 Y89.256 F3000
M4 S250
G1 X104.758 Y89.256 F1200
M5
G0 X77.126 Y89.556 F3000
M4 S250
G1 X104.896 Y89.556 F1200
M5
G0 X77.087 Y89.856 F3000
M4 S250
G1 X104.935 Y89.856 F1200
M5
G0 X77.131 Y90.156 F3000
M4 S250
G1 X104.890 Y90.156 F1200
M5
G0 X77.265 Y90.456 F3000
M4 S250
G1 X104.757 Y90.456 F1200
M5
G0 X77.545 Y90.756 F3000
M4 S250
G1 X104.477 Y90.756 F1200
M5
G0 X77.049 Y93.156 F3000
M4 S250
G1 X93.977 Y93.156 F1200
M5
G0 X99.143 Y93.156 F3000
M4 S250
G1 X101.776 Y93.156 F1200
M5
G0 X77.049 Y93.456 F3000
M4 S250
G1 X93.977 Y93.456 F1200
M5
G0 X98.406 Y93.456 F3000
M4 S250
G1 X102.513 Y93.456 F1200
M5
G0 X77.049 Y93.756 F3000
M4 S250
G1 X93.977 Y93.756 F1200
M5
G0 X97.903 Y93.756 F3000
M4 S250
G1 X103.016 Y93.756 F1200
M5
G0 X77.049 Y94.056 F3000
M4 S250
G1 X93.977 Y94.056 F1200
M5
G0 X97.516 Y94.056 F3000
M4 S250
G1 X103.403 Y94.056 F1200
M5
G0 X77.049 Y94.356 F3000
M4 S250
G1 X93.977 Y94.356 F1200
M5
G0 X97.200 Y94.356 F3000
M4 S250
G1 X103.719 Y94.356 F1200
M5
G0 X77.049 Y94.656 F3000
M4 S250
G1 X93.977 Y94.656 F1200
M5
G0 X96.937 Y94.656 F3000
M4 S250
G1 X103.981 Y94.656 F1200
M5
G0 X77.049 Y94.956 F3000
M4 S250
G1 X93.977 Y94.956 F1200
M5
G0 X96.715 Y94.956 F3000
M4 S250
G1 X104.203 Y94.956 F1200
M5
G0 X77.049 Y95.256 F3000
M4 S250
G1 X93.977 Y95.256 F1200
M5
G0 X96.534 Y95.256 F3000
M4 S250
G1 X104.385 Y95.256 F1200
M5
G0 X77.049 Y95.556 F3000
M4 S250
G1 X93.977 Y95.556 F1200
M5
G0 X96.384 Y95.556 F3000
M4 S250
G1 X104.535 Y95.556 F1200
M5
G0 X77.049 Y95.856 F3000
M4 S250
G1 X93.977 Y95.856 F1200
M5
G0 X96.257 Y95.856 F3000
M4 S250
G1 X104.661 Y95.856 F1200
M5
G0 X77.049 Y96.156 F3000
M4 S250
G1 X93.977 Y96.156 F1200
M5
G0 X96.153 Y96.156 F3000
M4 S250
G1 X104.766 Y96.156 F1200
M5
G0 X77.049 Y96.456 F3000
M4 S250
G1 X93.977 Y96.456 F1200
M5
G0 X96.077 Y96.456 F3000
M4 S250
G1 X104.842 Y96.456 F1200
M5
G0 X77.049 Y96.756 F3000
M4 S250
G1 X93.977 Y96.756 F1200
M5
G0 X96.023 Y96.756 F3000
M4 S250
G1 X104.896 Y96.756 F1200
M5
G0 X77.049 Y97.056 F3000
M4 S250
G1 X93.977 Y97.056 F1200
M5
G0 X95.986 Y97.056 F3000
M4 S250
G1 X104.933 Y97.056 F1200
M5
G0 X77.049 Y97.356 F3000
M4 S250
G1 X93.977 Y97.356 F1200
M5
G0 X95.971 Y97.356 F3000
M4 S250
G1 X104.948 Y97.356 F1200
M5
G0 X77.049 Y97.656 F3000
M4 S250
G1 X93.977 Y97.656 F1200
M5
G0 X95.980 Y97.656 F3000
M4 S250
G1 X104.939 Y97.656 F1200
M5
G0 X77.049 Y97.956 F3000
M4 S250
G1 X93.977 Y97.956 F1200
M5
G0 X96.005 Y97.956 F3000
M4 S250
G1 X104.914 Y97.956 F1200
M5
G0 X77.049 Y98.256 F3000
M4 S250
G1 X93.977 Y98.256 F1200
M5
G0 X96.050 Y98.256 F3000
M4 S250
G1 X104.869 Y98.256 F1200
M5
G0 X77.049 Y98.556 F3000
M4 S250
G1 X93.977 Y98.556 F1200
M5
G0 X96.123 Y98.556 F3000
M4 S250
G1 X104.796 Y98.556 F1200
M5
G0 X77.049 Y98.856 F3000
M4 S250
G1 X93.977 Y98.856 F1200
M5
G0 X96.214 Y98.856 F3000
M4 S250
G1 X104.704 Y98.856 F1200
M5
G0 X77.049 Y99.156 F3000
M4 S250
G1 X93.977 Y99.156 F1200
M5
G0 X96.327 Y99.156 F3000
M4 S250
G1 X104.592 Y99.156 F1200
M5
G0 X77.049 Y99.456 F3000
M4 S250
G1 X93.977 Y99.456 F1200
M5
G0 X96.470 Y99.456 F3000
M4 S250
G1 X104.449 Y99.456 F1200
M5
G0 X77.049 Y99.756 F3000
M4 S250
G1 X93.977 Y99.756 F1200
M5
G0 X96.643 Y99.756 F3000
M4 S250
G1 X104.276 Y99.756 F1200
M5
G0 X77.049 Y100.056 F3000
M4 S250
G1 X93.977 Y100.056 F1200
M5
G0 X96.848 Y100.056 F3000
M4 S250
G1 X104.071 Y100.056 F1200
M5
G0 X77.049 Y100.356 F3000
M4 S250
G1 X93.977 Y100.356 F1200
M5
G0 X97.091 Y100.356 F3000
M4 S250
G1 X103.828 Y100.356 F1200
M5
G0 X77.049 Y100.656 F3000
M4 S250
G1 X93.977 Y100.656 F1200
M5
G0 X97.383 Y100.656 F3000
M4 S250
G1 X103.536 Y100.656 F1200
M5
G0 X77.049 Y100.956 F3000
M4 S250
G1 X93.977 Y100.956 F1200
M5
G0 X97.740 Y100.956 F3000
M4 S250
G1 X103.179 Y100.956 F1200
M5
G0 X77.051 Y101.256 F3000
M4 S250
G1 X93.975 Y101.256 F1200
M5
G0 X98.191 Y101.256 F3000
M4 S250
G1 X102.728 Y101.256 F1200
M5
G0 X77.086 Y101.556 F3000
M4 S250
G1 X93.940 Y101.556 F1200
M5
G0 X98.806 Y101.556 F3000
M4 S250
G1 X102.113 Y101.556 F1200
M5
G0 X77.185 Y101.856 F3000
M4 S250
G1 X93.842 Y101.856 F1200
M5
G0 X100.132 Y101.856 F3000
M4 S250
G1 X100.786 Y101.856 F1200
M5
G0 X77.361 Y102.156 F3000
M4 S250
G1 X93.666 Y102.156 F1200
M5
G0 X77.652 Y102.456 F3000
M4 S250
G1 X93.374 Y102.456 F1200
M5
G0 X78.285 Y102.756 F3000
M4 S250
G1 X92.742 Y102.756 F1200
M5
G0 X76.000 Y111.000 F3000
M4 S200
G1 X77.200 Y111.000 F1500
M5
G0 X76.000 Y111.000 F3000
M4 S200
G1 X76.000 Y110.000 F1500
M5
G0 X76.000 Y110.000 F3000
M4 S200
G1 X76.000 Y109.000 F1500
M5
G0 X76.000 Y109.000 F3000
M4 S200
G1 X77.200 Y109.000 F1500
M5
G0 X77.200 Y110.000 F3000
M4 S200
G1 X77.200 Y109.000 F1500
M5
G0 X76.000 Y110.000 F3000
M4 S200
G1 X77.200 Y110.000 F1500
M5
G0 X77.600 Y110.000 F3000
M4 S200
G1 X78.800 Y110.000 F1500
M5
G0 X79.200 Y111.000 F3000
M4 S200
G1 X80.400 Y111.000 F1500
M5
G0 X80.400 Y111.000 F3000
M4 S200
G1 X80.400 Y110.000 F1500
M5
G0 X80.400 Y110.000 F3000
M4 S200
G1 X80.400 Y109.000 F1500
M5
G0 X79.200 Y109.000 F3000
M4 S200
G1 X80.400 Y109.000 F1500
M5
G0 X79.200 Y110.000 F3000
M4 S200
G1 X79.200 Y109.000 F1500
M5
G0 X79.200 Y111.000 F3000
M4 S200
G1 X79.200 Y110.000 F1500
M5
G0 X82.000 Y111.000 F3000
M4 S200
G1 X82.000 Y110.000 F1500
M5
G0 X82.000 Y110.000 F3000
M4 S200
G1 X82.000 Y109.000 F1500
M5
G0 X83.600 Y111.000 F3000
M4 S200
G1 X83.600 Y110.000 F1500
M5
G0 X83.600 Y110.000 F3000
M4 S200
G1 X83.600 Y109.000 F1500
M5
G0 X116.624 Y102.794 F3000
M4 S250
G1 X130.403 Y102.794 F1500
G1 X130.563 Y102.786 F1500
G1 X130.720 Y102.762 F1500
G1 X130.870 Y102.723 F1500
G1 X131.015 Y102.670 F1500
G1 X131.153 Y102.604 F1500
G1 X131.283 Y102.525 F1500
G1 X131.404 Y102.434 F1500
G1 X131.516 Y102.332 F1500
G1 X131.617 Y102.221 F1500
G1 X131.708 Y102.099 F1500
G1 X131.787 Y101.970 F1500
G1 X131.853 Y101.832 F1500
G1 X131.906 Y101.687 F1500
G1 X131.945 Y101.536 F1500
G1 X131.969 Y101.380 F1500
G1 X131.977 Y101.219 F1500
G1 X131.977 Y92.960 F1500
G1 X115.049 Y92.960 F1500
G1 X115.049 Y101.219 F1500
G1 X115.057 Y101.380 F1500
G1 X115.081 Y101.536 F1500
G1 X115.120 Y101.687 F1500
G1 X115.173 Y101.832 F1500
G1 X115.239 Y101.969 F1500
G1 X115.318 Y102.099 F1500
G1 X115.409 Y102.220 F1500
G1 X115.511 Y102.332 F1500
G1 X115.622 Y102.434 F1500
G1 X115.744 Y102.525 F1500
G1 X115.873 Y102.604 F1500
G1 X116.011 Y102.670 F1500
G1 X116.156 Y102.723 F1500
G1 X116.307 Y102.762 F1500
G1 X116.463 Y102.786 F1500
G1 X116.624 Y102.794 F1500
G1 X116.624 Y102.794 F1500
M5
G0 X142.951 Y97.416 F3000
M4 S250
G1 X142.929 Y96.979 F1500
G1 X142.864 Y96.547 F1500
G1 X142.757 Y96.122 F1500
G1 X142.609 Y95.711 F1500
G1 X142.420 Y95.315 F1500
G1 X142.194 Y94.940 F1500
G1 X141.931 Y94.589 F1500
G1 X141.635 Y94.265 F1500
G1 X141.309 Y93.971 F1500
G1 X140.955 Y93.711 F1500
G1 X140.577 Y93.486 F1500
G1 X140.178 Y93.299 F1500
G1 X139.763 Y93.152 F1500
G1 X139.336 Y93.045 F1500
G1 X138.900 Y92.981 F1500
G1 X138.459 Y92.960 F1500
G1 X138.019 Y92.981 F1500
G1 X137.583 Y93.045 F1500
G1 X137.156 Y93.152 F1500
G1 X136.741 Y93.299 F1500
G1 X136.342 Y93.486 F1500
G1 X135.964 Y93.711 F1500
G1 X135.610 Y93.971 F1500
G1 X135.283 Y94.265 F1500
G1 X134.987 Y94.589 F1500
G1 X134.725 Y94.940 F1500
G1 X134.498 Y95.315 F1500
G1 X134.310 Y95.711 F1500
G1 X134.161 Y96.122 F1500
G1 X134.054 Y96.547 F1500
G1 X133.990 Y96.979 F1500
G1 X133.968 Y97.416 F1500
G1 X133.990 Y97.853 F1500
G1 X134.054 Y98.285 F1500
G1 X134.161 Y98.709 F1500
G1 X134.310 Y99.121 F1500
G1 X134.498 Y99.516 F1500
G1 X134.725 Y99.892 F1500
G1 X134.987 Y100.243 F1500
G1 X135.283 Y100.567 F1500
G1 X135.610 Y100.861 F1500
G1 X135.964 Y101.121 F1500
G1 X136.342 Y101.346 F1500
G1 X136.741 Y101.533 F1500
G1 X137.156 Y101.680 F1500
G1 X137.583 Y101.786 F1500
G1 X138.019 Y101.851 F1500
G1 X138.459 Y101.872 F1500
G1 X138.900 Y101.851 F1500
G1 X139.336 Y101.786 F1500
G1 X139.763 Y101.680 F1500
G1 X140.178 Y101.533 F1500
G1 X140.577 Y101.346 F1500
G1 X140.955 Y101.121 F1500
G1 X141.309 Y100.861 F1500
G1 X141.635 Y100.567 F1500
G1 X141.931 Y100.243 F1500
G1 X142.194 Y99.892 F1500
G1 X142.420 Y99.516 F1500
G1 X142.609 Y99.121 F1500
G1 X142.757 Y98.709 F1500
G1 X142.864 Y98.285 F1500
G1 X142.929 Y97.853 F1500
G1 X142.951 Y97.416 F1500
M5
G0 X129.568 Y79.390 F3000
M4 S250
G1 X142.488 Y88.972 F1500
G1 X142.633 Y89.098 F1500
G1 X142.748 Y89.239 F1500
G1 X142.835 Y89.391 F1500
G1 X142.895 Y89.550 F1500
G1 X142.928 Y89.714 F1500
G1 X142.936 Y89.880 F1500
G1 X142.919 Y90.044 F1500
G1 X142.878 Y90.205 F1500
G1 X142.815 Y90.357 F1500
G1 X142.731 Y90.499 F1500
G1 X142.626 Y90.628 F1500
G1 X142.502 Y90.740 F1500
G1 X142.359 Y90.833 F1500
G1 X142.199 Y90.903 F1500
G1 X142.022 Y90.947 F1500
G1 X141.830 Y90.962 F1500
G1 X116.192 Y90.962 F1500
G1 X116.000 Y90.947 F1500
G1 X115.823 Y90.903 F1500
G1 X115.663 Y90.833 F1500
G1 X115.520 Y90.740 F1500
G1 X115.396 Y90.628 F1500
G1 X115.291 Y90.499 F1500
G1 X115.207 Y90.357 F1500
G1 X115.144 Y90.205 F1500
G1 X115.103 Y90.044 F1500
G1 X115.086 Y89.880 F1500
G1 X115.094 Y89.714 F1500
G1 X115.127 Y89.550 F1500
G1 X115.186 Y89.391 F1500
G1 X115.273 Y89.239 F1500
G1 X115.389 Y89.098 F1500
G1 X115.534 Y88.972 F1500
G1 X128.454 Y79.390 F1500
G1 X128.517 Y79.347 F1500
G1 X128.583 Y79.310 F1500
G1 X128.651 Y79.278 F1500
G1 X128.721 Y79.252 F1500
G1 X128.792 Y79.232 F1500
G1 X128.865 Y79.218 F1500
G1 X128.937 Y79.209 F1500
G1 X129.011 Y79.206 F1500
G1 X129.084 Y79.209 F1500
G1 X129.157 Y79.218 F1500
G1 X129.229 Y79.232 F1500
G1 X129.301 Y79.252 F1500
G1 X129.370 Y79.278 F1500
G1 X129.438 Y79.310 F1500
G1 X129.504 Y79.347 F1500
G1 X129.567 Y79.390 F1500
G1 X129.568 Y79.390 F1500
M5
G0 X128.504 Y79.356 F3000
M4 S250
G1 X129.518 Y79.356 F1500
M5
G0 X128.095 Y79.656 F3000
M4 S250
G1 X129.927 Y79.656 F1500
M5
G0 X127.691 Y79.956 F3000
M4 S250
G1 X130.331 Y79.956 F1500
M5
G0 X127.286 Y80.256 F3000
M4 S250
G1 X130.736 Y80.256 F1500
M5
G0 X126.882 Y80.556 F3000
M4 S250
G1 X131.140 Y80.556 F1500
M5
G0 X126.477 Y80.856 F3000
M4 S250
G1 X131.545 Y80.856 F1500
M5
G0 X126.073 Y81.156 F3000
M4 S250
G1 X131.949 Y81.156 F1500
M5
G0 X125.668 Y81.456 F3000
M4 S250
G1 X132.354 Y81.456 F1500
M5
G0 X125.264 Y81.756 F3000
M4 S250
G1 X132.758 Y81.756 F1500
M5
G0 X124.859 Y82.056 F3000
M4 S250
G1 X133.163 Y82.056 F1500
M5
G0 X124.455 Y82.356 F3000
M4 S250
G1 X133.567 Y82.356 F1500
M5
G0 X124.050 Y82.656 F3000
M4 S250
G1 X133.972 Y82.656 F1500
M5
G0 X123.646 Y82.956 F3000
M4 S250
G1 X134.376 Y82.956 F1500
M5
G0 X123.241 Y83.256 F3000
M4 S250
G1 X134.781 Y83.256 F1500
M5
G0 X122.836 Y83.556 F3000
M4 S250
G1 X135.185 Y83.556 F1500
M5
G0 X122.432 Y83.856 F3000
M4 S250
G1 X135.590 Y83.856 F1500
M5
G0 X122.027 Y84.156 F3000
M4 S250
G1 X135.994 Y84.156 F1500
M5
G0 X121.623 Y84.456 F3000
M4 S250
G1 X136.399 Y84.456 F1500
M5
G0 X121.218 Y84.756 F3000
M4 S250
G1 X136.803 Y84.756 F1500
M5
G0 X120.814 Y85.056 F3000
M4 S250
G1 X137.208 Y85.056 F1500
M5
G0 X120.409 Y85.356 F3000
M4 S250
G1 X137.612 Y85.356 F1500
M5
G0 X120.005 Y85.656 F3000
M4 S250
G1 X138.017 Y85.656 F1500
M5
G0 X119.600 Y85.956 F3000
M4 S250
G1 X138.421 Y85.956 F1500
M5
G0 X119.196 Y86.256 F3000
M4 S250
G1 X138.826 Y86.256 F1500
M5
G0 X118.791 Y86.556 F3000
M4 S250
G1 X139.230 Y86.556 F1500
M5
G0 X118.387 Y86.856 F3000
M4 S250
G1 X139.635 Y86.856 F1500
M5
G0 X117.982 Y87.156 F3000
M4 S250
G1 X140.040 Y87.156 F1500
M5
G0 X117.578 Y87.456 F3000
M4 S250
G1 X140.444 Y87.456 F1500
M5
G0 X117.173 Y87.756 F3000
M4 S250
G1 X140.849 Y87.756 F1500
M5
G0 X116.769 Y88.056 F3000
M4 S250
G1 X141.253 Y88.056 F1500
M5
G0 X116.364 Y88.356 F3000
M4 S250
G1 X141.658 Y88.356 F1500
M5
G0 X115.960 Y88.656 F3000
M4 S250
G1 X142.062 Y88.656 F1500
M5
G0 X115.555 Y88.956 F3000
M4 S250
G1 X142.467 Y88.956 F1500
M5
G0 X115.264 Y89.256 F3000
M4 S250
G1 X142.758 Y89.256 F1500
M5
G0 X115.126 Y89.556 F3000
M4 S250
G1 X142.896 Y89.556 F1500
M5
G0 X115.087 Y89.856 F3000
M4 S250
G1 X142.935 Y89.856 F1500
M5
G0 X115.131 Y90.156 F3000
M4 S250
G1 X142.890 Y90.156 F1500
M5
G0 X115.265 Y90.456 F3000
M4 S250
G1 X142.757 Y90.456 F1500
M5
G0 X115.545 Y90.756 F3000
M4 S250
G1 X142.477 Y90.756 F1500
M5
G0 X115.049 Y93.156 F3000
M4 S250
G1 X131.977 Y93.156 F1500
M5
G0 X137.143 Y93.156 F3000
M4 S250
G1 X139.776 Y93.156 F1500
M5
G0 X115.049 Y93.456 F3000
M4 S250
G1 X131.977 Y93.456 F1500
M5
G0 X136.406 Y93.456 F3000
M4 S250
G1 X140.513 Y93.456 F1500
M5
G0 X115.049 Y93.756 F3000
M4 S250
G1 X131.977 Y93.756 F1500
M5
G0 X135.903 Y93.756 F3000
M4 S250
G1 X141.016 Y93.756 F1500
M5
G0 X115.049 Y94.056 F3000
M4 S250
G1 X131.977 Y94.056 F1500
M5
G0 X135.516 Y94.056 F3000
M4 S250
G1 X141.403 Y94.056 F1500
M5
G0 X115.049 Y94.356 F3000
M4 S250
G1 X131.977 Y94.356 F1500
M5
G0 X135.200 Y94.356 F3000
M4 S250
G1 X141.719 Y94.356 F1500
M5
G0 X115.049 Y94.656 F3000
M4 S250
G1 X131.977 Y94.656 F1500
M5
G0 X134.937 Y94.656 F3000
M4 S250
G1 X141.981 Y94.656 F1500
M5
G0 X115.049 Y94.956 F3000
M4 S250
G1 X131.977 Y94.956 F1500
M5
G0 X134.715 Y94.956 F3000
M4 S250
G1 X142.203 Y94.956 F1500
M5
G0 X115.049 Y95.256 F3000
M4 S250
G1 X131.977 Y95.256 F1500
M5
G0 X134.534 Y95.256 F3000
M4 S250
G1 X142.385 Y95.256 F1500
M5
G0 X115.049 Y95.556 F3000
M4 S250
G1 X131.977 Y95.556 F1500
M5
G0 X134.384 Y95.556 F3000
M4 S250
G1 X142.535 Y95.556 F1500
M5
G0 X115.049 Y95.856 F3000
M4 S250
G1 X131.977 Y95.856 F1500
M5
G0 X134.257 Y95.856 F3000
M4 S250
G1 X142.661 Y95.856 F1500
M5
G0 X115.049 Y96.156 F3000
M4 S250
G1 X131.977 Y96.156 F1500
M5
G0 X134.153 Y96.156 F3000
M4 S250
G1 X142.766 Y96.156 F1500
M5
G0 X115.049 Y96.456 F3000
M4 S250
G1 X131.977 Y96.456 F1500
M5
G0 X134.077 Y96.456 F3000
M4 S250
G1 X142.842 Y96.456 F1500
M5
G0 X115.049 Y96.756 F3000
M4 S250
G1 X131.977 Y96.756 F1500
M5
G0 X134.023 Y96.756 F3000
M4 S250
G1 X142.896 Y96.756 F1500
M5
G0 X115.049 Y97.056 F3000
M4 S250
G1 X131.977 Y97.056 F1500
M5
G0 X133.986 Y97.056 F3000
M4 S250
G1 X142.933 Y97.056 F1500
M5
G0 X115.049 Y97.356 F3000
M4 S250
G1 X131.977 Y97.356 F1500
M5
G0 X133.971 Y97.356 F3000
M4 S250
G1 X142.948 Y97.356 F1500
M5
G0 X115.049 Y97.656 F3000
M4 S250
G1 X131.977 Y97.656 F1500
M5
G0 X133.980 Y97.656 F3000
M4 S250
G1 X142.939 Y97.656 F1500
M5
G0 X115.049 Y97.956 F3000
M4 S250
G1 X131.977 Y97.956 F1500
M5
G0 X134.005 Y97.956 F3000
M4 S250
G1 X142.914 Y97.956 F1500
M5
G0 X115.049 Y98.256 F3000
M4 S250
G1 X131.977 Y98.256 F1500
M5
G0 X134.050 Y98.256 F3000
M4 S250
G1 X142.869 Y98.256 F1500
M5
G0 X115.049 Y98.556 F3000
M4 S250
G1 X131.977 Y98.556 F1500
M5
G0 X134.123 Y98.556 F3000
M4 S250
G1 X142.796 Y98.556 F1500
M5
G0 X115.049 Y98.856 F3000
M4 S250
G1 X131.977 Y98.856 F1500
M5
G0 X134.214 Y98.856 F3000
M4 S250
G1 X142.704 Y98.856 F1500
M5
G0 X115.049 Y99.156 F3000
M4 S250
G1 X131.977 Y99.156 F1500
M5
G0 X134.327 Y99.156 F3000
M4 S250
G1 X142.592 Y99.156 F1500
M5
G0 X115.049 Y99.456 F3000
M4 S250
G1 X131.977 Y99.456 F1500
M5
G0 X134.470 Y99.456 F3000
M4 S250
G1 X142.449 Y99.456 F1500
M5
G0 X115.049 Y99.756 F3000
M4 S250
G1 X131.977 Y99.756 F1500
M5
G0 X134.643 Y99.756 F3000
M4 S250
G1 X142.276 Y99.756 F1500
M5
G0 X115.049 Y100.056 F3000
M4 S250
G1 X131.977 Y100.056 F1500
M5
G0 X134.848 Y100.056 F3000
M4 S250
G1 X142.071 Y100.056 F1500
M5
G0 X115.049 Y100.356 F3000
M4 S250
G1 X131.977 Y100.356 F1500
M5
G0 X135.091 Y100.356 F3000
M4 S250
G1 X141.828 Y100.356 F1500
M5
G0 X115.049 Y100.656 F3000
M4 S250
G1 X131.977 Y100.656 F1500
M5
G0 X135.383 Y100.656 F3000
M4 S250
G1 X141.536 Y100.656 F1500
M5
G0 X115.049 Y100.956 F3000
M4 S250
G1 X131.977 Y100.956 F1500
M5
G0 X135.740 Y100.956 F3000
M4 S250
G1 X141.179 Y100.956 F1500
M5
G0 X115.051 Y101.256 F3000
M4 S250
G1 X131.975 Y101.256 F1500
M5
G0 X136.191 Y101.256 F3000
M4 S250
G1 X140.728 Y101.256 F1500
M5
G0 X115.086 Y101.556 F3000
M4 S250
G1 X131.940 Y101.556 F1500
M5
G0 X136.806 Y101.556 F3000
M4 S250
G1 X140.113 Y101.556 F1500
M5
G0 X115.185 Y101.856 F3000
M4 S250
G1 X131.842 Y101.856 F1500
M5
G0 X138.132 Y101.856 F3000
M4 S250
G1 X138.786 Y101.856 F1500
M5
G0 X115.361 Y102.156 F3000
M4 S250
G1 X131.666 Y102.156 F1500
M5
G0 X115.652 Y102.456 F3000
M4 S250
G1 X131.374 Y102.456 F1500
M5
G0 X116.285 Y102.756 F3000
M4 S250
G1 X130.742 Y102.756 F1500
M5
G0 X114.000 Y111.000 F3000
M4 S200
G1 X115.200 Y111.000 F1500
M5
G0 X114.000 Y111.000 F3000
M4 S200
G1 X114.000 Y110.000 F1500
M5
G0 X114.000 Y110.000 F3000
M4 S200
G1 X114.000 Y109.000 F1500
M5
G0 X114.000 Y109.000 F3000
M4 S200
G1 X115.200 Y109.000 F1500
M5
G0 X115.200 Y110.000 F3000
M4 S200
G1 X115.200 Y109.000 F1500
M5
G0 X114.000 Y110.000 F3000
M4 S200
G1 X115.200 Y110.000 F1500
M5
G0 X115.600 Y110.000 F3000
M4 S200
G1 X116.800 Y110.000 F1500
M5
G0 X117.200 Y111.000 F3000
M4 S200
G1 X118.400 Y111.000 F1500
M5
G0 X118.400 Y111.000 F3000
M4 S200
G1 X118.400 Y110.000 F1500
M5
G0 X118.400 Y110.000 F3000
M4 S200
G1 X118.400 Y109.000 F1500
M5
G0 X117.200 Y109.000 F3000
M4 S200
G1 X118.400 Y109.000 F1500
M5
G0 X117.200 Y110.000 F3000
M4 S200
G1 X117.200 Y109.000 F1500
M5
G0 X117.200 Y111.000 F3000
M4 S200
G1 X117.200 Y110.000 F1500
M5
G0 X120.000 Y111.000 F3000
M4 S200
G1 X120.000 Y110.000 F1500
M5
G0 X120.000 Y110.000 F3000
M4 S200
G1 X120.000 Y109.000 F1500
M5
G0 X120.400 Y111.000 F3000
M4 S200
G1 X121.600 Y111.000 F1500
M5
G0 X121.600 Y111.000 F3000
M4 S200
G1 X121.600 Y110.000 F1500
M5
G0 X120.400 Y110.000 F3000
M4 S200
G1 X121.600 Y110.000 F1500
M5
G0 X120.400 Y110.000 F3000
M4 S200
G1 X120.400 Y109.000 F1500
M5
G0 X120.400 Y109.000 F3000
M4 S200
G1 X121.600 Y109.000 F1500
M5
G0 X116.624 Y140.794 F3000
M4 S300
G1 X130.403 Y140.794 F1500
G1 X130.563 Y140.786 F1500
G1 X130.720 Y140.762 F1500
G1 X130.870 Y140.723 F1500
G1 X131.015 Y140.670 F1500
G1 X131.153 Y140.604 F1500
G1 X131.283 Y140.525 F1500
G1 X131.404 Y140.434 F1500
G1 X131.516 Y140.332 F1500
G1 X131.617 Y140.221 F1500
G1 X131.708 Y140.099 F1500
G1 X131.787 Y139.970 F1500
G1 X131.853 Y139.832 F1500
G1 X131.906 Y139.687 F1500
G1 X131.945 Y139.536 F1500
G1 X131.969 Y139.380 F1500
G1 X131.977 Y139.219 F1500
G1 X131.977 Y130.960 F1500
G1 X115.049 Y130.960 F1500
G1 X115.049 Y139.219 F1500
G1 X115.057 Y139.380 F1500
G1 X115.081 Y139.536 F1500
G1 X115.120 Y139.687 F1500
G1 X115.173 Y139.832 F1500
G1 X115.239 Y139.969 F1500
G1 X115.318 Y140.099 F1500
G1 X115.409 Y140.220 F1500
G1 X115.511 Y140.332 F1500
G1 X115.622 Y140.434 F1500
G1 X115.744 Y140.525 F1500
G1 X115.873 Y140.604 F1500
G1 X116.011 Y140.670 F1500
G1 X116.156 Y140.723 F1500
G1 X116.307 Y140.762 F1500
G1 X116.463 Y140.786 F1500
G1 X116.624 Y140.794 F1500
G1 X116.624 Y140.794 F1500
M5
G0 X142.951 Y135.416 F3000
M4 S300
G1 X142.929 Y134.979 F1500
G1 X142.864 Y134.547 F1500
G1 X142.757 Y134.122 F1500
G1 X142.609 Y133.711 F1500
G1 X142.420 Y133.315 F1500
G1 X142.194 Y132.940 F1500
G1 X141.931 Y132.589 F1500
G1 X141.635 Y132.265 F1500
G1 X141.309 Y131.971 F1500
G1 X140.955 Y131.711 F1500
G1 X140.577 Y131.486 F1500
G1 X140.178 Y131.299 F1500
G1 X139.763 Y131.152 F1500
G1 X139.336 Y131.045 F1500
G1 X138.900 Y130.981 F1500
G1 X138.459 Y130.960 F1500
G1 X138.019 Y130.981 F1500
G1 X137.583 Y131.045 F1500
G1 X137.156 Y131.152 F1500
G1 X136.741 Y131.299 F1500
G1 X136.342 Y131.486 F1500
G1 X135.964 Y131.711 F1500
G1 X135.610 Y131.971 F1500
G1 X135.283 Y132.265 F1500
G1 X134.987 Y132.589 F1500
G1 X134.725 Y132.940 F1500
G1 X134.498 Y133.315 F1500
G1 X134.310 Y133.711 F1500
G1 X134.161 Y134.122 F1500
G1 X134.054 Y134.547 F1500
G1 X133.990 Y134.979 F1500
G1 X133.968 Y135.416 F1500
G1 X133.990 Y135.853 F1500
G1 X134.054 Y136.285 F1500
G1 X134.161 Y136.709 F1500
G1 X134.310 Y137.121 F1500
G1 X134.498 Y137.516 F1500
G1 X134.725 Y137.892 F1500
G1 X134.987 Y138.243 F1500
G1 X135.283 Y138.567 F1500
G1 X135.610 Y138.861 F1500
G1 X135.964 Y139.121 F1500
G1 X136.342 Y139.346 F1500
G1 X136.741 Y139.533 F1500
G1 X137.156 Y139.680 F1500
G1 X137.583 Y139.786 F1500
G1 X138.019 Y139.851 F1500
G1 X138.459 Y139.872 F1500
G1 X138.900 Y139.851 F1500
G1 X139.336 Y139.786 F1500
G1 X139.763 Y139.680 F1500
G1 X140.178 Y139.533 F1500
G1 X140.577 Y139.346 F1500
G1 X140.955 Y139.121 F1500
G1 X141.309 Y138.861 F1500
G1 X141.635 Y138.567 F1500
G1 X141.931 Y138.243 F1500
G1 X142.194 Y137.892 F1500
G1 X142.420 Y137.516 F1500
G1 X142.609 Y137.121 F1500
G1 X142.757 Y136.709 F1500
G1 X142.864 Y136.285 F1500
G1 X142.929 Y135.853 F1500
G1 X142.951 Y135.416 F1500
M5
G0 X129.568 Y117.390 F3000
M4 S300
G1 X142.488 Y126.972 F1500
G1 X142.633 Y127.098 F1500
G1 X142.748 Y127.239 F1500
G1 X142.835 Y127.391 F1500
G1 X142.895 Y127.550 F1500
G1 X142.928 Y127.714 F1500
G1 X142.936 Y127.880 F1500
G1 X142.919 Y128.044 F1500
G1 X142.878 Y128.205 F1500
G1 X142.815 Y128.357 F1500
G1 X142.731 Y128.499 F1500
G1 X142.626 Y128.628 F1500
G1 X142.502 Y128.740 F1500
G1 X142.359 Y128.833 F1500
G1 X142.199 Y128.903 F1500
G1 X142.022 Y128.947 F1500
G1 X141.830 Y128.962 F1500
G1 X116.192 Y128.962 F1500
G1 X116.000 Y128.947 F1500
G1 X115.823 Y128.903 F1500
G1 X115.663 Y128.833 F1500
G1 X115.520 Y128.740 F1500
G1 X115.396 Y128.628 F1500
G1 X115.291 Y128.499 F1500
G1 X115.207 Y128.357 F1500
G1 X115.144 Y128.205 F1500
G1 X115.103 Y128.044 F1500
G1 X115.086 Y127.880 F1500
G1 X115.094 Y127.714 F1500
G1 X115.127 Y127.550 F1500
G1 X115.186 Y127.391 F1500
G1 X115.273 Y127.239 F1500
G1 X115.389 Y127.098 F1500
G1 X115.534 Y126.972 F1500
G1 X128.454 Y117.390 F1500
G1 X128.517 Y117.347 F1500
G1 X128.583 Y117.310 F1500
G1 X128.651 Y117.278 F1500
G1 X128.721 Y117.252 F1500
G1 X128.792 Y117.232 F1500
G1 X128.865 Y117.218 F1500
G1 X128.937 Y117.209 F1500
G1 X129.011 Y117.206 F1500
G1 X129.084 Y117.209 F1500
G1 X129.157 Y117.218 F1500
G1 X129.229 Y117.232 F1500
G1 X129.301 Y117.252 F1500
G1 X129.370 Y117.278 F1500
G1 X129.438 Y117.310 F1500
G1 X129.504 Y117.347 F1500
G1 X129.567 Y117.390 F1500
G1 X129.568 Y117.390 F1500
M5
G0 X128.504 Y117.356 F3000
M4 S300
G1 X129.518 Y117.356 F1500
M5
G0 X128.095 Y117.656 F3000
M4 S300
G1 X129.927 Y117.656 F1500
M5
G0 X127.691 Y117.956 F3000
M4 S300
G1 X130.331 Y117.956 F1500
M5
G0 X127.286 Y118.256 F3000
M4 S300
G1 X130.736 Y118.256 F1500
M5
G0 X126.882 Y118.556 F3000
M4 S300
G1 X131.140 Y118.556 F1500
M5
G0 X126.477 Y118.856 F3000
M4 S300
G1 X131.545 Y118.856 F1500
M5
G0 X126.073 Y119.156 F3000
M4 S300
G1 X131.949 Y119.156 F1500
M5
G0 X125.668 Y119.456 F3000
M4 S300
G1 X132.354 Y119.456 F1500
M5
G0 X125.264 Y119.756 F3000
M4 S300
G1 X132.758 Y119.756 F1500
M5
G0 X124.859 Y120.056 F3000
M4 S300
G1 X133.163 Y120.056 F1500
M5
G0 X124.455 Y120.356 F3000
M4 S300
G1 X133.567 Y120.356 F1500
M5
G0 X124.050 Y120.656 F3000
M4 S300
G1 X133.972 Y120.656 F1500
M5
G0 X123.646 Y120.956 F3000
M4 S300
G1 X134.376 Y120.956 F1500
M5
G0 X123.241 Y121.256 F3000
M4 S300
G1 X134.781 Y121.256 F1500
M5
G0 X122.836 Y121.556 F3000
M4 S300
G1 X135.185 Y121.556 F1500
M5
G0 X122.432 Y121.856 F3000
M4 S300
G1 X135.590 Y121.856 F1500
M5
G0 X122.027 Y122.156 F3000
M4 S300
G1 X135.994 Y122.156 F1500
M5
G0 X121.623 Y122.456 F3000
M4 S300
G1 X136.399 Y122.456 F1500
M5
G0 X121.218 Y122.756 F3000
M4 S300
G1 X136.803 Y122.756 F1500
M5
G0 X120.814 Y123.056 F3000
M4 S300
G1 X137.208 Y123.056 F1500
M5
G0 X120.409 Y123.356 F3000
M4 S300
G1 X137.612 Y123.356 F1500
M5
G0 X120.005 Y123.656 F3000
M4 S300
G1 X138.017 Y123.656 F1500
M5
G0 X119.600 Y123.956 F3000
M4 S300
G1 X138.421 Y123.956 F1500
M5
G0 X119.196 Y124.256 F3000
M4 S300
G1 X138.826 Y124.256 F1500
M5
G0 X118.791 Y124.556 F3000
M4 S300
G1 X139.230 Y124.556 F1500
M5
G0 X118.387 Y124.856 F3000
M4 S300
G1 X139.635 Y124.856 F1500
M5
G0 X117.982 Y125.156 F3000
M4 S300
G1 X140.040 Y125.156 F1500
M5
G0 X117.578 Y125.456 F3000
M4 S300
G1 X140.444 Y125.456 F1500
M5
G0 X117.173 Y125.756 F3000
M4 S300
G1 X140.849 Y125.756 F1500
M5
G0 X116.769 Y126.056 F3000
M4 S300
G1 X141.253 Y126.056 F1500
M5
G0 X116.364 Y126.356 F3000
M4 S300
G1 X141.658 Y126.356 F1500
M5
G0 X115.960 Y126.656 F3000
M4 S300
G1 X142.062 Y126.656 F1500
M5
G0 X115.555 Y126.956 F3000
M4 S300
G1 X142.467 Y126.956 F1500
M5
G0 X115.264 Y127.256 F3000
M4 S300
G1 X142.758 Y127.256 F1500
M5
G0 X115.126 Y127.556 F3000
M4 S300
G1 X142.896 Y127.556 F1500
M5
G0 X115.087 Y127.856 F3000
M4 S300
G1 X142.935 Y127.856 F1500
M5
G0 X115.131 Y128.156 F3000
M4 S300
G1 X142.890 Y128.156 F1500
M5
G0 X115.265 Y128.456 F3000
M4 S300
G1 X142.757 Y128.456 F1500
M5
G0 X115.545 Y128.756 F3000
M4 S300
G1 X142.477 Y128.756 F1500
M5
G0 X115.049 Y131.156 F3000
M4 S300
G1 X131.977 Y131.156 F1500
M5
G0 X137.143 Y131.156 F3000
M4 S300
G1 X139.776 Y131.156 F1500
M5
G0 X115.049 Y131.456 F3000
M4 S300
G1 X131.977 Y131.456 F1500
M5
G0 X136.406 Y131.456 F3000
M4 S300
G1 X140.513 Y131.456 F1500
M5
G0 X115.049 Y131.756 F3000
M4 S300
G1 X131.977 Y131.756 F1500
M5
G0 X135.903 Y131.756 F3000
M4 S300
G1 X141.016 Y131.756 F1500
M5
G0 X115.049 Y132.056 F3000
M4 S300
G1 X131.977 Y132.056 F1500
M5
G0 X135.516 Y132.056 F3000
M4 S300
G1 X141.403 Y132.056 F1500
M5
G0 X115.049 Y132.356 F3000
M4 S300
G1 X131.977 Y132.356 F1500
M5
G0 X135.200 Y132.356 F3000
M4 S300
G1 X141.719 Y132.356 F1500
M5
G0 X115.049 Y132.656 F3000
M4 S300
G1 X131.977 Y132.656 F1500
M5
G0 X134.937 Y132.656 F3000
M4 S300
G1 X141.981 Y132.656 F1500
M5
G0 X115.049 Y132.956 F3000
M4 S300
G1 X131.977 Y132.956 F1500
M5
G0 X134.715 Y132.956 F3000
M4 S300
G1 X142.203 Y132.956 F1500
M5
G0 X115.049 Y133.256 F3000
M4 S300
G1 X131.977 Y133.256 F1500
M5
G0 X134.534 Y133.256 F3000
M4 S300
G1 X142.385 Y133.256 F1500
M5
G0 X115.049 Y133.556 F3000
M4 S300
G1 X131.977 Y133.556 F1500
M5
G0 X134.384 Y133.556 F3000
M4 S300
G1 X142.535 Y133.556 F1500
M5
G0 X115.049 Y133.856 F3000
M4 S300
G1 X131.977 Y133.856 F1500
M5
G0 X134.257 Y133.856 F3000
M4 S300
G1 X142.661 Y133.856 F1500
M5
G0 X115.049 Y134.156 F3000
M4 S300
G1 X131.977 Y134.156 F1500
M5
G0 X134.153 Y134.156 F3000
M4 S300
G1 X142.766 Y134.156 F1500
M5
G0 X115.049 Y134.456 F3000
M4 S300
G1 X131.977 Y134.456 F1500
M5
G0 X134.077 Y134.456 F3000
M4 S300
G1 X142.842 Y134.456 F1500
M5
G0 X115.049 Y134.756 F3000
M4 S300
G1 X131.977 Y134.756 F1500
M5
G0 X134.023 Y134.756 F3000
M4 S300
G1 X142.896 Y134.756 F1500
M5
G0 X115.049 Y135.056 F3000
M4 S300
G1 X131.977 Y135.056 F1500
M5
G0 X133.986 Y135.056 F3000
M4 S300
G1 X142.933 Y135.056 F1500
M5
G0 X115.049 Y135.356 F3000
M4 S300
G1 X131.977 Y135.356 F1500
M5
G0 X133.971 Y135.356 F3000
M4 S300
G1 X142.948 Y135.356 F1500
M5
G0 X115.049 Y135.656 F3000
M4 S300
G1 X131.977 Y135.656 F1500
M5
G0 X133.980 Y135.656 F3000
M4 S300
G1 X142.939 Y135.656 F1500
M5
G0 X115.049 Y135.956 F3000
M4 S300
G1 X131.977 Y135.956 F1500
M5
G0 X134.005 Y135.956 F3000
M4 S300
G1 X142.914 Y135.956 F1500
M5
G0 X115.049 Y136.256 F3000
M4 S300
G1 X131.977 Y136.256 F1500
M5
G0 X134.050 Y136.256 F3000
M4 S300
G1 X142.869 Y136.256 F1500
M5
G0 X115.049 Y136.556 F3000
M4 S300
G1 X131.977 Y136.556 F1500
M5
G0 X134.123 Y136.556 F3000
M4 S300
G1 X142.796 Y136.556 F1500
M5
G0 X115.049 Y136.856 F3000
M4 S300
G1 X131.977 Y136.856 F1500
M5
G0 X134.214 Y136.856 F3000
M4 S300
G1 X142.704 Y136.856 F1500
M5
G0 X115.049 Y137.156 F3000
M4 S300
G1 X131.977 Y137.156 F1500
M5
G0 X134.327 Y137.156 F3000
M4 S300
G1 X142.592 Y137.156 F1500
M5
G0 X115.049 Y137.456 F3000
M4 S300
G1 X131.977 Y137.456 F1500
M5
G0 X134.470 Y137.456 F3000
M4 S300
G1 X142.449 Y137.456 F1500
M5
G0 X115.049 Y137.756 F3000
M4 S300
G1 X131.977 Y137.756 F1500
M5
G0 X134.643 Y137.756 F3000
M4 S300
G1 X142.276 Y137.756 F1500
M5
G0 X115.049 Y138.056 F3000
M4 S300
G1 X131.977 Y138.056 F1500
M5
G0 X134.848 Y138.056 F3000
M4 S300
G1 X142.071 Y138.056 F1500
M5
G0 X115.049 Y138.356 F3000
M4 S300
G1 X131.977 Y138.356 F1500
M5
G0 X135.091 Y138.356 F3000
M4 S300
G1 X141.828 Y138.356 F1500
M5
G0 X115.049 Y138.656 F3000
M4 S300
G1 X131.977 Y138.656 F1500
M5
G0 X135.383 Y138.656 F3000
M4 S300
G1 X141.536 Y138.656 F1500
M5
G0 X115.049 Y138.956 F3000
M4 S300
G1 X131.977 Y138.956 F1500
M5
G0 X135.740 Y138.956 F3000
M4 S300
G1 X141.179 Y138.956 F1500
M5
G0 X115.051 Y139.256 F3000
M4 S300
G1 X131.975 Y139.256 F1500
M5
G0 X136.191 Y139.256 F3000
M4 S300
G1 X140.728 Y139.256 F1500
M5
G0 X115.086 Y139.556 F3000
M4 S300
G1 X131.940 Y139.556 F1500
M5
G0 X136.806 Y139.556 F3000
M4 S300
G1 X140.113 Y139.556 F1500
M5
G0 X115.185 Y139.856 F3000
M4 S300
G1 X131.842 Y139.856 F1500
M5
G0 X138.132 Y139.856 F3000
M4 S300
G1 X138.786 Y139.856 F1500
M5
G0 X115.361 Y140.156 F3000
M4 S300
G1 X131.666 Y140.156 F1500
M5
G0 X115.652 Y140.456 F3000
M4 S300
G1 X131.374 Y140.456 F1500
M5
G0 X116.285 Y140.756 F3000
M4 S300
G1 X130.742 Y140.756 F1500
M5
G0 X114.000 Y149.000 F3000
M4 S200
G1 X115.200 Y149.000 F1500
M5
G0 X114.000 Y149.000 F3000
M4 S200
G1 X114.000 Y148.000 F1500
M5
G0 X114.000 Y148.000 F3000
M4 S200
G1 X114.000 Y147.000 F1500
M5
G0 X114.000 Y147.000 F3000
M4 S200
G1 X115.200 Y147.000 F1500
M5
G0 X115.200 Y148.000 F3000
M4 S200
G1 X115.200 Y147.000 F1500
M5
G0 X114.000 Y148.000 F3000
M4 S200
G1 X115.200 Y148.000 F1500
M5
G0 X115.600 Y148.000 F3000
M4 S200
G1 X116.800 Y148.000 F1500
M5
G0 X117.200 Y149.000 F3000
M4 S200
G1 X118.400 Y149.000 F1500
M5
G0 X118.400 Y149.000 F3000
M4 S200
G1 X118.400 Y148.000 F1500
M5
G0 X118.400 Y148.000 F3000
M4 S200
G1 X118.400 Y147.000 F1500
M5
G0 X117.200 Y147.000 F3000
M4 S200
G1 X118.400 Y147.000 F1500
M5
G0 X117.200 Y148.000 F3000
M4 S200
G1 X117.200 Y147.000 F1500
M5
G0 X117.200 Y149.000 F3000
M4 S200
G1 X117.200 Y148.000 F1500
M5
G0 X120.000 Y149.000 F3000
M4 S200
G1 X120.000 Y148.000 F1500
M5
G0 X120.000 Y148.000 F3000
M4 S200
G1 X120.000 Y147.000 F1500
M5
G0 X120.400 Y149.000 F3000
M4 S200
G1 X121.600 Y149.000 F1500
M5
G0 X121.600 Y149.000 F3000
M4 S200
G1 X121.600 Y148.000 F1500
M5
G0 X120.400 Y148.000 F3000
M4 S200
G1 X121.600 Y148.000 F1500
M5
G0 X121.600 Y148.000 F3000
M4 S200
G1 X121.600 Y147.000 F1500
M5
G0 X120.400 Y147.000 F3000
M4 S200
G1 X121.600 Y147.000 F1500
M5
G0 X78.624 Y140.794 F3000
M4 S300
G1 X92.403 Y140.794 F1200
G1 X92.563 Y140.786 F1200
G1 X92.720 Y140.762 F1200
G1 X92.870 Y140.723 F1200
G1 X93.015 Y140.670 F1200
G1 X93.153 Y140.604 F1200
G1 X93.283 Y140.525 F1200
G1 X93.404 Y140.434 F1200
G1 X93.516 Y140.332 F1200
G1 X93.617 Y140.221 F1200
G1 X93.708 Y140.099 F1200
G1 X93.787 Y139.970 F1200
G1 X93.853 Y139.832 F1200
G1 X93.906 Y139.687 F1200
G1 X93.945 Y139.536 F1200
G1 X93.969 Y139.380 F1200
G1 X93.977 Y139.219 F1200
G1 X93.977 Y130.960 F1200
G1 X77.049 Y130.960 F1200
G1 X77.049 Y139.219 F1200
G1 X77.057 Y139.380 F1200
G1 X77.081 Y139.536 F1200
G1 X77.120 Y139.687 F1200
G1 X77.173 Y139.832 F1200
G1 X77.239 Y139.969 F1200
G1 X77.318 Y140.099 F1200
G1 X77.409 Y140.220 F1200
G1 X77.511 Y140.332 F1200
G1 X77.622 Y140.434 F1200
G1 X77.744 Y140.525 F1200
G1 X77.873 Y140.604 F1200
G1 X78.011 Y140.670 F1200
G1 X78.156 Y140.723 F1200
G1 X78.307 Y140.762 F1200
G1 X78.463 Y140.786 F1200
G1 X78.624 Y140.794 F1200
G1 X78.624 Y140.794 F1200
M5
G0 X104.951 Y135.416 F3000
M4 S300
G1 X104.929 Y134.979 F1200
G1 X104.864 Y134.547 F1200
G1 X104.757 Y134.122 F1200
G1 X104.609 Y133.711 F1200
G1 X104.420 Y133.315 F1200
G1 X104.194 Y132.940 F1200
G1 X103.931 Y132.589 F1200
G1 X103.635 Y132.265 F1200
G1 X103.309 Y131.971 F1200
G1 X102.955 Y131.711 F1200
G1 X102.577 Y131.486 F1200
G1 X102.178 Y131.299 F1200
G1 X101.763 Y131.152 F1200
G1 X101.336 Y131.045 F1200
G1 X100.900 Y130.981 F1200
G1 X100.459 Y130.960 F1200
G1 X100.019 Y130.981 F1200
G1 X99.583 Y131.045 F1200
G1 X99.156 Y131.152 F1200
G1 X98.741 Y131.299 F1200
G1 X98.342 Y131.486 F1200
G1 X97.964 Y131.711 F1200
G1 X97.610 Y131.971 F1200
G1 X97.283 Y132.265 F1200
G1 X96.987 Y132.589 F1200
G1 X96.725 Y132.940 F1200
G1 X96.498 Y133.315 F1200
G1 X96.310 Y133.711 F1200
G1 X96.161 Y134.122 F1200
G1 X96.054 Y134.547 F1200
G1 X95.990 Y134.979 F1200
G1 X95.968 Y135.416 F1200
G1 X95.990 Y135.853 F1200
G1 X96.054 Y136.285 F1200
G1 X96.161 Y136.709 F1200
G1 X96.310 Y137.121 F1200
G1 X96.498 Y137.516 F1200
G1 X96.725 Y137.892 F1200
G1 X96.987 Y138.243 F1200
G1 X97.283 Y138.567 F1200
G1 X97.610 Y138.861 F1200
G1 X97.964 Y139.121 F1200
G1 X98.342 Y139.346 F1200
G1 X98.741 Y139.533 F1200
G1 X99.156 Y139.680 F1200
G1 X99.583 Y139.786 F1200
G1 X100.019 Y139.851 F1200
G1 X100.459 Y139.872 F1200
G1 X100.900 Y139.851 F1200
G1 X101.336 Y139.786 F1200
G1 X101.763 Y139.680 F1200
G1 X102.178 Y139.533 F1200
G1 X102.577 Y139.346 F1200
G1 X102.955 Y139.121 F1200
G1 X103.309 Y138.861 F1200
G1 X103.635 Y138.567 F1200
G1 X103.931 Y138.243 F1200
G1 X104.194 Y137.892 F1200
G1 X104.420 Y137.516 F1200
G1 X104.609 Y137.121 F1200
G1 X104.757 Y136.709 F1200
G1 X104.864 Y136.285 F1200
G1 X104.929 Y135.853 F1200
G1 X104.951 Y135.416 F1200
M5
G0 X91.568 Y117.390 F3000
M4 S300
G1 X104.488 Y126.972 F1200
G1 X104.633 Y127.098 F1200
G1 X104.748 Y127.239 F1200
G1 X104.835 Y127.391 F1200
G1 X104.895 Y127.550 F1200
G1 X104.928 Y127.714 F1200
G1 X104.936 Y127.880 F1200
G1 X104.919 Y128.044 F1200
G1 X104.878 Y128.205 F1200
G1 X104.815 Y128.357 F1200
G1 X104.731 Y128.499 F1200
G1 X104.626 Y128.628 F1200
G1 X104.502 Y128.740 F1200
G1 X104.359 Y128.833 F1200
G1 X104.199 Y128.903 F1200
G1 X104.022 Y128.947 F1200
G1 X103.830 Y128.962 F1200
G1 X78.192 Y128.962 F1200
G1 X78.000 Y128.947 F1200
G1 X77.823 Y128.903 F1200
G1 X77.663 Y128.833 F1200
G1 X77.520 Y128.740 F1200
G1 X77.396 Y128.628 F1200
G1 X77.291 Y128.499 F1200
G1 X77.207 Y128.357 F1200
G1 X77.144 Y128.205 F1200
G1 X77.103 Y128.044 F1200
G1 X77.086 Y127.880 F1200
G1 X77.094 Y127.714 F1200
G1 X77.127 Y127.550 F1200
G1 X77.186 Y127.391 F1200
G1 X77.273 Y127.239 F1200
G1 X77.389 Y127.098 F1200
G1 X77.534 Y126.972 F1200
G1 X90.454 Y117.390 F1200
G1 X90.517 Y117.347 F1200
G1 X90.583 Y117.310 F1200
G1 X90.651 Y117.278 F1200
G1 X90.721 Y117.252 F1200
G1 X90.792 Y117.232 F1200
G1 X90.865 Y117.218 F1200
G1 X90.937 Y117.209 F1200
G1 X91.011 Y117.206 F1200
G1 X91.084 Y117.209 F1200
G1 X91.157 Y117.218 F1200
G1 X91.229 Y117.232 F1200
G1 X91.301 Y117.252 F1200
G1 X91.370 Y117.278 F1200
G1 X91.438 Y117.310 F1200
G1 X91.504 Y117.347 F1200
G1 X91.567 Y117.390 F1200
G1 X91.568 Y117.390 F1200
M5
G0 X90.504 Y117.356 F3000
M4 S300
G1 X91.518 Y117.356 F1200
M5
G0 X90.095 Y117.656 F3000
M4 S300
G1 X91.927 Y117.656 F1200
M5
G0 X89.691 Y117.956 F3000
M4 S300
G1 X92.331 Y117.956 F1200
M5
G0 X89.286 Y118.256 F3000
M4 S300
G1 X92.736 Y118.256 F1200
M5
G0 X88.882 Y118.556 F3000
M4 S300
G1 X93.140 Y118.556 F1200
M5
G0 X88.477 Y118.856 F3000
M4 S300
G1 X93.545 Y118.856 F1200
M5
G0 X88.073 Y119.156 F3000
M4 S300
G1 X93.949 Y119.156 F1200
M5
G0 X87.668 Y119.456 F3000
M4 S300
G1 X94.354 Y119.456 F1200
M5
G0 X87.264 Y119.756 F3000
M4 S300
G1 X94.758 Y119.756 F1200
M5
G0 X86.859 Y120.056 F3000
M4 S300
G1 X95.163 Y120.056 F1200
M5
G0 X86.455 Y120.356 F3000
M4 S300
G1 X95.567 Y120.356 F1200
M5
G0 X86.050 Y120.656 F3000
M4 S300
G1 X95.972 Y120.656 F1200
M5
G0 X85.646 Y120.956 F3000
M4 S300
G1 X96.376 Y120.956 F1200
M5
G0 X85.241 Y121.256 F3000
M4 S300
G1 X96.781 Y121.256 F1200
M5
G0 X84.836 Y121.556 F3000
M4 S300
G1 X97.185 Y121.556 F1200
M5
G0 X84.432 Y121.856 F3000
M4 S300
G1 X97.590 Y121.856 F1200
M5
G0 X84.027 Y122.156 F3000
M4 S300
G1 X97.994 Y122.156 F1200
M5
G0 X83.623 Y122.456 F3000
M4 S300
G1 X98.399 Y122.456 F1200
M5
G0 X83.218 Y122.756 F3000
M4 S300
G1 X98.803 Y122.756 F1200
M5
G0 X82.814 Y123.056 F3000
M4 S300
G1 X99.208 Y123.056 F1200
M5
G0 X82.409 Y123.356 F3000
M4 S300
G1 X99.612 Y123.356 F1200
M5
G0 X82.005 Y123.656 F3000
M4 S300
G1 X100.017 Y123.656 F1200
M5
G0 X81.600 Y123.956 F3000
M4 S300
G1 X100.421 Y123.956 F1200
M5
G0 X81.196 Y124.256 F3000
M4 S300
G1 X100.826 Y124.256 F1200
M5
G0 X80.791 Y124.556 F3000
M4 S300
G1 X101.230 Y124.556 F1200
M5
G0 X80.387 Y124.856 F3000
M4 S300
G1 X101.635 Y124.856 F1200
M5
G0 X79.982 Y125.156 F3000
M4 S300
G1 X102.040 Y125.156 F1200
M5
G0 X79.578 Y125.456 F3000
M4 S300
G1 X102.444 Y125.456 F1200
M5
G0 X79.173 Y125.756 F3000
M4 S300
G1 X102.849 Y125.756 F1200
M5
G0 X78.769 Y126.056 F3000
M4 S300
G1 X103.253 Y126.056 F1200
M5
G0 X78.364 Y126.356 F3000
M4 S300
G1 X103.658 Y126.356 F1200
M5
G0 X77.960 Y126.656 F3000
M4 S300
G1 X104.062 Y126.656 F1200
M5
G0 X77.555 Y126.956 F3000
M4 S300
G1 X104.467 Y126.956 F1200
M5
G0 X77.264 Y127.256 F3000
M4 S300
G1 X104.758 Y127.256 F1200
M5
G0 X77.126 Y127.556 F3000
M4 S300
G1 X104.896 Y127.556 F1200
M5
G0 X77.087 Y127.856 F3000
M4 S300
G1 X104.935 Y127.856 F1200
M5
G0 X77.131 Y128.156 F3000
M4 S300
G1 X104.890 Y128.156 F1200
M5
G0 X77.265 Y128.456 F3000
M4 S300
G1 X104.757 Y128.456 F1200
M5
G0 X77.545 Y128.756 F3000
M4 S300
G1 X104.477 Y128.756 F1200
M5
G0 X77.049 Y131.156 F3000
M4 S300
G1 X93.977 Y131.156 F1200
M5
G0 X99.143 Y131.156 F3000
M4 S300
G1 X101.776 Y131.156 F1200
M5
G0 X77.049 Y131.456 F3000
M4 S300
G1 X93.977 Y131.456 F1200
M5
G0 X98.406 Y131.456 F3000
M4 S300
G1 X102.513 Y131.456 F1200
M5
G0 X77.049 Y131.756 F3000
M4 S300
G1 X93.977 Y131.756 F1200
M5
G0 X97.903 Y131.756 F3000
M4 S300
G1 X103.016 Y131.756 F1200
M5
G0 X77.049 Y132.056 F3000
M4 S300
G1 X93.977 Y132.056 F1200
M5
G0 X97.516 Y132.056 F3000
M4 S300
G1 X103.403 Y132.056 F1200
M5
G0 X77.049 Y132.356 F3000
M4 S300
G1 X93.977 Y132.356 F1200
M5
G0 X97.200 Y132.356 F3000
M4 S300
G1 X103.719 Y132.356 F1200
M5
G0 X77.049 Y132.656 F3000
M4 S300
G1 X93.977 Y132.656 F1200
M5
G0 X96.937 Y132.656 F3000
M4 S300
G1 X103.981 Y132.656 F1200
M5
G0 X77.049 Y132.956 F3000
M4 S300
G1 X93.977 Y132.956 F1200
M5
G0 X96.715 Y132.956 F3000
M4 S300
G1 X104.203 Y132.956 F1200
M5
G0 X77.049 Y133.256 F3000
M4 S300
G1 X93.977 Y133.256 F1200
M5
G0 X96.534 Y133.256 F3000
M4 S300
G1 X104.385 Y133.256 F1200
M5
G0 X77.049 Y133.556 F3000
M4 S300
G1 X93.977 Y133.556 F1200
M5
G0 X96.384 Y133.556 F3000
M4 S300
G1 X104.535 Y133.556 F1200
M5
G0 X77.049 Y133.856 F3000
M4 S300
G1 X93.977 Y133.856 F1200
M5
G0 X96.257 Y133.856 F3000
M4 S300
G1 X104.661 Y133.856 F1200
M5
G0 X77.049 Y134.156 F3000
M4 S300
G1 X93.977 Y134.156 F1200
M5
G0 X96.153 Y134.156 F3000
M4 S300
G1 X104.766 Y134.156 F1200
M5
G0 X77.049 Y134.456 F3000
M4 S300
G1 X93.977 Y134.456 F1200
M5
G0 X96.077 Y134.456 F3000
M4 S300
G1 X104.842 Y134.456 F1200
M5
G0 X77.049 Y134.756 F3000
M4 S300
G1 X93.977 Y134.756 F1200
M5
G0 X96.023 Y134.756 F3000
M4 S300
G1 X104.896 Y134.756 F1200
M5
G0 X77.049 Y135.056 F3000
M4 S300
G1 X93.977 Y135.056 F1200
M5
G0 X95.986 Y135.056 F3000
M4 S300
G1 X104.933 Y135.056 F1200
M5
G0 X77.049 Y135.356 F3000
M4 S300
G1 X93.977 Y135.356 F1200
M5
G0 X95.971 Y135.356 F3000
M4 S300
G1 X104.948 Y135.356 F1200
M5
G0 X77.049 Y135.656 F3000
M4 S300
G1 X93.977 Y135.656 F1200
M5
G0 X95.980 Y135.656 F3000
M4 S300
G1 X104.939 Y135.656 F1200
M5
G0 X77.049 Y135.956 F3000
M4 S300
G1 X93.977 Y135.956 F1200
M5
G0 X96.005 Y135.956 F3000
M4 S300
G1 X104.914 Y135.956 F1200
M5
G0 X77.049 Y136.256 F3000
M4 S300
G1 X93.977 Y136.256 F1200
M5
G0 X96.050 Y136.256 F3000
M4 S300
G1 X104.869 Y136.256 F1200
M5
G0 X77.049 Y136.556 F3000
M4 S300
G1 X93.977 Y136.556 F1200
M5
G0 X96.123 Y136.556 F3000
M4 S300
G1 X104.796 Y136.556 F1200
M5
G0 X77.049 Y136.856 F3000
M4 S300
G1 X93.977 Y136.856 F1200
M5
G0 X96.214 Y136.856 F3000
M4 S300
G1 X104.704 Y136.856 F1200
M5
G0 X77.049 Y137.156 F3000
M4 S300
G1 X93.977 Y137.156 F1200
M5
G0 X96.327 Y137.156 F3000
M4 S300
G1 X104.592 Y137.156 F1200
M5
G0 X77.049 Y137.456 F3000
M4 S300
G1 X93.977 Y137.456 F1200
M5
G0 X96.470 Y137.456 F3000
M4 S300
G1 X104.449 Y137.456 F1200
M5
G0 X77.049 Y137.756 F3000
M4 S300
G1 X93.977 Y137.756 F1200
M5
G0 X96.643 Y137.756 F3000
M4 S300
G1 X104.276 Y137.756 F1200
M5
G0 X77.049 Y138.056 F3000
M4 S300
G1 X93.977 Y138.056 F1200
M5
G0 X96.848 Y138.056 F3000
M4 S300
G1 X104.071 Y138.056 F1200
M5
G0 X77.049 Y138.356 F3000
M4 S300
G1 X93.977 Y138.356 F1200
M5
G0 X97.091 Y138.356 F3000
M4 S300
G1 X103.828 Y138.356 F1200
M5
G0 X77.049 Y138.656 F3000
M4 S300
G1 X93.977 Y138.656 F1200
M5
G0 X97.383 Y138.656 F3000
M4 S300
G1 X103.536 Y138.656 F1200
M5
G0 X77.049 Y138.956 F3000
M4 S300
G1 X93.977 Y138.956 F1200
M5
G0 X97.740 Y138.956 F3000
M4 S300
G1 X103.179 Y138.956 F1200
M5
G0 X77.051 Y139.256 F3000
M4 S300
G1 X93.975 Y139.256 F1200
M5
G0 X98.191 Y139.256 F3000
M4 S300
G1 X102.728 Y139.256 F1200
M5
G0 X77.086 Y139.556 F3000
M4 S300
G1 X93.940 Y139.556 F1200
M5
G0 X98.806 Y139.556 F3000
M4 S300
G1 X102.113 Y139.556 F1200
M5
G0 X77.185 Y139.856 F3000
M4 S300
G1 X93.842 Y139.856 F1200
M5
G0 X100.132 Y139.856 F3000
M4 S300
G1 X100.786 Y139.856 F1200
M5
G0 X77.361 Y140.156 F3000
M4 S300
G1 X93.666 Y140.156 F1200
M5
G0 X77.652 Y140.456 F3000
M4 S300
G1 X93.374 Y140.456 F1200
M5
G0 X78.285 Y140.756 F3000
M4 S300
G1 X92.742 Y140.756 F1200
M5
G0 X76.000 Y149.000 F3000
M4 S200
G1 X77.200 Y149.000 F1500
M5
G0 X76.000 Y149.000 F3000
M4 S200
G1 X76.000 Y148.000 F1500
M5
G0 X76.000 Y148.000 F3000
M4 S200
G1 X76.000 Y147.000 F1500
M5
G0 X76.000 Y147.000 F3000
M4 S200
G1 X77.200 Y147.000 F1500
M5
G0 X77.200 Y148.000 F3000
M4 S200
G1 X77.200 Y147.000 F1500
M5
G0 X76.000 Y148.000 F3000
M4 S200
G1 X77.200 Y148.000 F1500
M5
G0 X77.600 Y148.000 F3000
M4 S200
G1 X78.800 Y148.000 F1500
M5
G0 X79.200 Y149.000 F3000
M4 S200
G1 X80.400 Y149.000 F1500
M5
G0 X80.400 Y149.000 F3000
M4 S200
G1 X80.400 Y148.000 F1500
M5
G0 X80.400 Y148.000 F3000
M4 S200
G1 X80.400 Y147.000 F1500
M5
G0 X79.200 Y147.000 F3000
M4 S200
G1 X80.400 Y147.000 F1500
M5
G0 X79.200 Y148.000 F3000
M4 S200
G1 X79.200 Y147.000 F1500
M5
G0 X79.200 Y149.000 F3000
M4 S200
G1 X79.200 Y148.000 F1500
M5
G0 X82.000 Y149.000 F3000
M4 S200
G1 X82.000 Y148.000 F1500
M5
G0 X82.000 Y148.000 F3000
M4 S200
G1 X82.000 Y147.000 F1500
M5
G0 X82.400 Y149.000 F3000
M4 S200
G1 X82.400 Y148.000 F1500
M5
G0 X82.400 Y148.000 F3000
M4 S200
G1 X83.600 Y148.000 F1500
M5
G0 X83.600 Y149.000 F3000
M4 S200
G1 X83.600 Y148.000 F1500
M5
G0 X83.600 Y148.000 F3000
M4 S200
G1 X83.600 Y147.000 F1500
M5
G0 X40.624 Y140.794 F3000
M4 S300
G1 X54.403 Y140.794 F1000
G1 X54.563 Y140.786 F1000
G1 X54.720 Y140.762 F1000
G1 X54.870 Y140.723 F1000
G1 X55.015 Y140.670 F1000
G1 X55.153 Y140.604 F1000
G1 X55.283 Y140.525 F1000
G1 X55.404 Y140.434 F1000
G1 X55.516 Y140.332 F1000
G1 X55.617 Y140.221 F1000
G1 X55.708 Y140.099 F1000
G1 X55.787 Y139.970 F1000
G1 X55.853 Y139.832 F1000
G1 X55.906 Y139.687 F1000
G1 X55.945 Y139.536 F1000
G1 X55.969 Y139.380 F1000
G1 X55.977 Y139.219 F1000
G1 X55.977 Y130.960 F1000
G1 X39.049 Y130.960 F1000
G1 X39.049 Y139.219 F1000
G1 X39.057 Y139.380 F1000
G1 X39.081 Y139.536 F1000
G1 X39.120 Y139.687 F1000
G1 X39.173 Y139.832 F1000
G1 X39.239 Y139.969 F1000
G1 X39.318 Y140.099 F1000
G1 X39.409 Y140.220 F1000
G1 X39.511 Y140.332 F1000
G1 X39.622 Y140.434 F1000
G1 X39.744 Y140.525 F1000
G1 X39.873 Y140.604 F1000
G1 X40.011 Y140.670 F1000
G1 X40.156 Y140.723 F1000
G1 X40.307 Y140.762 F1000
G1 X40.463 Y140.786 F1000
G1 X40.624 Y140.794 F1000
G1 X40.624 Y140.794 F1000
M5
G0 X66.951 Y135.416 F3000
M4 S300
G1 X66.929 Y134.979 F1000
G1 X66.864 Y134.547 F1000
G1 X66.757 Y134.122 F1000
G1 X66.609 Y133.711 F1000
G1 X66.420 Y133.315 F1000
G1 X66.194 Y132.940 F1000
G1 X65.931 Y132.589 F1000
G1 X65.635 Y132.265 F1000
G1 X65.309 Y131.971 F1000
G1 X64.955 Y131.711 F1000
G1 X64.577 Y131.486 F1000
G1 X64.178 Y131.299 F1000
G1 X63.763 Y131.152 F1000
G1 X63.336 Y131.045 F1000
G1 X62.900 Y130.981 F1000
G1 X62.459 Y130.960 F1000
G1 X62.019 Y130.981 F1000
G1 X61.583 Y131.045 F1000
G1 X61.156 Y131.152 F1000
G1 X60.741 Y131.299 F1000
G1 X60.342 Y131.486 F1000
G1 X59.964 Y131.711 F1000
G1 X59.610 Y131.971 F1000
G1 X59.283 Y132.265 F1000
G1 X58.987 Y132.589 F1000
G1 X58.725 Y132.940 F1000
G1 X58.498 Y133.315 F1000
G1 X58.310 Y133.711 F1000
G1 X58.161 Y134.122 F1000
G1 X58.054 Y134.547 F1000
G1 X57.990 Y134.979 F1000
G1 X57.968 Y135.416 F1000
G1 X57.990 Y135.853 F1000
G1 X58.054 Y136.285 F1000
G1 X58.161 Y136.709 F1000
G1 X58.310 Y137.121 F1000
G1 X58.498 Y137.516 F1000
G1 X58.725 Y137.892 F1000
G1 X58.987 Y138.243 F1000
G1 X59.283 Y138.567 F1000
G1 X59.610 Y138.861 F1000
G1 X59.964 Y139.121 F1000
G1 X60.342 Y139.346 F1000
G1 X60.741 Y139.533 F1000
G1 X61.156 Y139.680 F1000
G1 X61.583 Y139.786 F1000
G1 X62.019 Y139.851 F1000
G1 X62.459 Y139.872 F1000
G1 X62.900 Y139.851 F1000
G1 X63.336 Y139.786 F1000
G1 X63.763 Y139.680 F1000
G1 X64.178 Y139.533 F1000
G1 X64.577 Y139.346 F1000
G1 X64.955 Y139.121 F1000
G1 X65.309 Y138.861 F1000
G1 X65.635 Y138.567 F1000
G1 X65.931 Y138.243 F1000
G1 X66.194 Y137.892 F1000
G1 X66.420 Y137.516 F1000
G1 X66.609 Y137.121 F1000
G1 X66.757 Y136.709 F1000
G1 X66.864 Y136.285 F1000
G1 X66.929 Y135.853 F1000
G1 X66.951 Y135.416 F1000
M5
G0 X53.568 Y117.390 F3000
M4 S300
G1 X66.488 Y126.972 F1000
G1 X66.633 Y127.098 F1000
G1 X66.748 Y127.239 F1000
G1 X66.835 Y127.391 F1000
G1 X66.895 Y127.550 F1000
G1 X66.928 Y127.714 F1000
G1 X66.936 Y127.880 F1000
G1 X66.919 Y128.044 F1000
G1 X66.878 Y128.205 F1000
G1 X66.815 Y128.357 F1000
G1 X66.731 Y128.499 F1000
G1 X66.626 Y128.628 F1000
G1 X66.502 Y128.740 F1000
G1 X66.359 Y128.833 F1000
G1 X66.199 Y128.903 F1000
G1 X66.022 Y128.947 F1000
G1 X65.830 Y128.962 F1000
G1 X40.192 Y128.962 F1000
G1 X40.000 Y128.947 F1000
G1 X39.823 Y128.903 F1000
G1 X39.663 Y128.833 F1000
G1 X39.520 Y128.740 F1000
G1 X39.396 Y128.628 F1000
G1 X39.291 Y128.499 F1000
G1 X39.207 Y128.357 F1000
G1 X39.144 Y128.205 F1000
G1 X39.103 Y128.044 F1000
G1 X39.086 Y127.880 F1000
G1 X39.094 Y127.714 F1000
G1 X39.127 Y127.550 F1000
G1 X39.186 Y127.391 F1000
G1 X39.273 Y127.239 F1000
G1 X39.389 Y127.098 F1000
G1 X39.534 Y126.972 F1000
G1 X52.454 Y117.390 F1000
G1 X52.517 Y117.347 F1000
G1 X52.583 Y117.310 F1000
G1 X52.651 Y117.278 F1000
G1 X52.721 Y117.252 F1000
G1 X52.792 Y117.232 F1000
G1 X52.865 Y117.218 F1000
G1 X52.937 Y117.209 F1000
G1 X53.011 Y117.206 F1000
G1 X53.084 Y117.209 F1000
G1 X53.157 Y117.218 F1000
G1 X53.229 Y117.232 F1000
G1 X53.301 Y117.252 F1000
G1 X53.370 Y117.278 F1000
G1 X53.438 Y117.310 F1000
G1 X53.504 Y117.347 F1000
G1 X53.567 Y117.390 F1000
G1 X53.568 Y117.390 F1000
M5
G0 X52.504 Y117.356 F3000
M4 S300
G1 X53.518 Y117.356 F1000
M5
G0 X52.095 Y117.656 F3000
M4 S300
G1 X53.927 Y117.656 F1000
M5
G0 X51.691 Y117.956 F3000
M4 S300
G1 X54.331 Y117.956 F1000
M5
G0 X51.286 Y118.256 F3000
M4 S300
G1 X54.736 Y118.256 F1000
M5
G0 X50.882 Y118.556 F3000
M4 S300
G1 X55.140 Y118.556 F1000
M5
G0 X50.477 Y118.856 F3000
M4 S300
G1 X55.545 Y118.856 F1000
M5
G0 X50.073 Y119.156 F3000
M4 S300
G1 X55.949 Y119.156 F1000
M5
G0 X49.668 Y119.456 F3000
M4 S300
G1 X56.354 Y119.456 F1000
M5
G0 X49.264 Y119.756 F3000
M4 S300
G1 X56.758 Y119.756 F1000
M5
G0 X48.859 Y120.056 F3000
M4 S300
G1 X57.163 Y120.056 F1000
M5
G0 X48.455 Y120.356 F3000
M4 S300
G1 X57.567 Y120.356 F1000
M5
G0 X48.050 Y120.656 F3000
M4 S300
G1 X57.972 Y120.656 F1000
M5
G0 X47.646 Y120.956 F3000
M4 S300
G1 X58.376 Y120.956 F1000
M5
G0 X47.241 Y121.256 F3000
M4 S300
G1 X58.781 Y121.256 F1000
M5
G0 X46.836 Y121.556 F3000
M4 S300
G1 X59.185 Y121.556 F1000
M5
G0 X46.432 Y121.856 F3000
M4 S300
G1 X59.590 Y121.856 F1000
M5
G0 X46.027 Y122.156 F3000
M4 S300
G1 X59.994 Y122.156 F1000
M5
G0 X45.623 Y122.456 F3000
M4 S300
G1 X60.399 Y122.456 F1000
M5
G0 X45.218 Y122.756 F3000
M4 S300
G1 X60.803 Y122.756 F1000
M5
G0 X44.814 Y123.056 F3000
M4 S300
G1 X61.208 Y123.056 F1000
M5
G0 X44.409 Y123.356 F3000
M4 S300
G1 X61.612 Y123.356 F1000
M5
G0 X44.005 Y123.656 F3000
M4 S300
G1 X62.017 Y123.656 F1000
M5
G0 X43.600 Y123.956 F3000
M4 S300
G1 X62.421 Y123.956 F1000
M5
G0 X43.196 Y124.256 F3000
M4 S300
G1 X62.826 Y124.256 F1000
M5
G0 X42.791 Y124.556 F3000
M4 S300
G1 X63.230 Y124.556 F1000
M5
G0 X42.387 Y124.856 F3000
M4 S300
G1 X63.635 Y124.856 F1000
M5
G0 X41.982 Y125.156 F3000
M4 S300
G1 X64.040 Y125.156 F1000
M5
G0 X41.578 Y125.456 F3000
M4 S300
G1 X64.444 Y125.456 F1000
M5
G0 X41.173 Y125.756 F3000
M4 S300
G1 X64.849 Y125.756 F1000
M5
G0 X40.769 Y126.056 F3000
M4 S300
G1 X65.253 Y126.056 F1000
M5
G0 X40.364 Y126.356 F3000
M4 S300
G1 X65.658 Y126.356 F1000
M5
G0 X39.960 Y126.656 F3000
M4 S300
G1 X66.062 Y126.656 F1000
M5
G0 X39.555 Y126.956 F3000
M4 S300
G1 X66.467 Y126.956 F1000
M5
G0 X39.264 Y127.256 F3000
M4 S300
G1 X66.758 Y127.256 F1000
M5
G0 X39.126 Y127.556 F3000
M4 S300
G1 X66.896 Y127.556 F1000
M5
G0 X39.087 Y127.856 F3000
M4 S300
G1 X66.935 Y127.856 F1000
M5
G0 X39.131 Y128.156 F3000
M4 S300
G1 X66.890 Y128.156 F1000
M5
G0 X39.265 Y128.456 F3000
M4 S300
G1 X66.757 Y128.456 F1000
M5
G0 X39.545 Y128.756 F3000
M4 S300
G1 X66.477 Y128.756 F1000
M5
G0 X39.049 Y131.156 F3000
M4 S300
G1 X55.977 Y131.156 F1000
M5
G0 X61.143 Y131.156 F3000
M4 S300
G1 X63.776 Y131.156 F1000
M5
G0 X39.049 Y131.456 F3000
M4 S300
G1 X55.977 Y131.456 F1000
M5
G0 X60.406 Y131.456 F3000
M4 S300
G1 X64.513 Y131.456 F1000
M5
G0 X39.049 Y131.756 F3000
M4 S300
G1 X55.977 Y131.756 F1000
M5
G0 X59.903 Y131.756 F3000
M4 S300
G1 X65.016 Y131.756 F1000
M5
G0 X39.049 Y132.056 F3000
M4 S300
G1 X55.977 Y132.056 F1000
M5
G0 X59.516 Y132.056 F3000
M4 S300
G1 X65.403 Y132.056 F1000
M5
G0 X39.049 Y132.356 F3000
M4 S300
G1 X55.977 Y132.356 F1000
M5
G0 X59.200 Y132.356 F3000
M4 S300
G1 X65.719 Y132.356 F1000
M5
G0 X39.049 Y132.656 F3000
M4 S300
G1 X55.977 Y132.656 F1000
M5
G0 X58.937 Y132.656 F3000
M4 S300
G1 X65.981 Y132.656 F1000
M5
G0 X39.049 Y132.956 F3000
M4 S300
G1 X55.977 Y132.956 F1000
M5
G0 X58.715 Y132.956 F3000
M4 S300
G1 X66.203 Y132.956 F1000
M5
G0 X39.049 Y133.256 F3000
M4 S300
G1 X55.977 Y133.256 F1000
M5
G0 X58.534 Y133.256 F3000
M4 S300
G1 X66.385 Y133.256 F1000
M5
G0 X39.049 Y133.556 F3000
M4 S300
G1 X55.977 Y133.556 F1000
M5
G0 X58.384 Y133.556 F3000
M4 S300
G1 X66.535 Y133.556 F1000
M5
G0 X39.049 Y133.856 F3000
M4 S300
G1 X55.977 Y133.856 F1000
M5
G0 X58.257 Y133.856 F3000
M4 S300
G1 X66.661 Y133.856 F1000
M5
G0 X39.049 Y134.156 F3000
M4 S300
G1 X55.977 Y134.156 F1000
M5
G0 X58.153 Y134.156 F3000
M4 S300
G1 X66.766 Y134.156 F1000
M5
G0 X39.049 Y134.456 F3000
M4 S300
G1 X55.977 Y134.456 F1000
M5
G0 X58.077 Y134.456 F3000
M4 S300
G1 X66.842 Y134.456 F1000
M5
G0 X39.049 Y134.756 F3000
M4 S300
G1 X55.977 Y134.756 F1000
M5
G0 X58.023 Y134.756 F3000
M4 S300
G1 X66.896 Y134.756 F1000
M5
G0 X39.049 Y135.056 F3000
M4 S300
G1 X55.977 Y135.056 F1000
M5
G0 X57.986 Y135.056 F3000
M4 S300
G1 X66.933 Y135.056 F1000
M5
G0 X39.049 Y135.356 F3000
M4 S300
G1 X55.977 Y135.356 F1000
M5
G0 X57.971 Y135.356 F3000
M4 S300
G1 X66.948 Y135.356 F1000
M5
G0 X39.049 Y135.656 F3000
M4 S300
G1 X55.977 Y135.656 F1000
M5
G0 X57.980 Y135.656 F3000
M4 S300
G1 X66.939 Y135.656 F1000
M5
G0 X39.049 Y135.956 F3000
M4 S300
G1 X55.977 Y135.956 F1000
M5
G0 X58.005 Y135.956 F3000
M4 S300
G1 X66.914 Y135.956 F1000
M5
G0 X39.049 Y136.256 F3000
M4 S300
G1 X55.977 Y136.256 F1000
M5
G0 X58.050 Y136.256 F3000
M4 S300
G1 X66.869 Y136.256 F1000
M5
G0 X39.049 Y136.556 F3000
M4 S300
G1 X55.977 Y136.556 F1000
M5
G0 X58.123 Y136.556 F3000
M4 S300
G1 X66.796 Y136.556 F1000
M5
G0 X39.049 Y136.856 F3000
M4 S300
G1 X55.977 Y136.856 F1000
M5
G0 X58.214 Y136.856 F3000
M4 S300
G1 X66.704 Y136.856 F1000
M5
G0 X39.049 Y137.156 F3000
M4 S300
G1 X55.977 Y137.156 F1000
M5
G0 X58.327 Y137.156 F3000
M4 S300
G1 X66.592 Y137.156 F1000
M5
G0 X39.049 Y137.456 F3000
M4 S300
G1 X55.977 Y137.456 F1000
M5
G0 X58.470 Y137.456 F3000
M4 S300
G1 X66.449 Y137.456 F1000
M5
G0 X39.049 Y137.756 F3000
M4 S300
G1 X55.977 Y137.756 F1000
M5
G0 X58.643 Y137.756 F3000
M4 S300
G1 X66.276 Y137.756 F1000
M5
G0 X39.049 Y138.056 F3000
M4 S300
G1 X55.977 Y138.056 F1000
M5
G0 X58.848 Y138.056 F3000
M4 S300
G1 X66.071 Y138.056 F1000
M5
G0 X39.049 Y138.356 F3000
M4 S300
G1 X55.977 Y138.356 F1000
M5
G0 X59.091 Y138.356 F3000
M4 S300
G1 X65.828 Y138.356 F1000
M5
G0 X39.049 Y138.656 F3000
M4 S300
G1 X55.977 Y138.656 F1000
M5
G0 X59.383 Y138.656 F3000
M4 S300
G1 X65.536 Y138.656 F1000
M5
G0 X39.049 Y138.956 F3000
M4 S300
G1 X55.977 Y138.956 F1000
M5
G0 X59.740 Y138.956 F3000
M4 S300
G1 X65.179 Y138.956 F1000
M5
G0 X39.051 Y139.256 F3000
M4 S300
G1 X55.975 Y139.256 F1000
M5
G0 X60.191 Y139.256 F3000
M4 S300
G1 X64.728 Y139.256 F1000
M5
G0 X39.086 Y139.556 F3000
M4 S300
G1 X55.940 Y139.556 F1000
M5
G0 X60.806 Y139.556 F3000
M4 S300
G1 X64.113 Y139.556 F1000
M5
G0 X39.185 Y139.856 F3000
M4 S300
G1 X55.842 Y139.856 F1000
M5
G0 X62.132 Y139.856 F3000
M4 S300
G1 X62.786 Y139.856 F1000
M5
G0 X39.361 Y140.156 F3000
M4 S300
G1 X55.666 Y140.156 F1000
M5
G0 X39.652 Y140.456 F3000
M4 S300
G1 X55.374 Y140.456 F1000
M5
G0 X40.285 Y140.756 F3000
M4 S300
G1 X54.742 Y140.756 F1000
M5
G0 X38.000 Y149.000 F3000
M4 S200
G1 X39.200 Y149.000 F1500
M5
G0 X38.000 Y149.000 F3000
M4 S200
G1 X38.000 Y148.000 F1500
M5
G0 X38.000 Y148.000 F3000
M4 S200
G1 X38.000 Y147.000 F1500
M5
G0 X38.000 Y147.000 F3000
M4 S200
G1 X39.200 Y147.000 F1500
M5
G0 X39.200 Y148.000 F3000
M4 S200
G1 X39.200 Y147.000 F1500
M5
G0 X38.000 Y148.000 F3000
M4 S200
G1 X39.200 Y148.000 F1500
M5
G0 X39.600 Y148.000 F3000
M4 S200
G1 X40.800 Y148.000 F1500
M5
G0 X41.200 Y149.000 F3000
M4 S200
G1 X42.400 Y149.000 F1500
M5
G0 X42.400 Y149.000 F3000
M4 S200
G1 X42.400 Y148.000 F1500
M5
G0 X42.400 Y148.000 F3000
M4 S200
G1 X42.400 Y147.000 F1500
M5
G0 X41.200 Y147.000 F3000
M4 S200
G1 X42.400 Y147.000 F1500
M5
G0 X41.200 Y148.000 F3000
M4 S200
G1 X41.200 Y147.000 F1500
M5
G0 X41.200 Y149.000 F3000
M4 S200
G1 X41.200 Y148.000 F1500
M5
G0 X44.000 Y149.000 F3000
M4 S200
G1 X44.000 Y148.000 F1500
M5
G0 X44.000 Y148.000 F3000
M4 S200
G1 X44.000 Y147.000 F1500
M5
G0 X44.400 Y149.000 F3000
M4 S200
G1 X45.600 Y149.000 F1500
M5
G0 X44.400 Y149.000 F3000
M4 S200
G1 X44.400 Y148.000 F1500
M5
G0 X44.400 Y148.000 F3000
M4 S200
G1 X45.600 Y148.000 F1500
M5
G0 X45.600 Y148.000 F3000
M4 S200
G1 X45.600 Y147.000 F1500
M5
G0 X44.400 Y147.000 F3000
M4 S200
G1 X45.600 Y147.000 F1500
M5
G0 X2.624 Y140.794 F3000
M4 S300
G1 X16.402 Y140.794 F800
G1 X16.563 Y140.786 F800
G1 X16.720 Y140.762 F800
G1 X16.870 Y140.723 F800
G1 X17.015 Y140.670 F800
G1 X17.153 Y140.604 F800
G1 X17.283 Y140.525 F800
G1 X17.404 Y140.434 F800
G1 X17.516 Y140.332 F800
G1 X17.617 Y140.221 F800
G1 X17.708 Y140.099 F800
G1 X17.787 Y139.970 F800
G1 X17.853 Y139.832 F800
G1 X17.906 Y139.687 F800
G1 X17.945 Y139.536 F800
G1 X17.969 Y139.380 F800
G1 X17.977 Y139.219 F800
G1 X17.977 Y130.960 F800
G1 X1.049 Y130.960 F800
G1 X1.049 Y139.219 F800
G1 X1.057 Y139.380 F800
G1 X1.081 Y139.536 F800
G1 X1.120 Y139.687 F800
G1 X1.173 Y139.832 F800
G1 X1.239 Y139.969 F800
G1 X1.318 Y140.099 F800
G1 X1.409 Y140.220 F800
G1 X1.511 Y140.332 F800
G1 X1.622 Y140.434 F800
G1 X1.744 Y140.525 F800
G1 X1.873 Y140.604 F800
G1 X2.011 Y140.670 F800
G1 X2.156 Y140.723 F800
G1 X2.307 Y140.762 F800
G1 X2.463 Y140.786 F800
G1 X2.624 Y140.794 F800
G1 X2.624 Y140.794 F800
M5
G0 X28.951 Y135.416 F3000
M4 S300
G1 X28.929 Y134.979 F800
G1 X28.864 Y134.547 F800
G1 X28.757 Y134.122 F800
G1 X28.609 Y133.711 F800
G1 X28.420 Y133.315 F800
G1 X28.194 Y132.940 F800
G1 X27.931 Y132.589 F800
G1 X27.635 Y132.265 F800
G1 X27.309 Y131.971 F800
G1 X26.955 Y131.711 F800
G1 X26.577 Y131.486 F800
G1 X26.178 Y131.299 F800
G1 X25.763 Y131.152 F800
G1 X25.336 Y131.045 F800
G1 X24.900 Y130.981 F800
G1 X24.459 Y130.960 F800
G1 X24.019 Y130.981 F800
G1 X23.583 Y131.045 F800
G1 X23.156 Y131.152 F800
G1 X22.741 Y131.299 F800
G1 X22.342 Y131.486 F800
G1 X21.964 Y131.711 F800
G1 X21.610 Y131.971 F800
G1 X21.283 Y132.265 F800
G1 X20.987 Y132.589 F800
G1 X20.725 Y132.940 F800
G1 X20.498 Y133.315 F800
G1 X20.310 Y133.711 F800
G1 X20.161 Y134.122 F800
G1 X20.054 Y134.547 F800
G1 X19.990 Y134.979 F800
G1 X19.968 Y135.416 F800
G1 X19.990 Y135.853 F800
G1 X20.054 Y136.285 F800
G1 X20.161 Y136.709 F800
G1 X20.310 Y137.121 F800
G1 X20.498 Y137.516 F800
G1 X20.725 Y137.892 F800
G1 X20.987 Y138.243 F800
G1 X21.283 Y138.567 F800
G1 X21.610 Y138.861 F800
G1 X21.964 Y139.121 F800
G1 X22.342 Y139.346 F800
G1 X22.741 Y139.533 F800
G1 X23.156 Y139.680 F800
G1 X23.583 Y139.786 F800
G1 X24.019 Y139.851 F800
G1 X24.459 Y139.872 F800
G1 X24.900 Y139.851 F800
G1 X25.336 Y139.786 F800
G1 X25.763 Y139.680 F800
G1 X26.178 Y139.533 F800
G1 X26.577 Y139.346 F800
G1 X26.955 Y139.121 F800
G1 X27.309 Y138.861 F800
G1 X27.635 Y138.567 F800
G1 X27.931 Y138.243 F800
G1 X28.194 Y137.892 F800
G1 X28.420 Y137.516 F800
G1 X28.609 Y137.121 F800
G1 X28.757 Y136.709 F800
G1 X28.864 Y136.285 F800
G1 X28.929 Y135.853 F800
G1 X28.951 Y135.416 F800
M5
G0 X15.568 Y117.390 F3000
M4 S300
G1 X28.488 Y126.972 F800
G1 X28.633 Y127.098 F800
G1 X28.748 Y127.239 F800
G1 X28.835 Y127.391 F800
G1 X28.895 Y127.550 F800
G1 X28.928 Y127.714 F800
G1 X28.936 Y127.880 F800
G1 X28.919 Y128.044 F800
G1 X28.878 Y128.205 F800
G1 X28.815 Y128.357 F800
G1 X28.731 Y128.499 F800
G1 X28.626 Y128.628 F800
G1 X28.502 Y128.740 F800
G1 X28.359 Y128.833 F800
G1 X28.199 Y128.903 F800
G1 X28.022 Y128.947 F800
G1 X27.830 Y128.962 F800
G1 X2.192 Y128.962 F800
G1 X2.000 Y128.947 F800
G1 X1.823 Y128.903 F800
G1 X1.663 Y128.833 F800
G1 X1.520 Y128.740 F800
G1 X1.396 Y128.628 F800
G1 X1.291 Y128.499 F800
G1 X1.207 Y128.357 F800
G1 X1.144 Y128.205 F800
G1 X1.103 Y128.044 F800
G1 X1.086 Y127.880 F800
G1 X1.094 Y127.714 F800
G1 X1.127 Y127.550 F800
G1 X1.186 Y127.391 F800
G1 X1.273 Y127.239 F800
G1 X1.389 Y127.098 F800
G1 X1.534 Y126.972 F800
G1 X14.454 Y117.390 F800
G1 X14.517 Y117.347 F800
G1 X14.583 Y117.310 F800
G1 X14.651 Y117.278 F800
G1 X14.721 Y117.252 F800
G1 X14.792 Y117.232 F800
G1 X14.865 Y117.218 F800
G1 X14.937 Y117.209 F800
G1 X15.011 Y117.206 F800
G1 X15.084 Y117.209 F800
G1 X15.157 Y117.218 F800
G1 X15.229 Y117.232 F800
G1 X15.301 Y117.252 F800
G1 X15.370 Y117.278 F800
G1 X15.438 Y117.310 F800
G1 X15.504 Y117.347 F800
G1 X15.567 Y117.390 F800
G1 X15.568 Y117.390 F800
M5
G0 X14.504 Y117.356 F3000
M4 S300
G1 X15.518 Y117.356 F800
M5
G0 X14.095 Y117.656 F3000
M4 S300
G1 X15.927 Y117.656 F800
M5
G0 X13.691 Y117.956 F3000
M4 S300
G1 X16.331 Y117.956 F800
M5
G0 X13.286 Y118.256 F3000
M4 S300
G1 X16.736 Y118.256 F800
M5
G0 X12.882 Y118.556 F3000
M4 S300
G1 X17.140 Y118.556 F800
M5
G0 X12.477 Y118.856 F3000
M4 S300
G1 X17.545 Y118.856 F800
M5
G0 X12.073 Y119.156 F3000
M4 S300
G1 X17.949 Y119.156 F800
M5
G0 X11.668 Y119.456 F3000
M4 S300
G1 X18.354 Y119.456 F800
M5
G0 X11.264 Y119.756 F3000
M4 S300
G1 X18.758 Y119.756 F800
M5
G0 X10.859 Y120.056 F3000
M4 S300
G1 X19.163 Y120.056 F800
M5
G0 X10.455 Y120.356 F3000
M4 S300
G1 X19.567 Y120.356 F800
M5
G0 X10.050 Y120.656 F3000
M4 S300
G1 X19.972 Y120.656 F800
M5
G0 X9.646 Y120.956 F3000
M4 S300
G1 X20.376 Y120.956 F800
M5
G0 X9.241 Y121.256 F3000
M4 S300
G1 X20.781 Y121.256 F800
M5
G0 X8.836 Y121.556 F3000
M4 S300
G1 X21.185 Y121.556 F800
M5
G0 X8.432 Y121.856 F3000
M4 S300
G1 X21.590 Y121.856 F800
M5
G0 X8.027 Y122.156 F3000
M4 S300
G1 X21.994 Y122.156 F800
M5
G0 X7.623 Y122.456 F3000
M4 S300
G1 X22.399 Y122.456 F800
M5
G0 X7.218 Y122.756 F3000
M4 S300
G1 X22.803 Y122.756 F800
M5
G0 X6.814 Y123.056 F3000
M4 S300
G1 X23.208 Y123.056 F800
M5
G0 X6.409 Y123.356 F3000
M4 S300
G1 X23.612 Y123.356 F800
M5
G0 X6.005 Y123.656 F3000
M4 S300
G1 X24.017 Y123.656 F800
M5
G0 X5.600 Y123.956 F3000
M4 S300
G1 X24.421 Y123.956 F800
M5
G0 X5.196 Y124.256 F3000
M4 S300
G1 X24.826 Y124.256 F800
M5
G0 X4.791 Y124.556 F3000
M4 S300
G1 X25.230 Y124.556 F800
M5
G0 X4.387 Y124.856 F3000
M4 S300
G1 X25.635 Y124.856 F800
M5
G0 X3.982 Y125.156 F3000
M4 S300
G1 X26.040 Y125.156 F800
M5
G0 X3.578 Y125.456 F3000
M4 S300
G1 X26.444 Y125.456 F800
M5
G0 X3.173 Y125.756 F3000
M4 S300
G1 X26.849 Y125.756 F800
M5
G0 X2.769 Y126.056 F3000
M4 S300
G1 X27.253 Y126.056 F800
M5
G0 X2.364 Y126.356 F3000
M4 S300
G1 X27.658 Y126.356 F800
M5
G0 X1.960 Y126.656 F3000
M4 S300
G1 X28.062 Y126.656 F800
M5
G0 X1.555 Y126.956 F3000
M4 S300
G1 X28.467 Y126.956 F800
M5
G0 X1.264 Y127.256 F3000
M4 S300
G1 X28.758 Y127.256 F800
M5
G0 X1.126 Y127.556 F3000
M4 S300
G1 X28.896 Y127.556 F800
M5
G0 X1.087 Y127.856 F3000
M4 S300
G1 X28.935 Y127.856 F800
M5
G0 X1.131 Y128.156 F3000
M4 S300
G1 X28.890 Y128.156 F800
M5
G0 X1.265 Y128.456 F3000
M4 S300
G1 X28.757 Y128.456 F800
M5
G0 X1.545 Y128.756 F3000
M4 S300
G1 X28.477 Y128.756 F800
M5
G0 X1.049 Y131.156 F3000
M4 S300
G1 X17.977 Y131.156 F800
M5
G0 X23.143 Y131.156 F3000
M4 S300
G1 X25.776 Y131.156 F800
M5
G0 X1.049 Y131.456 F3000
M4 S300
G1 X17.977 Y131.456 F800
M5
G0 X22.406 Y131.456 F3000
M4 S300
G1 X26.513 Y131.456 F800
M5
G0 X1.049 Y131.756 F3000
M4 S300
G1 X17.977 Y131.756 F800
M5
G0 X21.903 Y131.756 F3000
M4 S300
G1 X27.016 Y131.756 F800
M5
G0 X1.049 Y132.056 F3000
M4 S300
G1 X17.977 Y132.056 F800
M5
G0 X21.516 Y132.056 F3000
M4 S300
G1 X27.403 Y132.056 F800
M5
G0 X1.049 Y132.356 F3000
M4 S300
G1 X17.977 Y132.356 F800
M5
G0 X21.200 Y132.356 F3000
M4 S300
G1 X27.719 Y132.356 F800
M5
G0 X1.049 Y132.656 F3000
M4 S300
G1 X17.977 Y132.656 F800
M5
G0 X20.937 Y132.656 F3000
M4 S300
G1 X27.981 Y132.656 F800
M5
G0 X1.049 Y132.956 F3000
M4 S300
G1 X17.977 Y132.956 F800
M5
G0 X20.715 Y132.956 F3000
M4 S300
G1 X28.203 Y132.956 F800
M5
G0 X1.049 Y133.256 F3000
M4 S300
G1 X17.977 Y133.256 F800
M5
G0 X20.534 Y133.256 F3000
M4 S300
G1 X28.385 Y133.256 F800
M5
G0 X1.049 Y133.556 F3000
M4 S300
G1 X17.977 Y133.556 F800
M5
G0 X20.384 Y133.556 F3000
M4 S300
G1 X28.535 Y133.556 F800
M5
G0 X1.049 Y133.856 F3000
M4 S300
G1 X17.977 Y133.856 F800
M5
G0 X20.257 Y133.856 F3000
M4 S300
G1 X28.661 Y133.856 F800
M5
G0 X1.049 Y134.156 F3000
M4 S300
G1 X17.977 Y134.156 F800
M5
G0 X20.153 Y134.156 F3000
M4 S300
G1 X28.766 Y134.156 F800
M5
G0 X1.049 Y134.456 F3000
M4 S300
G1 X17.977 Y134.456 F800
M5
G0 X20.077 Y134.456 F3000
M4 S300
G1 X28.842 Y134.456 F800
M5
G0 X1.049 Y134.756 F3000
M4 S300
G1 X17.977 Y134.756 F800
M5
G0 X20.023 Y134.756 F3000
M4 S300
G1 X28.896 Y134.756 F800
M5
G0 X1.049 Y135.056 F3000
M4 S300
G1 X17.977 Y135.056 F800
M5
G0 X19.986 Y135.056 F3000
M4 S300
G1 X28.933 Y135.056 F800
M5
G0 X1.049 Y135.356 F3000
M4 S300
G1 X17.977 Y135.356 F800
M5
G0 X19.971 Y135.356 F3000
M4 S300
G1 X28.948 Y135.356 F800
M5
G0 X1.049 Y135.656 F3000
M4 S300
G1 X17.977 Y135.656 F800
M5
G0 X19.980 Y135.656 F3000
M4 S300
G1 X28.939 Y135.656 F800
M5
G0 X1.049 Y135.956 F3000
M4 S300
G1 X17.977 Y135.956 F800
M5
G0 X20.005 Y135.956 F3000
M4 S300
G1 X28.914 Y135.956 F800
M5
G0 X1.049 Y136.256 F3000
M4 S300
G1 X17.977 Y136.256 F800
M5
G0 X20.050 Y136.256 F3000
M4 S300
G1 X28.869 Y136.256 F800
M5
G0 X1.049 Y136.556 F3000
M4 S300
G1 X17.977 Y136.556 F800
M5
G0 X20.123 Y136.556 F3000
M4 S300
G1 X28.796 Y136.556 F800
M5
G0 X1.049 Y136.856 F3000
M4 S300
G1 X17.977 Y136.856 F800
M5
G0 X20.214 Y136.856 F3000
M4 S300
G1 X28.704 Y136.856 F800
M5
G0 X1.049 Y137.156 F3000
M4 S300
G1 X17.977 Y137.156 F800
M5
G0 X20.327 Y137.156 F3000
M4 S300
G1 X28.592 Y137.156 F800
M5
G0 X1.049 Y137.456 F3000
M4 S300
G1 X17.977 Y137.456 F800
M5
G0 X20.470 Y137.456 F3000
M4 S300
G1 X28.449 Y137.456 F800
M5
G0 X1.049 Y137.756 F3000
M4 S300
G1 X17.977 Y137.756 F800
M5
G0 X20.643 Y137.756 F3000
M4 S300
G1 X28.276 Y137.756 F800
M5
G0 X1.049 Y138.056 F3000
M4 S300
G1 X17.977 Y138.056 F800
M5
G0 X20.848 Y138.056 F3000
M4 S300
G1 X28.071 Y138.056 F800
M5
G0 X1.049 Y138.356 F3000
M4 S300
G1 X17.977 Y138.356 F800
M5
G0 X21.091 Y138.356 F3000
M4 S300
G1 X27.828 Y138.356 F800
M5
G0 X1.049 Y138.656 F3000
M4 S300
G1 X17.977 Y138.656 F800
M5
G0 X21.383 Y138.656 F3000
M4 S300
G1 X27.536 Y138.656 F800
M5
G0 X1.049 Y138.956 F3000
M4 S300
G1 X17.977 Y138.956 F800
M5
G0 X21.740 Y138.956 F3000
M4 S300
G1 X27.179 Y138.956 F800
M5
G0 X1.051 Y139.256 F3000
M4 S300
G1 X17.975 Y139.256 F800
M5
G0 X22.191 Y139.256 F3000
M4 S300
G1 X26.728 Y139.256 F800
M5
G0 X1.086 Y139.556 F3000
M4 S300
G1 X17.940 Y139.556 F800
M5
G0 X22.806 Y139.556 F3000
M4 S300
G1 X26.113 Y139.556 F800
M5
G0 X1.185 Y139.856 F3000
M4 S300
G1 X17.842 Y139.856 F800
M5
G0 X24.132 Y139.856 F3000
M4 S300
G1 X24.786 Y139.856 F800
M5
G0 X1.361 Y140.156 F3000
M4 S300
G1 X17.666 Y140.156 F800
M5
G0 X1.652 Y140.456 F3000
M4 S300
G1 X17.374 Y140.456 F800
M5
G0 X2.285 Y140.756 F3000
M4 S300
G1 X16.742 Y140.756 F800
M5
G0 X0.000 Y149.000 F3000
M4 S200
G1 X1.200 Y149.000 F1500
M5
G0 X0.000 Y149.000 F3000
M4 S200
G1 X0.000 Y148.000 F1500
M5
G0 X0.000 Y148.000 F3000
M4 S200
G1 X0.000 Y147.000 F1500
M5
G0 X0.000 Y147.000 F3000
M4 S200
G1 X1.200 Y147.000 F1500
M5
G0 X1.200 Y148.000 F3000
M4 S200
G1 X1.200 Y147.000 F1500
M5
G0 X0.000 Y148.000 F3000
M4 S200
G1 X1.200 Y148.000 F1500
M5
G0 X1.600 Y148.000 F3000
M4 S200
G1 X2.800 Y148.000 F1500
M5
G0 X3.200 Y149.000 F3000
M4 S200
G1 X4.400 Y149.000 F1500
M5
G0 X4.400 Y149.000 F3000
M4 S200
G1 X4.400 Y148.000 F1500
M5
G0 X4.400 Y148.000 F3000
M4 S200
G1 X4.400 Y147.000 F1500
M5
G0 X3.200 Y147.000 F3000
M4 S200
G1 X4.400 Y147.000 F1500
M5
G0 X3.200 Y148.000 F3000
M4 S200
G1 X3.200 Y147.000 F1500
M5
G0 X3.200 Y149.000 F3000
M4 S200
G1 X3.200 Y148.000 F1500
M5
G0 X6.000 Y149.000 F3000
M4 S200
G1 X6.000 Y148.000 F1500
M5
G0 X6.000 Y148.000 F3000
M4 S200
G1 X6.000 Y147.000 F1500
M5
G0 X6.400 Y149.000 F3000
M4 S200
G1 X7.600 Y149.000 F1500
M5
G0 X6.400 Y149.000 F3000
M4 S200
G1 X6.400 Y148.000 F1500
M5
G0 X6.400 Y148.000 F3000
M4 S200
G1 X7.600 Y148.000 F1500
M5
G0 X6.400 Y148.000 F3000
M4 S200
G1 X6.400 Y147.000 F1500
M5
G0 X7.600 Y148.000 F3000
M4 S200
G1 X7.600 Y147.000 F1500
M5
G0 X6.400 Y147.000 F3000
M4 S200
G1 X7.600 Y147.000 F1500
M5
M5 ; laser apagado
G0 X0 Y0 ; volver al origen
